Family,Status,species,Authorityu,Reference,Year
Malvaceae,,Abutilon eremitopetalum,Caum,Occas. Pap. Bernice Pauahi Bishop Mus. 10(15): 7,1934
Malvaceae,,Abutilon incanum,(Link) Sweet,Hort. Brit. 1: 53,1826
Malvaceae,,Abutilon menziesii,Seem.,Fl. Vit. 15,1865
Fabaceae,!,Acacia confusa,Merr.,Philipp. J. Sci. 5(1): 27–28,1910
Fabaceae,!,Acacia farnesiana,(L.) Willd.,Sp. Pl. 4(2): 1083–1084,1806
Fabaceae,,Acacia kauaiensis,Hillebr.,Fl. Hawaiian Isl. 113,1888
Fabaceae,,Acacia koa,A. Gray,"U.S. Expl. Exped., Phan. 1: 480–481",1854
Fabaceae,,Acacia koaia,W. Hillebrand,Fl. Hawaiian Isl. 113,1888
Fabaceae,!,Acacia mearnsii,De Wild.,Pl. Bequaert. 3(1): 62–63,1925
Euphorbiaceae,!,Acalypha cuspidata,Jacq.,"Pl. Hort. Schoenbr. 2: 63, pl. 243",1797
Asteraceae,!,Acanthospermum hispidum,DC.,Prodr. 5: 522,1836
Araceae,,Adelonema wallisii,(Regel) S.Y. Wong & Croat,Syst. Bot. 41(1): 43,2016
Araucariaceae,,Agathis robusta,(C. Moore ex F. Muell.) F.M. Bailey,Syn. Queensl. Fl. 498,1883
Asparagaceae,!,Agave sisalana,Perrine ex Engelm.,"Trans. Acad. Sci. St. Louis 3: 305, 316, pl. 2–4",1875
Asteraceae,!,Ageratina adenophora,(Spreng.) R.M. King & H. Rob.,Phytologia 19(4): 211,1970
Asteraceae,!!,Ageratum conyzoides,L.,Sp. Pl. 2: 839,1753
Asteraceae,!,Ageratum houstonianum,Mill.,Gard. Dict. (ed. 8) no. 2,1768
Araceae,,Aglaonema commutatum,Schott,Syn. Aroid. 123,1856
Araceae,,Aglaonema crispum,(Pitcher & Manda) Nicolson,Baileya 15: 126,1968
Araceae,,Aglaonema marantifolium,Blume,Rumphia 1: 153,1837
Araceae,!,Aglaonema modestum,Schott ex Engl.,Monogr. Phan. 2: 442,1897
Araceae,*,Aglaonema oblongifolium,(Roxb.) Kunth,Enum. Pl. 3: 55,1841
Poaceae,,Agrostis avenacea,J.F. Gmel.,"Syst. Nat., ed. 13[bis] 2(1): 171",1791
Sapindaceae,,Alectryon macrococcus,Radlk.,,
Euphorbiaceae,!,Aleurites moluccanus,(L.) Willd.,Sp. Pl. 4(1): 590,1805
Apocynaceae,!,Allamanda schottii,Pohl,"Pl. Bras. Icon. Descr. 1: 73, pl. 58",1827
Sapindaceae,**,Allophylus cobbe,(L.) Raeusch.,Nomencl. Bot. (ed. 3) 108,1797
Didiereaceae,,Alluaudia dumosa,(Drake) Drake,Bull. Mus. Hist. Nat. (Paris) 9: 37,1903
Didiereaceae,,Alluaudia procera,(Drake) Drake,Bull. Mus. Hist. Nat. (Paris) 9: 37,1903
Araceae,!,Alocasia cucullata,(Lour.) G. Don,Hort. Brit. (ed. 3) 631,1839
Araceae,!,Alocasia macrorrhizos,(L.) G. Don,Hort. Brit. (ed. 3) 631,1839
Araceae,,Alocasia plumbea,Van Houtte,"Ann. Gén. Hort. 21: 93–94, pl. 2206",1875
Araceae,,Alocasia portei,Schott,Bonplandia (Hannover) 10: 148,1862
Rhamnaceae,,Alphitonia ponderosa,Hillebr.,,
Zingiberaceae,,Alpinia intermedia,Gagnep.,Bull. Soc. Bot. France 48: 83,1901
Zingiberaceae,,Alpinia pubiflora,(Benth.) K. Schum.,"Pflanzenr. IV, 46: 313",1904
Caryophyllaceae,,Alsinidendron obovatum,Sherff,Bot. Leafl. 3: 2,1951
Apocynaceae,,Alyxia oliviformis,Gaudich.,Voy. Uranie 451,1826
Apocynaceae,,Alyxia stellata,(J.R. Forst. & G. Forst.) Roem. & Schult.,Syst. Veg. (ed. 15 bis) 4: 439,1819
Amaranthaceae,!,Amaranthus brownii,Christophers. & Caum,Bernice P. Bishop Mus. Bull. 81: 25,1931
Lythraceae,!,Ammannia coccinea,Rottb.,Pl. Horti Univ. Rar. Progr. 7,1773
Araceae,**,Amorphophallus konjac,K. Koch,Berliner Allg. Gartenzeitung 166,1858
Anacardiaceae,,Amphipterygium adstringens,(Schltdl.) Standl.,Contr. U.S. Natl. Herb. 23(3): 673,1923
Araceae,,Amydrium humile,Schott,Ann. Mus. Bot. Lugduno-Batavi 1: 127,1863
Poaceae,,Andropogon glomeratus,"(Walter) Britton, Sterns & Poggenb.",Prelim. Cat. 67,1888
Poaceae,!,Andropogon virginicus,L.,Sp. Pl. 2: 1046,1753
Araceae,,Anthurium andraeanum,Linden,"Ill. Hort. 24: 43–44, pl. 271",1877
Araceae,,Anthurium aripoense,N.E. Br.,Bull. Torrey Bot. Club 51: 4,1924
Araceae,,Anthurium armeniense,Croat,"Ann. Missouri Bot. Gard. 70(2): 250–251, f. 9, 14",1983
Araceae,,Anthurium bakeri,Hook. f.,Bot. Mag. 102: t. 6261,1876
Araceae,,Anthurium brownii,Mast.,"Gard. Chron., n.s. 6: 744, f. 139–140",1876
Araceae,,Anthurium cerrobaulense,Matuda,Anales Inst. Biol. Univ. Nac. México 30: 112–113,1960
Araceae,,Anthurium clavigerum,Poepp.,Nov. Gen. Sp. Pl. 3: 84,1845
Araceae,,Anthurium crenatum,(L.) Kunth,Enum. Pl. 3: 75,1841
Araceae,,Anthurium crystallinum,Linden & André,"Cat. Général no. 90, p. 3–4, t. 128",1873
Araceae,!,Anthurium digitatum,(Jacq.) Schott,Wiener Z. Kunst 1829(100): 828,1829
Araceae,,Anthurium effusilobum,Croat,"Willdenowia 35: 346–348, f. 1a–d",2005
Araceae,,Anthurium flexile,Schott,Oesterr. Bot. Z. 8(6): 180,1858
Araceae,,Anthurium forgetii,N.E. Br.,"Gard. Chron., ser. 3 39: 161–162",1906
Araceae,,Anthurium gladiifolium,Schott,J. Bot. 1: 5,1863
Araceae,!,Anthurium gracile,(Rudge) Schott,Wiener Z. Kunst 1829(100): 828,1829
Araceae,,Anthurium harrisii,(Graham) G. Don,Hort. Brit. (ed. 3) 633,1839
Araceae,,Anthurium jenmanii,Engl.,Pflanzenr. IV. 23B(Heft 21): 72,1905
Araceae,!,Anthurium lilacinum,G.S. Bunting,Acta Bot. Venez. 10: 273,1975
Araceae,,Anthurium moodeanum,Croat,,
Araceae,,Anthurium nymphaeifolium,K. Koch & C.D. Bouché,Index Seminum (Berlin) 1854(App.): 9,1854
Araceae,,Anthurium olfersianum,Kunth,Enum. Pl. 3: 72,1841
Araceae,!,Anthurium pentaphyllum,(Aubl.) G. Don,Hort. Brit. (ed. 3) 633,1839
Araceae,,Anthurium plowmanii,Croat,Candollea 42(2): 811,1987
Araceae,,Anthurium polystictum,Sodiro,Anales Univ. Centr. Ecuador 19(137): 325,1905
Araceae,,Anthurium protensum,Schott,Oesterr. Bot. Z. 8(6): 181,1858
Araceae,,Anthurium ravenii,Croat & R.A. Baker,Brenesia 16(Supl. 1): 75–80,1979
Araceae,,Anthurium scandens,(Aubl.) Engl.,Fl. Bras. 3(2): 78,1878
Araceae,,Anthurium scherzerianum,Schott,Oesterr. Bot. Wochenbl. 7(7): 54,1857
Araceae,!,Anthurium spectabile,Schott,Oesterr. Bot. Z. 8(6): 181,1858
Araceae,,Anthurium supianum,Engl.,Bot. Jahrb. Syst. 25: 438,1898
Araceae,,Anthurium upalaense,Croat & R.A. Baker,Brenesia 16(Supl. 1): 97–100,1979
Phyllanthaceae,,Antidesma platyphyllum,H. Mann,Proc. Amer. Acad. Arts 7: 202,1867
Araceae,,Anubias barteri,Schott,Prodr. Syst. Aroid. 159,1860
Araucariaceae,,Araucaria columnaris,(J.R. Forst.) Hook.,"Bot. Mag. 78: , t. 4635",1852
Araucariaceae,!,Araucaria cunninghamii,Aiton ex D. Don,"Descr. Pinus (ed. 2) 3, pl. 79",1837
Primulaceae,,Ardisia crenata,Sims,Bot. Mag. 45: pl. 1950,1817
Primulaceae,!,Ardisia elliptica,Thunb.,Nov. Gen. Pl. 8: 119,1798
Primulaceae,!,Ardisia humilis,Vahl,Symb. Bot. 3: 40-41,1794
Primulaceae,*,Ardisia solanacea,Roxb.,Fl. Ind. 1: 580,1832
Arecaceae,,Arenga undulatifolia,Becc.,,
Convolvulaceae,,Argyreia nervosa,(Burm. f.) Bojer,Hortus Maurit. 224,1837
Bignoniaceae,,Arrabidaea selloi,(Spreng.) Sandwith,Kew Bull. 8(4): 461,1953 [1954]
Annonaceae,!,Artabotrys hexapetalus,(L. f.) Bhandari,Baileya 12(4): 147,1964
Annonaceae,,Artabotrys uncinatus,(Lam.) Merr.,Philipp. J. Sci. 7(4): 234,1912
Asteraceae,,Artemisia australis,Less.,Linnaea 6: 522,1831
Melastomataceae,!,Arthrostemma ciliatum,Pav. ex D. Don,Mem. Wern. Nat. Hist. Soc. 4: 299,1823
Moraceae,,Artocarpus altilis,(Parkinson) Fosberg,J. Washington Acad. Sci. 31(3): 95,1941
Moraceae,!,Artocarpus heterophyllus,Lam.,Encycl. 3: 209,1789
Orchidaceae,,Arundina graminifolia,(D. Don) Hochr.,Bull. New York Bot. Gard. 6: 270,1910
Acanthaceae,!,Asystasia gangetica,(L.) T. Anderson,Enum. Pl. Zeyl. 235–236,1860
Oxalidaceae,,Averrhoa bilimbi,L.,Sp. Pl. 1: 428,1753
Poaceae,,Axonopus affinis,Chase,"J. Washington Acad. Sci. 28: 180, f. 1–2",1938
Poaceae,,Axonopus compressus,(Sw.) P. Beauv.,"Ess. Agrostogr. 12, 154, 167",1812
Poaceae,!,Axonopus fissifolius,(Raddi) Kuhlm.,"Comm. Lin. Telegr., Bot. 67(11): 87",1922
Arecaceae,,Bactris militaris,H.E. Moore,"Gentes Herbarum 8(3): 229–232, f. 88, 94–95",1951
Malpighiaceae,,Banisteriopsis caapi,(Spruce ex Griseb.) C.V. Morton,J. Washington Acad. Sci. 21(20): 486,1931
Lecythidaceae,!,Barringtonia racemosa,(L.) Spreng.,Syst. Veg. [Sprengel] 3: 127,1826
Bataceae,,Batis maritima,L.,Syst. Nat. (ed. 10) 2: 1289,1759
Begoniaceae,,Begonia hirtella,Link,Enum. Pl. Hort. Berol. Alt. 2: 396,1822
Asteraceae,!,Bellis perennis,L.,Sp. Pl. 2: 886,1753
Asteraceae,,Bidens amplectens,Sherff,,
Asteraceae,,Bidens halawana,O. Deg. & Sherff,Bot. Gaz. 94: 589,1933
Asteraceae,,Bidens laevis,"(L.) Britton, Sterns & Poggenb.",Prelim. Cat. 29,1888
Asteraceae,,Bidens macrocarpa,Sherff,,
Asteraceae,,Bidens menziesii,Sherff,,
Asteraceae,!,Bidens pilosa,L.,Sp. Pl. 2: 832,1753
Asteraceae,,Bidens sandvicensis,Less.,,
Bromeliaceae,!,Billbergia saundersii,hort. ex Dombrain,Floric. Mag. & Misc. Gard. 2: t. 106,1871
Asteraceae,!,Blumea sinuata,(Lour.) Merr.,"Trans. Amer. Philos. Soc., n.s. 24: 388",1935
Rubiaceae,,Bobea brevipes,A. Gray,Proc. Amer. Acad. Arts 4: 36,1860
Rubiaceae,,Bobea elatior,Gaudich.,,
Urticaceae,!,Boehmeria nivea,(L.) Gaudich.,Voy. Uranie 499–500,1826
Cyperaceae,!,Bolboschoenus maritimus,(L.) Palla,Syn. Deut. Schweiz. Fl. (ed. 3) 3: 2531,1905
Convolvulaceae,!!,Bonamia menziesii,A. Gray,Proc. Amer. Acad. Arts 5: 337,1862
Scrophulariaceae,,Bontia daphnoides,L.,"Sp. Pl. 2: 638 [as ""938""]",1753
Poaceae,!,Bothriochloa barbinodis,(Lag.) Herter,Revista Sudamer. Bot. 6(5–6): 135,1940
Malvaceae,!,Brachychiton acerifolius,(A. Cunn.) Macarthur & C. Moore,Cat. Coll. Bois Indig. 6,1855
Brassicaceae,!,Brassica juncea,(L.) Czern.,Consp. Pl. Charc. 8,1859
Campanulaceae,,Brighamia insignis,A. Gray,Proc. Am. Acad. 7: 185,1867
Campanulaceae,,Brighamia rockii,H. St. John,Bot. J. Linn. Soc. 62. 196,1969
Poaceae,!,Briza maxima,L.,Sp. Pl. 1: 70,1753
Poaceae,!,Briza minor,L.,Sp. Pl. 1: 70,1753
Moraceae,,Brosimum alicastrum,Sw.,Prodr. 12,1788
Hydrangeaceae,,Broussaisia arguta,Gaudich.,"Voy. Uranie 479, t. 69",1830
Scrophulariaceae,,Buddleja asiatica,Lour.,Fl. Cochinch. 1: 72,1790
Scrophulariaceae,,Buddleja davidii,Franch.,"Nouv. Arch. Mus. Hist. Nat., sér. 2 10: 65–66",1886-1887
Fabaceae,!,Caesalpinia bonduc,(L.) Roxb.,Fl. Ind. 2: 362,1832
Fabaceae,,Caesalpinia kavaiensis,H. Mann,Proc. Amer. Acad. Arts 7: 164,1867
Fabaceae,!,Cajanus cajan,(L.) Huth,Helios 11(8): 133,1893
Marantaceae,,Calathea crotalifera,S. Watson,Proc. Amer. Acad. Arts 24: 86,1889
Fabaceae,,Calliandra riparia,Pittier,Arb. Arbust. Venez. 6–8: 80,1927
Asteraceae,!,Calyptocarpus vialis,Less.,Syn. Gen. Compos. 221,1832
Nyssaceae,,Camptotheca acuminata,Decne.,Bull. Soc. Bot. France 20: 157,1873
Fabaceae,!,Canavalia cathartica,Thouars,J. Bot. Agric. 1: 81,1813
Fabaceae,!,Canavalia ensiformis,(L.) DC.,Prodr. 2: 404,1825
Fabaceae,!,Canavalia galeata,Gaudich.,Voy. Uranie 12: 486,1830
Fabaceae,!,Canavalia hawaiiensis,"O. Deg., I. Deg. & J.D. Sauer",Fl. Hawaiiensis 169C,1962
Fabaceae,!,Canavalia kauaiensis,J.D. Sauer,"Brittonia 16(2): 176–177, f. 25",1964
Fabaceae,!,Canavalia kauensis,H. St. John,Pacific Sci. 26(4): 409–414,1972
Fabaceae,!,Canavalia maritima,Thouars,J. Bot. Agric. 1: 80–81,1813
Fabaceae,,Canavalia mauiensis,H. St. John,Phytologia 64(3): 178,1988
Fabaceae,!,Canavalia molokaiensis,"O. Deg., I. Deg. & Sauer","Fl. Hawaiiensis 169C, f. sn",1962
Fabaceae,!,Canavalia pubescens,Hook. & Arn.,Bot. Beechey Voy. 81,1841 [1832]
Fabaceae,!,Canavalia rosea,(Sw.) DC.,Prodr. 2: 404,1825
Fabaceae,!,Canavalia sericea,A. Gray,"U.S. Expl. Exped., Phan. 1: 440",1854
Fabaceae,!,Canavalia virosa,(Roxb.) Wight & Arn.,Prodr. Fl. Ind. Orient. 1: 253,1834
Cannabaceae,,Cannabis sativa,L.,Sp. Pl. 2: 1027,1753
Rubiaceae,,Canthium odoratum,(G. Forst.) Seem.,Fl. Vit. 4: 132,1866
Sapindaceae,,Cardiospermum halicacabum,L.,Sp. Pl. 1: 366–367,1753
Asteraceae,!,Carduus pycnocephalus,L.,Sp. Pl. (ed. 2) 2: 1151,1763
Cyperaceae,,Carex hawaiiensis,H. St. John,"Pacific Sci. 37(1): 25, f. 1",1983
Cyperaceae,,Carex longii,Mack.,Bull. Torrey Bot. Club 49(12): 373,1922 [1923]
Cyperaceae,,Carex subfusca,W. Boott,Bot. California 2: 234,1880
Cyperaceae,,Carex wahuensis,C.A. Mey.,"Mém. Acad. Imp. Sci. St.-Pétersbourg Divers Savans 1: 218, pl. 10",1831
Caricaceae,,Carica papaya,L.,Sp. Pl. 2: 1036,1753
Fabaceae,,Cassia bicapsularis,L.,Sp. Pl. 1: 376,1753
Fabaceae,,Cassia didymobotrya,Fresen.,Flora 22(1): 53,1839
Fabaceae,*,Cassia excelsa,Kunth,Nov. Gen. Sp. (folio ed.) 6: 267,1823 [1824]
Fabaceae,!,Cassia fistula,L.,Sp. Pl. 1: 377–378,1753
Fabaceae,!,Cassia fruticosa,Mill.,Gard. Dict. (ed. 8) no. 10,1768
Fabaceae,,Cassia gaudichaudii,Hook. & Arn.,Bot. Beechey Voy. 81–82,1841 [1832]
Fabaceae,!,Cassia javanica,L.,Sp. Pl. 1: 379,1753
Celastraceae,,Cassine orientalis,(Jacq.) Kuntze,Revis. Gen. Pl. 1: 114,1891
Lauraceae,!,Cassytha filiformis,L.,Sp. Pl. 1: 35–36,1753
Orobanchaceae,,Castilleja arvensis,Schltdl. & Cham.,Linnaea 5: 103,1830
Casuarinaceae,!,Casuarina equisetifolia,L.,Amoen. Acad. 4: 143,1759
Bignoniaceae,,Catalpa longissima,(Jacq.) Dum. Cours.,Bot. Cult. 2: 190,1802
Celastraceae,!,Catha edulis,(Vahl) Forssk. ex Endl.,Ench. Bot. 575,1841
Urticaceae,,Cecropia obtusifolia,Bertol.,Nuovi Ann. Sci. Nat. 3: 141,1840
Malvaceae,,Ceiba pentandra,(L.) Gaertn.,"Fruct. Sem. Pl. 2(2): 244, pl. 133, f. 1",1791
Poaceae,,Cenchrus agrimonioides,Trin.,Gram. Panic. 72,1826
Poaceae,,Cenchrus clandestinus,(Hochst. ex Chiov.) Morrone,"Ann. Bot. (Oxford), n.s. 106: 127",2010
Poaceae,!,Cenchrus echinatus,L.,Sp. Pl. 2: 1050,1753
Poaceae,,Cenchrus fusiformis,Nees & Meyen,Gramineae 38,1841
Poaceae,,Cenchrus hillebrandianus,Hitchc.,"Mem. Bernice Pauahi Bishop Mus. 8(3): 211, f. 106",1922
Poaceae,,Cenchrus polystachios,(L.) Morrone,"Ann. Bot. (Oxford), n.s. 106: 129",2010
Poaceae,,Cenchrus purpureus,(Schumach.) Morrone,"Ann. Bot. (Oxford), n.s. 106: 129",2010
Poaceae,,Cenchrus setaceus,(Forssk.) Morrone,"Ann. Bot. (Oxford), n.s. 106: 129",2010
Apocynaceae,,Cerbera odollam,Gaertn.,Fruct. Sem. Pl. 2(2): 193,1791
Solanaceae,!,Cestrum nocturnum,L.,Sp. Pl. 1: 191,1753
Fabaceae,!,Chamaecrista nictitans,(L.) Moench,Methodus 272,1794
Euphorbiaceae,,Chamaesyce halemanui,(Sherff) Croizat & O. Deg.,Fl. Hawaiiensis Fam. 190(Chamaesyce): part 4,1936
Amaranthaceae,,Charpentiera densiflora,Sohm.,,
Amaranthaceae,,Charpentiera ovata,Gaudich.,"Voy. Uranie 444, t. 47",1826 [1829]
Araliaceae,,Cheirodendron fauriei,Hochr.,Candollea 2: 487,1925
Amaranthaceae,,Chenopodium oahuense,Aellen,,
Chloranthaceae,,Chloranthus spicatus,(Thunb.) Makino,Bot. Mag. (Tokyo) 16(188): 180,1902
Poaceae,,Chloris ciliata,Sw.,Prodr. 25,1788
Poaceae,,Chloris divaricata,R. Br.,Prodr. 186,1810
Poaceae,!,Chloris gayana,Kunth,"Révis. Gramin. 1: 293, pl. 58",1830
Poaceae,!,Chloris inflata,Link,Enum. Pl. Hort. Berol. Alt. 1: 105,1821
Poaceae,!,Chloris radiata,(L.) Sw.,Prodr. 26,1788
Poaceae,,Chloris truncata,R. Br.,Prodr. 186,1810
Poaceae,!,Chloris virgata,Sw.,Fl. Ind. Occid. 1: 203,1797
Asparagaceae,!,Chlorophytum comosum,(Thunb.) Jacques,J. Soc. Imp. Centr. Hort. 8: 345,1862
Poaceae,!,Chrysopogon aciculatus,(Retz.) Trin.,Fund. Agrost. 188,1820
Lauraceae,,Cinnamomum burmannii,(Nees & T. Nees) Blume,Bijdr. Fl. Ned. Ind. (11): 569,1825 [1826]
Lauraceae,,Cinnamomum verum,J. Presl,"Prir. Rostlin 2(2): 36, 37–44",1825
Verbenaceae,!,Citharexylum caudatum,L.,Sp. Pl. (ed. 2) 2: 872,1763
Rutaceae,,Citrus sinensis,(L.) Osbeck,Reise Ostindien 250–251,1765
Euphorbiaceae,,Claoxylon helleri,Sherff,Amer. J. Bot. 24: 88,1937
Euphorbiaceae,,Claoxylon sandwicense,Müll. Arg.,Linnaea 34: 165,1865
Campanulaceae,,Clermontia clermontioides,A. Heller,,
Campanulaceae,,Clermontia fauriei,H. Lév.,Repert. Spec. Nov. Regni Veg. 10: 156,1912 [1911]
Campanulaceae,,Clermontia hawaiiensis,Rock,,
Campanulaceae,,Clermontia kakeana,Meyen.,,
Campanulaceae,,Clermontia persicifolia,Gaudich.,Voy. Uranie 459t. 72,1826
Lamiaceae,,Clerodendrum chinense,(Osbeck) Mabb.,Pl.-Book (corr. repr. 1989) 707,1989
Lamiaceae,,Clerodendrum macrostegium,Schauer,Prodr. 11: 666,1847
Melastomataceae,,Clidemia hirta,(L.) D. Don,Mem. Wern. Nat. Hist. Soc. 4: 309,1823
Poaceae,!,Coix lacryma-jobi,L.,Sp. Pl. 2: 972,1753
Araceae,,Colocasia esculenta,(L.) Schott,Melet. Bot. 18,1832
Rhamnaceae,!,Colubrina asiatica,(L.) Brongn.,Mém. Fam. Rhamnées 62,1826
Rhamnaceae,,Colubrina oppositifolia,Brongn. ex H. Mann,Proc. Amer. Acad. Arts 7: 161,1867
Commelinaceae,,Commelina diffusa,Burm. f.,"Fl. Indica 18, pl. 7, f. 2",1768
Rubiaceae,,Coprosma elliptica,W.R.B. Oliv.,,
Rubiaceae,,Coprosma ernodeoides,A. Gray,,
Rubiaceae,,Coprosma kauensis,A. Heller,,
Rubiaceae,,Coprosma montana,Hillebr.,,
Rubiaceae,,Coprosma ochracea,W.R.B. Oliv.,,
Rubiaceae,,Coprosma waimeae,Wawra,,
Cordiaceae,,Cordia subcordata,Lam.,Tabl. Encycl. 1: 421,1792
Cordiaceae,,Cordia subpubescens,Decne.,Herb. Timor. 67,
Asparagaceae,!,Cordyline fruticosa,(L.) A. Chev.,Jard. Bot. Saigon 66,1919
Asparagaceae,,Cordyline terminalis,(L.) Kunth,Abh. Königl. Akad. Wiss. Berlin 30,1820
Corynocarpaceae,,Corynocarpus laevigatus,J.R. Forst. & G. Forst.,Char. Gen. Pl. 1: 16,1775
Asteraceae,!,Cosmos caudatus,Kunth,Nov. Gen. Sp. (folio ed.) 4: 188,1820 [1818]
Costaceae,,Costus productus,Gleason ex Maas,Acta Bot. Neerl. 24(5–6): 472,1975 [1976]
Rosaceae,,Cotoneaster pannosus,Franch.,Pl. Delavay. 223–224,1890
Lecythidaceae,,Couroupita guianensis,Aubl.,"Hist. Pl. Guiane 2: 708–12, pl. 282",1775
Hypericaceae,*,Cratoxylon formosum,Benth. & Hook. f. ex Dyer,Fl. Brit. India 1: 258,
Fabaceae,!,Crotalaria assamica,Benth.,London J. Bot. 2: 481,1843
Fabaceae,!,Crotalaria incana,L.,Sp. Pl. 2: 716,1753
Fabaceae,!,Crotalaria lanceolata,E. Mey.,Comm. Pl. Afr. Austr. 24–25,1836
Fabaceae,!,Crotalaria micans,Link,Enum. Pl. Hort. Berol. Alt. 2: 228–229,1822
Fabaceae,!,Crotalaria spectabilis,Roth,Nov. Pl. Sp. 341–342,1821
Euphorbiaceae,,Croton megalocarpus,Hutch.,Fl. Trop. Afr. 6(1): 760,1912
Cupressaceae,,Cryptomeria japonica,(Thunb. ex L. f.) D. Don,"Trans. Linn. Soc. London 18: 167, pl. 13, f. 1",1839
Marantaceae,,Ctenanthe burle-marxii,H. Kenn.,"Canad. J. Bot. 60(11): 2367–2370, f. 2",1982
Lythraceae,,Cuphea carthagenensis,(Jacq.) J.F. Macbr.,"Publ. Field Mus. Nat. Hist., Bot. Ser. 8(2): 124",1930
Cupressaceae,,Cupressus arizonica,Greene,Bull. Torrey Bot. Club 9(5): 64–65,1882
Convolvulaceae,,Cuscuta sandwichiana,Choisy,"Mém. Soc. Phys. Genève 9: 280, pl. 5. f. 4",1841
Campanulaceae,,Cyanea duvalliorum,Lammers & H. Oppenh.,"Novon 14(1): 89–91, f. 2",2004
Campanulaceae,,Cyanea maritae,Lammers & H. Oppenh.,"Novon 14(1): 92–93, f. 3",2004
Campanulaceae,,Cyanea minutiflora,Lammers,"Novon 14(1): 98–99, f. 4C",2004
Campanulaceae,,Cyanea palakea,C.N. Forbes,Occas. Pap. Bernice Pauahi Bishop Mus. 6(3): 72,1916
Campanulaceae,,Cyanea pinnatifida,E. Wimm.,Pflanzenr.,1943
Campanulaceae,,Cyanea platyphylla,(A. Gray) Hillebr.,Fl. Hawaiian Isl. 264,1888
Campanulaceae,,Cyanea superba,(Cham.) A. Gray,Proc. Amer. Acad. Arts 5: 149,1861
Poaceae,,Cymbopogon refractus,(R. Br.) A. Camus,Rev. Bot. Appl. Agric. Colon. 1: 279,1921
Cyperaceae,!,Cyperus esculentus,L.,Sp. Pl. 1: 45,1753
Cyperaceae,,Cyperus polystachyos,Rottb.,Descr. Pl. Rar. 21,1772
Cyperaceae,,Cyperus sandwicensis,Kük.,,
Gesneriaceae,,Cyrtandra calpidicarpa,H. St. John & Storey,,
Gesneriaceae,,Cyrtandra cordifolia,Gaudich.,"Freyc. Voy. Bot. 446–447, t. 56",1829
Gesneriaceae,,Cyrtandra ferripilosa,H. St. John,Phytologia 63(3): 497,1987
Gesneriaceae,,Cyrtandra garnotiana,Gaudich.,,
Gesneriaceae,,Cyrtandra gayana,A. Heller,,
Gesneriaceae,,Cyrtandra grayana,Hillebr.,,
Gesneriaceae,,Cyrtandra grayi,C.B. Clarke,,
Gesneriaceae,,Cyrtandra kauaiensis,Wawra,,
Gesneriaceae,,Cyrtandra lessoniana,Gaudich.,,
Gesneriaceae,*,Cyrtandra longifolia,Hillebr.,,
Gesneriaceae,,Cyrtandra nanawaleensis,H. St. John,Phytologia 63(3): 500,1987
Gesneriaceae,,Cyrtandra pogonantha,A. Gray,Proc. Amer. Acad. Arts 6: 40,1862
Gesneriaceae,,Cyrtandra procera,Hillebr.,,
Gesneriaceae,,Cyrtandra samoensis,A. Gray,Proc. Amer. Acad. Arts 6: 39,1862
Gesneriaceae,,Cyrtandra wagneri,Lorence & Perlman,"Novon 17(3): 357–361, 1",2007
Gesneriaceae,,Cyrtandra wainihaensis,H. Lév.,,
Gesneriaceae,,Cyrtandra wawrae,C.B. Clarke,Monogr. Phan. 5(1): –228,1883
Poaceae,,Danthonia spicata,(L.) P. Beauv. ex Roem. & Schult.,Syst. Veg. (ed. 15 bis) 2: 690,1817
Campanulaceae,,Delissea subcordata,Gaudich.,,
Fabaceae,,Desmodium sandwicense,E. Mey.,Cat. Sem. Hort. Regiom. 4,1850
Poaceae,,Deyeuxia expansa,Munro ex Hillebr.,Fl. Hawaiian Isl. 519,1888
Asphodelaceae,,Dianella sandwicensis,Hook. & Arn.,Bot. Beechey Voy. 83,1841 [1832]
Poaceae,,Dichanthelium conjugens,(Skottsb.) C.A. Clark & Gould,Brittonia 30: 57,1978
Poaceae,,Dichanthelium cynodon,(Reichardt) C.A. Clark & Gould,Brittonia 30: 58,1978
Poaceae,,Dichanthelium forbesii,(Hitchc.) C.A. Clark & Gould,Brittonia 30(1): 58,1978
Poaceae,,Dichanthelium hillebrandianum,(Hitchc.) C.A. Clark & Gould,Brittonia 30(1): 57,1978
Poaceae,,Dichanthelium isachnoides,(Munro ex Hillebrand) C.A. Clark & Gould,Brittonia 30: 57,1978
Poaceae,,Dichanthelium koolauense,(H. St. John & Hosaka) C.A. Clark & Gould,Brittonia 30: 58,1978
Araceae,,Dieffenbachia memoria-corsii,Fenzi,Bull. Reale Soc. Tosc. Ortic. 5: 104,1880
Araceae,,Dieffenbachia oerstedii,Schott,Oesterr. Bot. Z. 8: 179,1858
Araceae,**,Dieffenbachia seguine,(Jacq.) Schott,Melet. Bot. 1: 20,1832
Araceae,!,Dieffenbachia seguine,(Jacq.) Schott,Wiener Z. Kunst 3: 803,1829
Poaceae,,Digitaria decumbens,Stent,Bothalia 3(1): 150,1930
Poaceae,!,Digitaria fuscescens,(J. Presl) Henrard,Meded. Rijks-Herb. 61: 8,1930
Poaceae,!,Digitaria insularis,(L.) Fedde,"Just's Bot. Jahresber. 31(1, 5): 778",1904
Poaceae,!,Digitaria violascens,Link,Hort. Berol. [Link] 1: 229,1827
Dilleniaceae,,Dillenia indica,L.,Sp. Pl. 1: 535,1753
Dilleniaceae,,Dillenia suffruticosa,(Griff. ex Hook. f. & Thomson) Martelli,Malesia 3(3): 163,1886-1890 [1887]
Fabaceae,,Dioclea violacea,Mart. ex Benth.,Comm. Legum. Gen. 69,1837
Fabaceae,!,Dioclea wilsonii,Standl.,"Publ. Field Mus. Nat. Hist., Bot. Ser. 4(8): 310–311",1929
Ebenaceae,,Diospyros samoensis,A. Gray,Proc. Amer. Acad. Arts 5: 326,1861
Ebenaceae,,Diospyros sandwicensis,(A. DC.) Fosberg,Occas. Pap. Bernice Pauahi Bishop Mus. 12(15): 8,1936
Melastomataceae,!,Dissotis rotundifolia,(Sm.) Triana,Trans. Linn. Soc. London 28(1): 58,1871 [1872]
Sapindaceae,!,Dodonaea viscosa,Jacq.,Enum. Syst. Pl. 19,1760
Bignoniaceae,,Dolichandra unguis-cati,(L.) L.G. Lohmann,Nuevo Cat. Fl. Vasc. Venez. 273,2008
Malvaceae,,Dombeya ferruginea,Cav.,"Diss. 3: 128, pl. 42, f. 2",1787
Asparagaceae,,Dracaena aurea,H. Mann,Proc. Amer. Acad. Arts 7: 207,1867
Droseraceae,,Drosera anglica,Huds.,Fl. Angl. (ed. 2) 1: 135–136,1778
Droseraceae,,Drosera brevifolia,Pursh,Fl. Amer. Sept. 1: 211,1814 [1813]
Asteraceae,,Dubautia carrii,B.G. Baldwin & E. A. Friar,"Novon 20(1): 2–5, fig. 2",2010
Asteraceae,,Dubautia menziesii,D.D. Keck,,
Asteraceae,,Dubautia platyphylla,(A. Gray) D.D. Keck,Occas. Pap. Bernice Pauahi Bishop Mus. 11(19): 28,1936
Asteraceae,,Dubautia raillardiodes,Hillebr.,Fl. Hawaiian Isl. 224,1888
Asteraceae,,Dubautia syndetica,G.D. Carr & Lorence,"Novon 8(1): 4, f. 1",1998
Asteraceae,!,Eclipta prostrata,(L.) L.,Mant. Pl. 2: 286,1771
Elaeocarpaceae,,Elaeocarpus angustifolius,Blume,Bijdr. Fl. Ned. Ind. (3): 120,1825
Cyperaceae,,Eleocharis obtusa,(Willd.) Schult.,Mant. 2: 89,1824
Cyperaceae,!,Eleocharis radicans,(Poir.) Kunth,Enum. Pl. 2: 142,1837
Poaceae,!,Eleusine indica,(L.) Gaertn.,Fruct. Sem. Pl. 1: 8,1788
Primulaceae,,Embelia pacifica,Hillebr.,Fl. Hawaiian Isl. 282,1888
Asteraceae,!,Emilia sonchifolia,(L.) DC.,Contr. Bot. India 24,1834
Zamiaceae,,Encephalartos pterogonus,R.A. Dyer & Verdoorn,,
Fabaceae,,Entada gigas,(L.) Fawc. & Rendle,Fl. Jamaica 4: 124,1920
Cactaceae,,Epiphyllum phyllanthus,(L.) Haw.,Syn. Pl. Succ. 197,1812
Araceae,!,Epipremnum pinnatum,(L.) Engl.,Pflanzenr. IV. 23B(Heft 37): 60,1908
Poaceae,!,Eragrostis cilianensis,(All.) Vignolo ex Janch.,"Mitt. Naturwiss. Vereins Univ. Wien, n.s. 5(9): 110",1907
Poaceae,,Eragrostis coerulea,Hillebr. ex Jedwabn.,Bot. Arch. 5(3–4): 213,1924
Poaceae,,Eragrostis deflexa,Hitchc.,"Mem. Bernice Pauahi Bishop Mus. 8(3): 131, f. 18",1922
Poaceae,,Eragrostis fosbergii,Whitney,"Occas. Pap. Bernice Pauahi Bishop Mus. 13(8): 75, f. 1",1937
Poaceae,,Eragrostis hosakai,O. Deg.,Fl. Hawaiiensis 4: Family 47 (Eragrostis) Book 4,1940
Poaceae,,Eragrostis leptophylla,Hitchc.,"Mem. Bernice Pauahi Bishop Mus. 8(3): 133, f. 21",1922
Poaceae,,Eragrostis mexicana,(Hornem.) Link,Hort. Berol. [Link] 1: 190,1827
Poaceae,,Eragrostis niihauensis,Whitney,"Occas. Pap. Bernice Pauahi Bishop Mus. 12(5): 6, f. 2",1936
Poaceae,,Eragrostis paupera,Jedwabn.,Bot. Arch. 5(3–4): 214,1924
Poaceae,!,Eragrostis tenella,(L.) P. Beauv.,Syst. Veg. [Sprengel] 2: 576,1817
Asteraceae,!,Erechtites valerianifolius,(Link ex Spreng.) DC.,Prodr. 6: 295,1837 [1838]
Asteraceae,,Erigeron bellioides,DC.,Prodr. 5: 288,1836
Asteraceae,!,Erigeron karvinskianus,DC.,Prodr. 5: 285,1836
Asteraceae,,Erigeron multiflorus,Hook. & Arn.,Bot. Beechey Voy. 87,1841 [1832]
Poaceae,,Eriochloa pacifica,Mez,Bot. Jahrb. Syst. 56(Beibl. 125): 11,1921
Fabaceae,!,Erythrina americana,Mill.,Gard. Dict. (ed. 8) no. 5,1768
Fabaceae,!,Erythrina atitlanensis,Krukoff & Barneby,"Mem. New York Bot. Gard. 20(2): 162–164, f. 3",1970
Fabaceae,!,Erythrina berenices,Krukoff & Barneby,Phytologia 27(2): 120,1973
Fabaceae,!,Erythrina berteroana,Urb.,Symb. Antill. 5(3): 370,1908
Fabaceae,!,Erythrina crista-galli,L.,Syst. Nat. (ed. 12) 2: 437–100,1767
Fabaceae,!,Erythrina elenae,R.A. Howard & W.R. Briggs,J. Arnold Arbor. 34: 183,1953
Fabaceae,!,Erythrina folkersii,Krukoff & Moldenke,Phytologia 1(8): 286–287,1938
Fabaceae,!,Erythrina fusca,Lour.,Fl. Cochinch. 2: 427–428,1790
Fabaceae,!,Erythrina globocalyx,Porsch & Cufod.,"Arch. Bot. Sist. 10(1): 35, pl. 1",1934
Fabaceae,!,Erythrina goldmanii,Standl.,Contr. U.S. Natl. Herb. 20(6): 181,1919
Fabaceae,!,Erythrina guatemalensis,Krukoff,Amer. J. Bot. 28(8): 688–689,1941
Fabaceae,!,Erythrina hondurensis,Standl.,"Publ. Field Mus. Nat. Hist., Bot. Ser. 4(8): 309–310",1929
Fabaceae,!,Erythrina huehuetenangensis,Krukoff & Barneby,"Mem. New York Bot. Gard. 20(2): 172–173, f. 6",1970
Fabaceae,,Erythrina humeana,Spreng.,Syst. Veg. [Sprengel] 3: 243,1826
Fabaceae,!,Erythrina lanata,Rose,"N. Amer. Fauna 14: 81–82, f. 1",1899
Fabaceae,!,Erythrina lanceolata,Standl.,Contr. U.S. Natl. Herb. 17(5): 432–433,1914
Fabaceae,,Erythrina latissima,E. Mey.,Comm. Pl. Afr. Austr. 151,1836
Fabaceae,,Erythrina lysistemon,Hutch.,Bull. Misc. Inform. Kew 1933(9): 422–423,1933
Fabaceae,,Erythrina merrilliana,Krukoff,J. Arnold Arbor. 20: 227,1939
Fabaceae,!,Erythrina pallida,Britton,Bull. Torrey Bot. Club 48(12): 332,1921 [1922]
Fabaceae,!,Erythrina poeppigiana,(Walp.) O.F. Cook,U.S.D.A. Div. Bot. Bull. 25: 57,1901
Fabaceae,,Erythrina sacleuxii,Hua,Bull. Mens. Soc. Linn. Paris n.s. 1: 54,1898
Fabaceae,!,Erythrina salviiflora,Krukoff & Barneby,Phytologia 25(1): 14–16,1972
Fabaceae,,Erythrina sandwicensis,O. Deg.,Fl. Hawaiiensis 169C,1932
Fabaceae,!,Erythrina senegalensis,DC.,Prodr. 2: 413,1825
Fabaceae,!,Erythrina standleyana,Krukoff,Brittonia 3(2): 301–304,1939
Fabaceae,!,Erythrina stricta,Roxb.,Fl. Ind. 3: 251–252,1832
Fabaceae,,Erythrina tahitensis,Nadeaud,Enum. Pl. Tahiti 80,1873
Fabaceae,!,Erythrina tajumulcensis,Krukoff & Barneby,"Mem. New York Bot. Gard. 20(2): 176–177, f. 1",1970
Fabaceae,!,Erythrina variegata,L.,Herb. Amboin. 10,1754
Fabaceae,!,Erythrina velutina,Willd.,Ges. Naturf. Freunde Berlin Neue Schriften 3: 426,1801
Zingiberaceae,,Etlingera corneri,Mood & Ibrahim,Nordic J. Bot. 20: 282,2000
Myrtaceae,,Eucalyptus citriodora,Hook.,J. Exped. Trop. Australia 235,1848
Euphorbiaceae,,Euphorbia atrococca,A. Heller,"Minnesota Bot. Stud. 1: 844, p. 50",1897
Euphorbiaceae,,Euphorbia celastroides,Boiss.,Prodr. 15(2): 11,1862
Euphorbiaceae,,Euphorbia deppeana,Boiss.,Cent. Euphorb. 6,1860
Euphorbiaceae,,Euphorbia haeleeleana,Herbst,Pacific Sci. 25(4): 489,1971
Euphorbiaceae,,Euphorbia multiformis,Gaudich. ex Hook. & Arn.,Bot. Beechey Voy. 95,1841 [1832]
Euphorbiaceae,,Euphorbia sparsiflora,A. Heller,"Minnesota Bot. Stud. 1(9): 846, LII",1897
Euphorbiaceae,,Euphorbia xylophylloides,Brongn. ex Lem.,Ill. Hort. 4: 72,1857
Pentaphylacaceae,,Eurya degeneri,Kobuski,J. Arnold Arbor. 16: 351,1935
Pentaphylacaceae,,Eurya sandwicensis,A. Gray,"U.S. Expl. Exped., Phan. 15:",1854
Rutaceae,,Evodia elleryana,F. Muell.,Fragm. 5: 4,1865
Santalaceae,,Exocarpos luteolus,J. Forbes,,
Gentianaceae,,Fagraea schlechteri,Gilg & Benedict,Bot. Jahrb. Syst. 56: 550,1921
Fabaceae,!,Falcataria moluccana,(Miq.) Barneby & J.W. Grimes,Mem. New York Bot. Gard. 74(1): 255,1996
Poaceae,,Festuca aloha,"Catalán, Soreng & P.M. Peterson","J. Bot. Res. Inst. Texas 3(1): 51–54, f. 1 A–J, 2",2009
Poaceae,,Festuca molokaiensis,"Soreng, P.M. Peterson & Catalán","J. Bot. Res. Inst. Texas 3(1): 54–55, f. 2 K",2009
Poaceae,,Festuca pratensis,Huds.,Fl. Angl. 37,1762
Moraceae,,Ficus benjamina,L.,Mant. Pl. 129,1767
Moraceae,,Ficus celebensis,Corner,Gard. Bull. Singapore 17: 478,1959
Moraceae,,Ficus dammaropsis,(Warb.) Diels,Bot. Jahrb. Syst. 67: 204,1935
Moraceae,,Ficus dawei,Hutch.,Bull. Misc. Inform. Kew 1915: 332,1915
Moraceae,,Ficus drupacea,Thunb.,"Ficus 6, 11",1786
Moraceae,,Ficus ingens,(Miq.) Miq.,Ann. Mus. Bot. Lugduno-Batavi 3: 288,1867
Moraceae,,Ficus rumphii,Blume,Bijdr. Fl. Ned. Ind. (9): 437,1825
Moraceae,,Ficus socotrana,Balf. f.,Proc. Roy. Soc. Edinburgh 12: 96,1884
Moraceae,,Ficus trigonata,L.,Pl. Surin. 17,1775
Sapindaceae,,Filicium decipiens,(Wight & Arn.) Thwaites,Enum. Pl. Zeyl. 408,1864
Salicaceae,,Flacourtia jangomas,(Lour.) Raeusch.,"Nomencl. Bot. (ed. 3) 280, 290",1797
Asteraceae,,Flaveria trinervia,(Spreng.) C. Mohr,Contr. U.S. Natl. Herb. 6: 810,1901
Oleaceae,,Fraxinus uhdei,(Wenz.) Lingelsh.,Bot. Jahrb. Syst. 40(2): 221,1907
Onagraceae,!,Fuchsia boliviana,Carrière,"Rev. Hort. (Paris) 48(8): 150–151, t. s.n.",1876
Asparagaceae,!,Furcraea tuberosa,(Mill.) W.T. Aiton,Hortus Kew. (ed. 2) 2: 303,1811
Cyperaceae,,Gahnia beecheyi,H. Mann,Proc. Amer. Acad. Arts 7: 210,1867
Cyperaceae,,Gahnia kauaiensis,Benl,,
Asteraceae,!,Gamochaeta pensylvanica,(Willd.) Cabrera,Bol. Soc. Argent. Bot. 9: 375,1961
Asteraceae,!,Gamochaeta purpurea,(L.) Cabrera,Bol. Soc. Argent. Bot. 9: 377,1961
Rubiaceae,,Gardenia brighamii,H. Mann,Proc. Amer. Acad. Arts 7: 171,1867
Rubiaceae,,Gardenia gordonii,Baker,"J. Linn. Soc., Bot. 20: 361",1883
Rubiaceae,,Genipa americana,L.,Syst. Nat. (ed. 10) 2: 931,1759
Geraniaceae,,Geranium retrorsum,L'Hér. ex DC.,Prodr. 1: 644,1824
Lamiaceae,!,Gmelina arborea,Roxb. ex Sm.,Cycl. 16: Gmelina 4,1810
Asteraceae,!,Gnaphalium involucratum,G. Forst.,"Fl. Ins. Austr. 55, 291",1786
Gnetaceae,,Gnetum gnemon,L.,Syst. Nat. (ed. 12) 2: 637,1767
Bignoniaceae,!,Godmania aesculifolia,(Kunth) Standl.,Lista Pl. Salvador 200,1925
Proteaceae,,Grevillea robusta,A. Cunn. ex R. Br.,Suppl. Prodr. Fl. Nov. Holl. 24,1830
Malvaceae,,Grewia forbesii,Harv. ex Mast.,Fl. Trop. Afr. 1: 250,1868
Sapindaceae,,Harpullia arborea,(Blanco) Radlk.,Sitzungsber. Math.-Phys. Cl. Königl. Bayer. Akad. Wiss. München 16(3): 404,1886
Cactaceae,,Harrisia bonplandii,(Parm. ex Pfeiff.) Britton & Rose,"Cact. 2: 157–158, f. 227, t. 24, f. 2",1920
Cactaceae,,Harrisia eriophora,(hort. ex Pfeiff.) Britton,Bull. Torrey Bot. Club 35(12): 562,1908
Cactaceae,,Harrisia martinii,(Labour.) Britton,"Cact. 2: 155, t. 19, f. 3",1920
Zingiberaceae,*,Hedychium flavescens,Carey ex Roscoe,"Monandr. Pl. Scitam. , t. 50",1824
Rubiaceae,,Hedyotis terminalis,W.L. Wagner & Herbst,,
Heliconiaceae,,Heliconia wagneriana,Petersen,Fl. Bras. 3(3): 13–14,1890
Malvaceae,,Heliocarpus popayanensis,Kunth,Nov. Gen. Sp. (quarto ed.) 5: 341,1821 [1823]
Costaceae,**,Hellenia speciosa,(J. Koenig ex Retz.) Govaerts,Phytotaxa 151(1): 64,2013
Araliaceae,,Heptapleurum actinophyllum,(Endl.) Lowry & G.M. Plunkett,Novon 28: 146,2020
Malvaceae,,Heritiera longipetiolata,Kaneh.,Bot. Mag. (Tokyo) 46,1932
Hernandiaceae,,Hernandia moerenhoutiana,Guillem.,"Ann. Sci. Nat., Bot., sér. 2, 7: 189",1837
Melastomataceae,,Heterocentron subtriplinervium,(Link & Otto) A. Braun & C.D. Bouché,Index Seminum (Berlin) 1851: 14,1851
Poaceae,!,Heteropogon contortus,(L.) P. Beauv. ex Roem. & Schult.,Syst. Veg. (ed. 15 bis) 2: 836,1817
Malvaceae,,Hibiscadelphus distans,L.E. Bishop & D.R. Herbst,Brittonia 25(3): 290,1973
Malvaceae,,Hibiscus clayi,O. Deg. & I. Deg.,,
Malvaceae,,Hibiscus makinoi,Jotani & Ohba,,
Malvaceae,,Hibiscus pacificus,Nakai ex Y. Jotani & H. Ohba,J. Jap. Bot. 61(4): 99,1986
Malvaceae,,Hibiscus scotti,Balf. f.,,
Malvaceae,!,Hibiscus tiliaceus,L.,Sp. Pl. 2: 694,1753
Malvaceae,,Hibiscus tilliaceus,L.,Sp. Pl. 2: 694,1753
Begoniaceae,,Hillebrandia sandwicensis,Oliv.,"Trans. Linn. Soc. London 25: 361, t. 46",1866
Campanulaceae,!,Hippobroma longiflora,(L.) G. Don,Gen. Hist. 3: 717,1834
Malpighiaceae,,Hiptage benghalensis,(L.) Kurz,"J. Asiat. Soc. Bengal, Pt. 2, Nat. Hist. 43: 136",1874
Poaceae,,Holcus lanatus,L.,Sp. Pl. 2: 1048,1753
Araceae,,Homalomena rubescens,(Roxb.) Kunth,Enum. Pl. 3: 57,1841
Dipterocarpaceae,,Hopea plagata,Vidal,,
Achariaceae,,Hydnocarpus kurzii,(King) Warb.,Nat. Pflanzenfam. 3(6a): 21,1893
Araliaceae,!,Hydrocotyle verticillata,Thunb.,"Hydrocotyle 2, 5–6, pl. s.n.[2]",1798
Hypericaceae,,Hypericum gramineum,G. Forst.,Fl. Ins. Austr. 53,1786
Hypericaceae,,Hypericum mutilum,L.,Sp. Pl. 2: 787,1753
Hypericaceae,,Hypericum parvulum,Greene,Pittonia 1(9): 154,1888
Asteraceae,!,Hypochaeris glabra,L.,Sp. Pl. 2: 811,1753
Aquifoliaceae,,Ilex anomala,Hook. & Arn.,Bot. Beechey Voy. 3: 111,1832
Balsaminaceae,!,Impatiens walleriana,Hook. f.,Fl. Trop. Afr. 1: 302,1868
Fabaceae,!,Indigofera zollingeriana,Miq.,Fl. Ned. Ind. 1(1): 310,1855
Fabaceae,,Intsia bijuga,(Colebr.) Kuntze,Revis. Gen. Pl. 1: 192,1891
Convolvulaceae,!,Ipomoea alba,L.,Sp. Pl. 1: 161,1753
Convolvulaceae,!,Ipomoea littoralis,Blume,Bijdr. Fl. Ned. Ind. (13): 713,1825 [1826]
Convolvulaceae,!,Ipomoea pes-caprae,(L.) R. Br.,Observ. Congo 58,1818
Convolvulaceae,,Ipomoea tuboides,O. Deg. & Ooststr.,Fl. Hawaiiensis 307,1940
Poaceae,!,Isachne distichophylla,Munro ex Hillebr.,Fl. Hawaiian Isl. 504,1888
Poaceae,,Isachne pallens,Hillebr.,Fl. Hawaiian Isl. 504,1888
Poaceae,,Ischaemum byrone,(Trin.) Hitchc.,"Mem. Bernice Pauahi Bishop Mus. 8(3): 213, f. 109",1922
Violaceae,,Isodendrion pyrifolium,A. Gray,Proc. Amer. Acad. Arts 2: 324,1852
Rubiaceae,,Ixora angustilimba,Merr.,,
Rubiaceae,,Ixora casei,Hance,Ann. Bot. Syst. 2: 754,1852
Joinvilleaceae,,Joinvillea ascendens,Gaudich. ex Brongn. & Gris,Bull. Soc. Bot. France 8: 269,1861
Joinvilleaceae,,Joinvillea gaudichaudiana,Brongn. & Gris,Bull. Soc. Bot. France 8: 269,1861
Juncaceae,,Juncus ensifolius,Wikstr.,Kongl. Vetensk. Acad. Handl. 2: 274,1823
Cupressaceae,,Juniperus bermudiana,L.,Sp. Pl. 2: 1039,1753
Acanthaceae,,Justicia betonica,L.,Sp. Pl. 1: 15,1753
Rubiaceae,,Kadua cordata,Cham. & Schltdl.,Linnaea 4: 160,1829
Crassulaceae,!,Kalanchoe pinnata,(Lam.) Pers.,Syn. Pl. 1: 446,1805
Fabaceae,,Kanaloa kahoolawensis,Lorence & K. R. Wood,"Novon 4(2): 137–145, f. 1–3",1994
Asteraceae,,Keysseria maviensis,(H. Mann) Cabrera,Blumea 14: 307,1967
Bignoniaceae,,Kigelia africana,(Lam.) Benth.,Niger Fl. 463,1849
Malvaceae,,Kleinhovia hospita,L.,Sp. Pl. (ed. 2) 2: 1365–1366,1763
Malvaceae,,Kokia cookei,O. Deg.,,
Malvaceae,,Kokia drynarioides,Lewton,,
Malvaceae,,Kokia kauaiensis,(Rock) O. Deg. & Duvel,"Fl. Hawaiiensis Fam. 221: , un–numbered figure",1934
Santalaceae,,Korthalsella complanata,(Tiegh.) Engl.,Nat. Pflanzenfam. Nachtr. 3. 138,1897
Santalaceae,,Korthalsella cylindrica,,,
Santalaceae,,Korthalsella platycaula,(Tiegh.) Engl.,Nat. Pflanzenfam. Nachtr. 3. 138,1897
Cyperaceae,!,Kyllinga nemoralis,(J.R. Forst. & G. Forst.) Dandy ex Hutch. & Dalziel,Fl. W. Trop. Afr. 2: 487,1936
Loganiaceae,,Labordia grayana,Hillebr.,Fl. Hawaiian Isl. 291,1888
Loganiaceae,,Labordia lorenceana,"K.R. Wood, W.L. Wagner & T.J. Motley","Syst. Bot. 32(1): 195, figs. 1-2",2007
Poaceae,,Lachnagrostis filiformis,(G. Forst.) Trin.,"Fund. Agrost. 128, pl. 10",1820
Lythraceae,,Lagerstroemia duperreana,Pierre,"Fultado, Montien, Gardens, Bull 24: 285",1969
Asteraceae,,Lapsana communis,L.,Sp. Pl. 2: 811,1753
Vitaceae,,Leea guineensis,G. Don,Gen. Hist. 1: 712,1831
Araceae,,Lemna obscura,(Austin) Daubs,Illinois Biol. Monogr. 34: 20,1965
Brassicaceae,,Lepidium arbuscula,Hillebr.,,
Brassicaceae,,Lepidium serra,H. Mann,,
Myrtaceae,,Leptospermum scoparium,J.R. Forst. & G. Forst.,Char. Gen. Pl. 36,1775
Fabaceae,!,Leucaena leucocephala,(Lam.) de Wit,Taxon 10(2): 54,1961
Arecaceae,!,Licuala grandis,H. Wendl. ex Linden,"Ill. Hort. 28: 23, t. 412",1881
Asteraceae,,Lipochaeta integrifolia,(Nutt.) A. Gray,Proc. Amer. Acad. Arts 5: 130–1861,
Asteraceae,,Lipochaeta lavarum,(Gaudich.) DC.,Prodr. 5: 611,1836
Asteraceae,,Lipochaeta rockii,Sherff,,
Asteraceae,,Lipochaeta succulenta,(Hook. & Arn.) DC.,Prodr. 5: 611,1836
Arecaceae,!,Livistona chinensis,(Jacq.) R. Br. ex Mart.,Hist. Nat. Palm. 3: 240,1838
Fabaceae,,Lonchocarpus domingensis,(Turpin ex Pers.) DC.,Prodr. 2: 259,1825
Fabaceae,,Lonchocarpus trinitensis,M. Sousa,Brittonia 62(4): 334–336,2010
Onagraceae,!,Ludwigia palustris,(L.) Elliott,Sketch Bot. S. Carolina 1(3): 211,1817
Fabaceae,!,Lysiloma sabicu,Benth.,Hooker's J. Bot. Kew Gard. Misc. 6: 236–237,1854
Primulaceae,,Lysimachia glutinosa,Rock,,
Primulaceae,,Lysimachia kalalauensis,Skottsb.,,
Lythraceae,,Lythrum maritimum,Kunth,Nov. Gen. Sp. (quarto ed.) 6: 194,1823 [1824]
Euphorbiaceae,,Macaranga mappa,(L.) Müll. Arg.,Prodr. 15(2): 1000,1866
Euphorbiaceae,,Macaranga tanarius,(L.) Müll. Arg.,Prodr. 15(2): 997,1866
Bignoniaceae,!,Macfadyena unguis-cati,(L.) A.H. Gentry,Brittonia 25(3): 236–237,1973
Cyperaceae,,Machaerina angustifolia,(Gaudich.) T. Koyama,Bot. Mag. (Tokyo) 69: 62,1956
Fabaceae,!,Macroptilium lathyroides,(L.) Urb.,Symb. Antill. 9(4): 457,1928
Anacardiaceae,,Mangifera indica,L.,Sp. Pl. 1: 200,1753
Euphorbiaceae,!,Manihot esculenta,Crantz,Inst. Rei Herb. 1: 167,1766
Bignoniaceae,,Markhamia zanzibarica,(Bojer ex DC.) K. Schum.,Abh. Königl. Akad. Wiss. Berlin 1894: 16,1894
Melastomataceae,,Medinilla magnifica,Lindl.,Paxt. Fl. Gard. i: 55 t. 12.,1850
Melastomataceae,,Medinilla speciosa,Blume,Flora 14(2(30)): 515,1831
Poaceae,,Megathyrsus maximus,(Jacq.) B.K. Simon & S.W.L. Jacobs,Austrobaileya 6(3): 572,2003
Melastomataceae,,Melastoma candidum,D. Don,Mem. Wern. Nat. Hist. Soc. 4: 288,1823
Sapindaceae,,Melicoccus bijugatus,Jacq.,Enum. Syst. Pl. 19,1760
Rutaceae,,Melicope anisata,(H. Mann) T.G. Hartley & B.C. Stone,Taxon 1: 122,1989
Rutaceae,,Melicope barbigera,A. Gray,"U.S. Expl. Exped., Phan. 1: 351, t. 39",1854
Rutaceae,,Melicope clusiifolia,(A. Gray) T.G. Hartley & B.C. Stone,Taxon 38(1): 122,1989
Rutaceae,,Melicope hawaiensis,(Wawra) T.G. Hartley & B.C. Stone,Taxon 38(1): 121,1989
Rutaceae,,Melicope peduncularis,(H. Lév.) T.G. Hartley & B.C. Stone,Taxon 38(1): 122,1989
Rutaceae,,Melicope radiata,(H. St. John) T.G. Hartley & B.C. Stone,Taxon 38(1): 121,1989
Rutaceae,,Melicope stonei,"K.R. Wood, Appelhans & W.L. Wagner","PhytoKeys 83: 121, figs. 1A–G, 2A–F",2017
Poaceae,!,Melinis minutiflora,P. Beauv.,"Ess. Agrostogr. 54, pl. 11, f. 4",1812
Malvaceae,,Melochia umbellata,(Houtt.) Stapf,Bull. Misc. Inform. Kew 1913: 317,1913
Convolvulaceae,,Merremia tuberosa,(L.) Rendle,Fl. Trop. Afr. 4(2): 104,1906 [1905]
Myrtaceae,,Metrosideros polymorpha,Gaudich.,,
Myrtaceae,,Metrosideros waialealae,Rock,,
Fabaceae,,Mezoneuron kauaiense,Hillebr.,Fl. Hawaiian Isl. 110,1888
Magnoliaceae,,Michelia figo,(Lour.) Spreng.,Syst. Veg. [Sprengel] 2: 643,1825
Melastomataceae,,Miconia calvescens,DC.,Prodr. 3: 185,1828
Fabaceae,!,Mimosa pudica,L.,Sp. Pl. 1: 518,1753
Sapotaceae,,Mimusops caffra,E. Mey. ex A. DC.,Prodr. 8: 203,1844
Cucurbitaceae,,Momordica charantia,L.,Sp. Pl. 2: 1009,1753
Araceae,,Monstera deliciosa,Liebm.,Vidensk. Meddel. Dansk Naturhist. Foren. Kjøbenhavn 1849: 19,1849
Araceae,,Monstera dubia,(Kunth) Engl. & K. Krause,Pflanzenr. 23B(Heft 37): 117,1908
Araceae,,Monstera epipremnoides,Engl.,Bot. Jahrb. Syst. 37: 118,1905
Araceae,,Monstera pinnatipartita,Schott,Oesterr. Bot. Wochenbl. 7(25): 197–198,1857
Araceae,,Monstera siltepecana,Matuda,"Revista Soc. Mex. Hist. Nat. 11: 97, t. 2, f. 9",1950
Araceae,,Monstera standleyana,G.S. Bunting,"Baileya 14(4): 133–141, f. 46–50",1966 [1967]
Araceae,!,Monstera subpinnata,(Schott) Engl.,Monogr. Phan. 2: 267,1879
Rubiaceae,!!,Morinda citrifolia,L.,Sp. Pl. 1: 176,1753
Rubiaceae,,Morinda latibractea,Valeton,Bot. Jahrb. Syst. 63: 321,1930
Moringaceae,,Moringa drouhardii,Jum.,"Ann. Mus. Colon. Marseille, sér. 4, 8: 15–19, f. 3–4",1930
Moringaceae,,Moringa stenopetala,(Baker f.) Cufod.,Senckenberg. Biol. 38: 407,1957
Fabaceae,!,Mucuna gigantea,(Willd.) DC.,Prodr. 2: 405,1825
Poaceae,!,Muhlenbergia microsperma,(DC.) Kunth,Révis. Gramin. 1: 64,1829
Poaceae,**,Muhlenbergia microsperma,(DC.) Trin.,Gram. Unifl. Sesquifl. 193,1824
Araliaceae,,Munroidendron racemosum,(C.N. Forbes) Sherff,Bot. Leafl. 7: 22,1952
Musaceae,,Musa ornata,Roxb.,Fl. Ind. 2: 488–489,1824
Musaceae,!!,Musa velutina,H. Wendl. & Drude,"Gartenflora 24: 65–67, t. 823",1875
Scrophulariaceae,,Myoporum sandwicense,A. Gray,,
Myricaceae,,Myrica faya,Aiton,Hort. Kew. 3: 307,1789
Haloragaceae,,Myriophyllum aquaticum,(Vell.) Verdc.,Kew Bull. 28(1): 36,1973
Myristicaceae,,Myristica fragrans,Houtt.,Nat. Hist. 2(3): 333,1774
Myristicaceae,,Myristica nivea,Merr.,,
Primulaceae,,Myrsine alyxifolia,Hosaka,Occas. Pap. Bernice Pauahi Bishop Mus. 16: 51,1940
Primulaceae,,Myrsine denticulata,(Wawra) Hosaka,Occas. Pap. Bernice Pauahi Bishop Mus. 16: 49,1940
Primulaceae,,Myrsine emarginata,(Rock) Hosaka,Occas. Pap. Bernice Pauahi Bishop Mus. 16: 64,1940
Primulaceae,,Myrsine fernseei,(Mez) Hosaka,Occas. Pap. Bernice Pauahi Bishop Mus. 16: 63,1940
Primulaceae,,Myrsine fosbergii,Hosaka,Occas. Pap. Bernice Pauahi Bishop Mus. 16: 46,1940
Primulaceae,!,Myrsine gaudichaudii,A. DC.,"Ann. Sci. Nat., Bot., sér. 2, 16: 85",1841
Primulaceae,,Myrsine helleri,(O. Deg. & I. Deg.) H. St. John,Phytologia 39(2): 107,1978
Primulaceae,,Myrsine juddii,Hosaka,Occas. Pap. Bernice Pauahi Bishop Mus. 16: 39,1940
Primulaceae,,Myrsine kauaiensis,Hillebr.,Fl. Hawaiian Isl. 280,1888
Primulaceae,,Myrsine knudsenii,(Rock) Hosaka,Occas. Pap. Bernice Pauahi Bishop Mus. 16: 66,1940
Primulaceae,,Myrsine lanaiensis,Hillebr.,Fl. Hawaiian Isl. 281,1888
Primulaceae,,Myrsine lessertiana,A. DC.,"Ann. Sci. Nat., Bot., sér. 2, 16: 85",1841
Primulaceae,,Myrsine linearifolia,Hosaka,Occas. Pap. Bernice Pauahi Bishop Mus. 16: 41,1940
Primulaceae,,Myrsine mezii,Hosaka,Occas. Pap. Bernice Pauahi Bishop Mus. 16: 34,1940
Primulaceae,,Myrsine petiolata,Hosaka,Occas. Pap. Bernice Pauahi Bishop Mus. 16: 45,1940
Primulaceae,,Myrsine pukooensis,(H. Lév.) Hosaka,Occas. Pap. Bernice Pauahi Bishop Mus. 16: 56,1940
Primulaceae,!,Myrsine punctata,(H. Lév.) Wilbur,Pacific Sci. 19: 522,1965
Primulaceae,,Myrsine sandwicensis,A. DC.,"Ann. Sci. Nat., Bot., sér. 2, 16: 85",1841
Primulaceae,,Myrsine vaccinioides,"W.L. Wagner, D.R. Herbst & Sohmer",Occas. Pap. Bernice Pauahi Bishop Mus. 29: 107,1989
Primulaceae,,Myrsine wawraea,(Mez) Hosaka,Occas. Pap. Bernice Pauahi Bishop Mus. 16: 36,1940
Namaceae,,Nama sandwicensis,A. Gray,Proc. Amer. Acad. Arts 5: 338,1861
Lecythidaceae,**,Napoleona imperialis,P. Beauv.,"Fl. Oware 2: 30, t. 78",1810
Nepenthaceae,,Nepenthes mirabilis,(Lour.) Druce,Bot. Exch. Club Brit. Isles Rep. 4: 637,1916
Cactaceae,!,Nopalea cochenillifera,(L.) Salm-Dyck,Cact. Hort. Dyck. (1849) 64,1849 [1850]
Marcgraviaceae,,Norantea guianensis,Aubl.,"Hist. Pl. Guiane 1: 554, t. 220",1775
Oleaceae,!,Noronhia emarginata,(Lam.) Thouars,Gen. Nov. Madagasc. 8,1806
Oleaceae,,Notelaea sandwicensis,(A. Gray) Hong-Wa & Besnard,Bot. J. Linn. Soc. 200: 360-377,2022
Solanaceae,,Nothocestrum breviflorum,A. Gray,Proc. Amer. Acad. Arts 6: 49,1862
Amaranthaceae,,Nototrichium divaricatum,Lorence,"Novon 6(1): 64, f. 1",1996
Apocynaceae,,Ochrosia elliptica,Labill.,"Sert. Austro-Caledon. 25–26, pl. 30",1824
Apocynaceae,,Ochrosia holei,H. St. John,Adansonia 18(2): 208,1978
Acanthaceae,,Odontonema cuspidatum,(Nees) Kuntze,Revis. Gen. Pl. 2: 494,1891
Onagraceae,,Oenothera laciniata,Hill,"Veg. Syst. 12(Appendix): 64, pl. 10",1767
Onagraceae,,Oenothera stricta,Ledeb. ex Link,Enum. Pl. Hort. Berol. Alt. 1: 377,1821
Poaceae,!,Oplismenus compositus,(L.) P. Beauv.,"Ess. Agrostogr. 54, 168–169?",1812
Poaceae,,Oplismenus hirtellus,(L.) P. Beauv.,"Ess. Agrostogr. 54, 168, 170",1812
Poaceae,,Otatea acuminata,(Munro) C.E. Calderón & Soderstr.,Smithsonian Contr. Bot. 44: 21,1980
Fabaceae,!,Pachyrhizus erosus,(L.) Urb.,Symb. Antill. 4(2): 311,1903-1911 [1905]
Rubiaceae,,Paederia scandens,(Lour.) Merr.,Contr. Arnold Arbor. 8: 163,1934
Pandanaceae,,Pandanus odorifer,(Forssk.) Kuntze,Revis. Gen. Pl. 2: 737,1891
Pandanaceae,,Pandanus polycephalus,Lam.,Encycl. 1: 372,
Pandanaceae,*,Pandanus tectorius,Sol. ex Balf. f.,"J. Linn. Soc., Bot. 17: 63, 56",1878
Pandanaceae,!,Pandanus tectorius,Parkinson,J. Voy. South Seas 46,1773
Poaceae,,Panicum antidotale,Retz.,Observ. Bot. 4: 17,1786
Poaceae,,Panicum beecheyi,Hook. & Arn.,Bot. Beechey Voy. 100,1841 [1832]
Poaceae,,Panicum carteri,Hosaka,"Occas. Pap. Bernice Pauahi Bishop Mus. 17: 67, f. 1",1942
Poaceae,,Panicum cynodon,Reichardt,"Sitzungsber. Kaiserl. Akad. Wiss., Math.-Naturwiss. Cl., Abt. 1 76: 724",1878
Poaceae,,Panicum fauriei,Hitchc.,"Mem. Bernice Pauahi Bishop Mus. 8(3): 182, f. 71",1922
Poaceae,,Panicum forbesii,Hitchc.,"Mem. Bernice Pauahi Bishop Mus. 8(3): 199, f. 88",1922
Poaceae,,Panicum havaiense,Reichardt,"Sitzungsber. Kaiserl. Akad. Wiss., Math.-Naturwiss. Cl., Abt. 1 76(1): 723",1878
Poaceae,,Panicum heupueo,H. St. John,Pacific Sci. 13: 156,1959
Poaceae,,Panicum hobdyi,H. St. John,Phytologia 63(5): 369,1987
Poaceae,,Panicum imbricatum,Hillebr.,Fl. Hawaiian Isl. 501,1888
Poaceae,!,Panicum isachnoides,Munro ex Hillebrand,Fl. Hawaiian Isl. 501,1888
Poaceae,,Panicum konaense,Whitney & Hosaka,"Occas. Pap. Bernice Pauahi Bishop Mus. 12(5): 3, f. 1",1938
Poaceae,!,Panicum leibergii,(Vasey) Scribn.,"Bull. Div. Agrostol., U.S.D.A. 8: 6, t. 3",1897
Poaceae,,Panicum lineale,H. St. John,Phytologia 63(5): 370,1987
Poaceae,,Panicum longivaginatum,H. St. John,Phytologia 63(5): 370,1987
Poaceae,,Panicum maximum,Jacq.,"Icon. Pl. Rar. 1: 2, pl. 13",1781
Poaceae,*,Panicum montanum,(Griseb.) Jackson ex Lillo,"Fl. Tucumán, Gram. 27",1916
Poaceae,*,Panicum monticola,Hillebr.,Fl. Hawaiian Isl. 501,1888
Poaceae,,Panicum nephelophilum,Gaudich.,Voy. Uranie 411,1829
Poaceae,,Panicum niihauense,H. St. John,"Occas. Pap. Bernice Pauahi Bishop Mus. 9(14): 5, t. 1",1931
Poaceae,,Panicum ninoleense,H. St. John,Phytologia 63(5): 371,1987
Poaceae,**,Panicum oahuense,Steud.,Syn. Pl. Glumac. 1: 260,1855 [1854]
Poaceae,,Panicum pellitum,Trin.,Gram. Panic. 199,1826
Poaceae,,Panicum pseudagrostis,Trin.,Gram. Panic. 197,1826
Poaceae,,Panicum ramosius,Hitchc.,J. Bot. 71: 6,1933
Poaceae,,Panicum tenuifolium,Hook. & Arn.,Bot. Beechey Voy. 101,1841 [1832]
Poaceae,,Panicum torridum,Gaudich.,Voy. Uranie 411,1826 [1829]
Poaceae,,Panicum xerophilum,(Hillebr.) Hitchc.,Mem. Bernice Pauahi Bishop Mus. 8(3): 193,1922
Fabaceae,,Paraserianthes falcataria,(L.) I.C. Nielsen,"Bull. Mus. Natl. Hist. Nat., B, Adansonia, sér. 4 5(3): 327",1983 [1984]
Poaceae,,Paspalum arundinaceum,Poir.,"Encycl., Suppl. 4(1): 310",1816
Poaceae,!,Paspalum caespitosum,Flüggé,"Gram. Monogr., Paspalum 161–163",1810
Poaceae,,Paspalum conjugatum,P.J. Bergius,"Acta Helv. Phys.-Math. 7: 129, pl. 8",1772
Poaceae,!,Paspalum dilatatum,Poir.,Encycl. 5: 35,1804
Poaceae,!,Paspalum distichum,L.,Syst. Nat. (ed. 10) 2: 855,1759
Poaceae,,Paspalum fimbriatum,Kunth,"Nov. Gen. Sp. (quarto ed.) 1: 93–94, pl. 28",1815 [1816]
Poaceae,,Paspalum malacophyllum,Trin.,"Sp. Gram. 3(23): , pl. 271",1830
Poaceae,,Paspalum urvillei,Steud.,Syn. Pl. Glumac. 1: 24,1855 [1853]
Poaceae,!,Paspalum virgatum,L.,Syst. Nat. (ed. 10) 2: 855,1759
Passifloraceae,!,Passiflora bicornis,Houst. ex Mill.,Gard. Dict. (ed. 8) no. 13,1768
Passifloraceae,,Passiflora cisnana,Harms,Bot. Jahrb. Syst. 18(Beibl. 46): 5–6,1894
Passifloraceae,!,Passiflora edulis,Sims,Bot. Mag. 45: pl. 1989,1818
Passifloraceae,!,Passiflora foetida,L.,Sp. Pl. 2: 959,1753
Passifloraceae,!,Passiflora laurifolia,L.,Sp. Pl. 2: 956,1753
Passifloraceae,!,Passiflora pallida,L.,Sp. Pl. 2: 955,1753
Passifloraceae,,Passiflora sexocellata,Schltdl.,Linnaea 27(5): 521–523,1854 [1856]
Passifloraceae,!,Passiflora suberosa,L.,Sp. Pl. 2: 958,1753
Passifloraceae,!,Passiflora subpeltata,Ortega,Nov. Pl. Descr. Dec. 6: 78,1798
Passifloraceae,,Passiflora tarminiana,Coppens & V.E. Barney,"Novon 11(1): 9–14, f. 1, 2 [map], 3",2001
Passifloraceae,!,Passiflora vitifolia,Kunth,Nov. Gen. Sp. (quarto ed.) 2: 138,1817
Malvaceae,,Pavonia cauliflora,(Nees) Fryxell,Fl. Neotrop. Monogr. 76: 240,1999
Malvaceae,,Pavonia strictiflora,(Hook.) Fryxell,Fl. Neotrop. Monogr. 76: 252,1999
Asteraceae,,Pectis linifolia,L.,Syst. Nat. (ed. 10) 2: 1221,1759
Rutaceae,,Pelea anisata,H. Mann,,
Rutaceae,,Pelea clusiifolia,A. Gray,"U.S. Expl. Exped., Phan. 1: 340, t. 35",1854
Rutaceae,,Pelea cruciata,A. Heller,Minnesota Bot. Stud. 1: 839,1897
Poaceae,,Pennisetum advena,Wipff & Veldkamp,"Sida 18(4): 1033, f. 1",1999
Piperaceae,,Peperomia alternifolia,Yunck.,Bernice P. Bishop Mus. Bull. 112: 24,1933
Piperaceae,,Peperomia blanda,(Jacq.) Kunth,Nov. Gen. Sp. (quarto ed.) 1: 67,1815 [1816]
Piperaceae,,Peperomia cookiana,C. DC.,Prodr. 16(1): 450,1869
Piperaceae,,Peperomia degeneri,Yunck.,Bernice P. Bishop Mus. Bull. 112: 25,1933
Piperaceae,,Peperomia eekana,C. DC.,Coll. Hawaii Publ. Bull. 2: 16,1913
Piperaceae,,Peperomia ellipticibacca,C. DC.,,
Piperaceae,,Peperomia expallescens,,,
Piperaceae,,Peperomia globulanthera,,,
Piperaceae,,Peperomia hesperomannii,,,
Piperaceae,,Peperomia hirtipetiola,C. DC.,Coll. Hawaii Publ. Bull. 2: 31,1913
Piperaceae,,Peperomia hypoleuca,,,
Piperaceae,,Peperomia kipahuluensis,H. St. John & Lamoureux,Pacific Sci. 25(1): 43,1971
Piperaceae,,Peperomia kokeana,Yunck.,Bernice P. Bishop Mus. Bull. 112: 50,1933
Piperaceae,,Peperomia latifolia,Miq.,,
Piperaceae,,Peperomia leptostachya,Hook. & Arn.,Bot. Beechey Voy. 96,1841 [1832]
Piperaceae,,Peperomia ligustrina,Hillebr.,,
Piperaceae,,Peperomia macraeana,C. DC.,J. Bot. 4: 145–146,1866
Piperaceae,,Peperomia mauiensis,Wawra,,
Piperaceae,!,Peperomia membranacea,Hook. & Arn.,Bot. Beechey Voy. 96,1841 [1832]
Piperaceae,,Peperomia oahuensis,C. DC.,Prodr. 16(1): 422,1869
Piperaceae,,Peperomia obovatilimba,C. DC.,Bull. Coll. Hawaii Publ. 29:,1913
Piperaceae,,Peperomia remyi,C. DC.,Annuaire Conserv. Jard. Bot. Genève 2: 286–287,1898
Piperaceae,,Peperomia sandwicensis,Miq.,,
Piperaceae,!,Peperomia tetraphylla,Hook. & Arn.,Bot. Beechey Voy. 97,1841 [1832]
Piperaceae,,Peperomia trichostigma,C. DC.,Coll. Hawaii Publ. Bull. 2: 25,1913
Dipentodontaceae,,Perrottetia sandwicensis,A. Gray,"U.S. Expl. Exped., Phan. 1: 291",1854
Lauraceae,,Persea americana,Mill.,Gard. Dict. (ed. 8) s.n.,1768
Polygonaceae,,Persicaria capitata,(Buch.-Ham. ex D. Don) H. Gross,Bot. Jahrb. Syst. 49(2): 277,1913
Polygonaceae,,Persicaria glabra,(Willd.) M. Gómez,Anales Inst. Segunda Ensenanza Habana 2: 278,1896
Verbenaceae,!,Petrea volubilis,L.,Sp. Pl. 2: 626,1753
Poaceae,!,Phalaris aquatica,L.,Cent. Pl. I 4,1755
Poaceae,!,Phalaris minor,Retz.,Observ. Bot. 3: 8,1783
Poaceae,,Phalaris paradoxa,L.,Sp. Pl. (ed. 2) 2: 1665,1763
Araceae,,Philodendron acuminatissimum,Engl.,Bot. Jahrb. Syst. 26: 543,1899
Araceae,,Philodendron angustilobum,Croat & Grayum,"Ann. Missouri Bot. Gard. 84(3): 396-397, f. 49-52, 74",1997
Araceae,,Philodendron barrosoanum,G.S. Bunting,"Ann. Missouri Bot. Gard. 50: 23, f. 1",1964
Araceae,!,Philodendron bipinnatifidum,Schott ex Endl.,Gen. Pl. 1(3): 237,1837
Araceae,,Philodendron cordatum,Kunth ex Schott,Prodr. Syst. Aroid. 268,1860
Araceae,!,Philodendron deltoideum,Poepp.,"Nov. Gen. Sp. Pl. 3: 87, pl. 298",1845
Araceae,,Philodendron distantilobum,K. Krause,Pflanzenr. IV 23Db(Heft 60): 115,1913
Araceae,!,Philodendron elegans,K. Krause,"Pflanzenr. 4, 23Db: 117",1913
Araceae,,Philodendron erubescens,K. Koch & Augustin,Index Seminum (Berlin) 1854(App.): 6,1854
Araceae,,Philodendron eximium,Schott,Oesterr. Bot. Wochenbl. 3: 378,1853
Araceae,,Philodendron giganteum,Schott,Syn. Aroid. 89,1856
Araceae,,Philodendron goeldii,G.M. Barroso,"Arch. Jard. Bot. Rio de Janeiro 15: 95, pl. 10",1957
Araceae,!,Philodendron hastatum,K. Koch & Sellow,Index Seminum (Berlin) 1854(App.): 7,1854
Araceae,!,Philodendron hederaceum,(Jacq.) Schott,Wiener Z. Kunst 1829(3): 780,1829
Araceae,,Philodendron herthae,K. Krause,Notizbl. Bot. Gart. Berlin-Dahlem 15: 41,1940
Araceae,!,Philodendron holtonianum,Schott,Bonplandia (Hannover) 7(1): 29-30,1859
Araceae,,Philodendron hylaeae,G.S. Bunting,Acta Bot. Venez. 10: 298,1975
Araceae,!,Philodendron imbe,Schott ex Endl.,Gen. Pl. 1: 237,1837
Araceae,,Philodendron lacerum,(Jacq.) Schott,Wiener Z. Kunst 1829(3): 780,1829
Araceae,,Philodendron lanceolatum,Schott,Syn. Aroid. 1: 75,1856
Araceae,,Philodendron mamei,André,Rev. Hort. (Paris) 1883: 104,1883
Araceae,,Philodendron melinonii,Brongn. ex Regel,"Gartenflora 23: 67, t. 789",1874
Araceae,,Philodendron microstictum,Standl. & L.O. Williams,Ceiba 3(2): 108,1952-1953 [1952]
Araceae,,Philodendron pseudauriculatum,Croat,"Ann. Missouri Bot. Gard. 84(3): 498–501, f. 35, 300, 309–310, 313–314",1997
Araceae,,Philodendron pterotum,K. Koch & Augustin,Index Seminum (Berlin) 1854(App.): 6,1854
Araceae,,Philodendron radiatum,Schott,Oesterr. Bot. Wochenbl. 3(48): 378,1853
Araceae,,Philodendron rugosum,Bogner & G.S. Bunting,Willdenowia 13: 183,1983
Araceae,,Philodendron sagittifolium,Liebm.,Vidensk. Meddel. Dansk Naturhist. Foren. Kjøbenhavn 1849(1–2): 17,1849
Araceae,,Philodendron smithii,Engl.,Bot. Jahrb. Syst. 26(5): 540–541,1899
Araceae,,Philodendron sodiroi,hort.,Gard. Chron. 1: 510,1883
Araceae,,Philodendron subhastatum,Engl. & K. Krause,Pflanzenr. IV 23Db(Heft 60): 97,1913
Araceae,,Philodendron tenue,K. Koch & Augustin,Index Seminum (Berlin) App. 7,1854
Araceae,,Philodendron tortum,M.L. Soares & Mayo,Feddes Repert. 112: 42,2001
Araceae,,Philodendron variifolium,Schott,Syn. Aroid. 100,1856
Poaceae,,Phragmites australis,(Cav.) Trin. ex Steud.,Nomencl. Bot. (ed. 2) 1: 143,1840
Lamiaceae,,Phyllostegia electra,C.N. Forbes,,
Lamiaceae,,Phyllostegia helleri,,,
Lamiaceae,,Phyllostegia hirsuta,Benth.,Bot. Reg. sub t. 1292,
Solanaceae,,Physalis peruviana,L.,Sp. Pl. (ed. 2) 2: 1670–1671,1763
Apocynaceae,,Picralima nitida,(Stapf) T. Durand & H. Durand,Bull. Jard. Bot. État Bruxelles 2: 338,1910
Piperaceae,!,Piper methysticum,G. Forst.,Pl. Esc. 5,1786
Fabaceae,,Piscidia piscipula,(L.) Sarg.,Gard. & Forest 4(186): 436,1891
Nyctaginaceae,,Pisonia umbellifera,(J.R. Forst. & G. Forst.) Seem.,Fl. Vit. 195,1865-73 [1866]
Pittosporaceae,,Pittosporum confertiflorum,A. Gray,,
Pittosporaceae,,Pittosporum ferrugineum,W.T. Aiton,Hortus Kew. (ed. 2) 2: 27,1811
Pittosporaceae,,Pittosporum gayanum,Rock,,
Pittosporaceae,,Pittosporum glabrum,Hook. & Arn.,,
Pittosporaceae,,Pittosporum helleri,Sherff,Amer. J. Bot. 28: 23,1941
Pittosporaceae,,Pittosporum kauaiense,Hillebr.,,
Rutaceae,,Platydesma spathulata,,,
Marantaceae,,Pleiostachya pruinosa,(Regel) K. Schum.,Pflanzenr. IV. 48(Heft 11): 165,1902
Asparagaceae,,Pleomele hawaiiensis,I. Deg. & O. Deg.,Fl. Hawaiiensis Fam. 68,1980
Zingiberaceae,,Pleuranthodium hellwigii,(K. Schum.) R.M. Sm.,Edinburgh J. Bot. 48: 66,1991
Asteraceae,!,Pluchea carolinensis,(Jacq.) G. Don,Hort. Brit. (ed. 3) 350,1839
Asteraceae,,Pluchea fosbergii,T. S. Cooperr. & M. M. Galang,J. Bot. 52: 1025,1965
Asteraceae,!,Pluchea indica,(L.) Less.,Linnaea 6: 150,1831
Asteraceae,,Pluchea odorata,(L.) Cass.,Dict. Sci. Nat. (ed. 2) 42: 3,1826
Poaceae,!,Poa annua,L.,Sp. Pl. 1: 68,1753
Poaceae,,Poa compressa,L.,Sp. Pl. 1: 69,1753
Poaceae,,Poa siphonoglossa,Hack.,Repert. Spec. Nov. Regni Veg. 11: 24,1912
Podocarpaceae,!,Podocarpus macrophyllus,(Thunb.) Sweet,Hort. Suburb. Lond. 211,1818
Rubiaceae,!,Pogonopus exsertus,(Oerst.) Oerst.,"Amer. Centr. 17, t. 13",1863
Araliaceae,,Polyscias bisattenuata,(Sherff) Lowry & G.M. Plunkett,Plant Div. Evol. 128: 73,2010
Araliaceae,,Polyscias gymnocarpa,(Hillebr.) Lowry & G.M. Plunkett,Plant Div. Evol. 128: 74,2010
Araliaceae,,Polyscias hawaiensis,(A. Gray) Lowry & G.M. Plunkett,Plant Div. Evol. 128: 74,2010
Araliaceae,,Polyscias kavaiensis,(H. Mann) Lowry & G.M. Plunkett,Plant Div. Evol. 128: 74,2010
Araliaceae,,Polyscias oahuensis,(A. Gray) Lowry & G.M. Plunkett,Plant Div. Evol. 128: 74,2010
Araliaceae,,Polyscias sandwicensis,(A. Gray) Lowry & G.M. Plunkett,Plant Div. Evol. 128: 74,2010
Araliaceae,,Polyscias waialealae,(Rock) Lowry & G.M. Plunkett,Plant Div. Evol. 128: 75,2010
Araliaceae,,Polyscias waimeae,(Wawra) Lowry & G.M. Plunkett,Plant Div. Evol. 128: 75,2010
Rubiaceae,,Portlandia domingensis,Britton,Bull. Torrey Bot. Club 41: 24,1914
Rubiaceae,,Portlandia grandiflora,L.,Syst. Nat. (ed. 10) 1: 928,1759
Portulacaceae,,Portulaca molokiniensis,Hobdy,,
Portulacaceae,,Portulaca oleracea,L.,Sp. Pl. 1: 445,1753
Portulacaceae,,Portulaca pilosa,L.,Sp. Pl. 1: 445,1753
Portulacaceae,,Portulaca sclerocarpa,A. Gray,,
Sapotaceae,,Pouteria sandwicensis,(A. Gray) Baehni & O. Deg.,Fl. Hawaiiensis 1: 23,1938
Lamiaceae,,Premna obtusifolia,R. Br.,Prodr. 512,1810
Arecaceae,,Pritchardia flynnii,Lorence & Gemmill,"Novon 14(2): 185–189, f. 1",2004
Arecaceae,,Pritchardia lowreyana,Rock,,
Fabaceae,!,Prosopis juliflora,(Sw.) DC.,Prodr. 2: 447,1825
Fabaceae,!,Prosopis pallida,(Humb. & Bonpl. ex Willd.) Kunth,Nov. Gen. Sp. (quarto ed.) 6: 309,1823
Rosaceae,!,Prunus persica,(L.) Batsch,Beytr. Entw. Gewächsreich 1: 30,1801
Myrtaceae,!,Psidium cattleyanum,Sabine,"Trans. Hort. Soc. London 4: [315–]–317, pl. 11",1822 [1821]
Myrtaceae,,Psidium guajava,L.,Sp. Pl. 1: 470,1753
Myrtaceae,,Psidium littorale,Raddi,"Opusc. Sci. 4: 254, pl. 7, f. 2",1820 [1821]
Rubiaceae,,Psychotria greenwelliae,Fosberg,Brittonia 16: 269,1964
Rubiaceae,,Psychotria hawaiiensis,(A. Gray) Fosberg,Occas. Pap. Bernice Pauahi Bishop Mus. 23: 43`,1964
Rubiaceae,,Psychotria mariniana,Fosberg,,
Rubiaceae,,Psychotria viridis,Ruiz & Pav.,"Fl. Peruv. 2: 61, t. 210, f. b",1799
Rubiaceae,,Psydrax odorata,(G. Forst.) A.C. Sm. & S.P. Darwin,Fl. Vit. Nova 4: 230,1988
Melastomataceae,,Pterolepis glomerata,(Rottb.) Miq.,Comm. Phytogr. 2: 78,1840
Arecaceae,,Ptychosperma lineare,(Burret) Burret,Notizbl. Bot. Gart. Berlin-Dahlem 12: 596,1935
Lythraceae,,Punica protopunica,Balf. f.,,
Bignoniaceae,,Pyrostegia venusta,(Ker Gawl.) Miers,Proc. Roy. Hort. Soc. London 3: 188,1863
Simaroubaceae,,Quassia amara,L.,Sp. Pl. (ed. 2) 1: 553,1762
Asteraceae,,Railliardia montana,H. Mann,Proc. Amer. Acad. Arts 7: 176,1867
Asteraceae,,Railliardia sherffiana,(Fosberg) Sherff,Amer. J. Bot. 38: 73,1951
Apocynaceae,,Rauvolfia caffra,Sond.,Linnaea 23: 77,1850
Araceae,!,Rhaphidophora decursiva,(Roxb.) Schott,Bonplandia (Hannover) 5: 45,1857
Araceae,,Rhaphidophora pertusa,(Roxb.) Schott,Prodr. Syst. Aroid. 382,1860
Rhizophoraceae,!,Rhizophora mangle,L.,Sp. Pl. 1: 443,1753
Myrtaceae,,Rhodomyrtus tomentosa,(Aiton) Hassk.,"Flora 25(2, Beibl.): 35",1842
Anacardiaceae,,Rhus taitensis,Guill.,"Ann. Sci. Nat., Bot., sér. 2, 7: 361",1837
Cyperaceae,,Rhynchospora lavarum,Gaudich.,Voy. Monde 415,1826
Cyperaceae,,Rhynchospora laxa,Benth.,Fl. Hongk.,1861
Petiveriaceae,,Rivina humilis,L.,Sp. Pl. 1: 121–122,1753
Rosaceae,,Rosa laevigata,Michx.,Fl. Bor.-Amer. 1: 295–296,1803
Arecaceae,!,Roystonea oleracea,(Jacq.) O.F. Cook,Bull. Torrey Bot. Club 28(10): 554,1901
Rosaceae,,Rubus hawaiiensis,A. Gray,"U.S. Expl. Exped., Phan. 1: 504, t. 56",1858
Acanthaceae,,Ruellia brevifolia,(Pohl) C. Ezcurra,Darwiniana 29: 278,1989
Poaceae,,Rytidosperma biannulare,(Zotov) Connor & Edgar,New Zealand J. Bot. 17(3): 324,1979
Poaceae,,Rytidosperma caespitosum,(Gaudich.) Connor & Edgar,New Zealand J. Bot. 17(3): 325,1979
Poaceae,,Rytidosperma penicillatum,(Labill.) Connor & Edgar,New Zealand J. Bot. 17(3): 327,1979
Arecaceae,!,Sabal mexicana,Mart.,"Hist. Nat. Palm. 3: 246–247, pl. 8",1839
Poaceae,!,Saccharum officinarum,L.,Sp. Pl. 1: 54,1753
Poaceae,,Sacciolepis contracta,Hitchc.,"Mem. Bernice Pauahi Bishop Mus. 8(3): 199, f. 90",1922
Poaceae,,Sacciolepis indica,(L.) Chase,Proc. Biol. Soc. Washington 21: 8,1908
Alismataceae,,Sagittaria latifolia,Willd.,Sp. Pl. 4(1): 409,1805
Fabaceae,,Samanea saman,(Jacq.) Merr.,J. Washington Acad. Sci. 6(2): 47,1916
Santalaceae,,Santalum freycinetianum,F. Phil.,"Anales Mus. Nac. Santiago de Chile 1892: 5, pl. 1",1892
Santalaceae,,Santalum paniculatum,Hook. & Arn.,,
Pandanaceae,,Sararanga philippinensis,Merr.,Publ. Bur. Sci. Gov. Lab. 29: 5,1905
Pandanaceae,,Sararanga sinuosa,Hemsl.,"J. Linn. Soc., Bot. 30: 216",1894
Goodeniaceae,,Scaevola gaudichaudiana,Cham.,,
Goodeniaceae,,Scaevola glabra,Hook. & Arn.,Bot. Beechey Voy. 89,1832
Goodeniaceae,,Scaevola mollis,Hook. & Arn.,,
Goodeniaceae,,Scaevola procera,Hillebr.,Fl. Hawaiian Isl. 268,1888
Goodeniaceae,,Scaevola sericea,Vahl,Symb. Bot. 2: 37,1791
Goodeniaceae,!,Scaevola taccada,(Gaertn.) Roxb.,Hort. Bengal. 15,1814
Gentianaceae,,Schenkia sebaeoides,Griseb.,Bonplandia (Hannover) 1: 226,1853
Caryophyllaceae,,Schiedea adamantis,H. St. John,Pacific Sci. 24. 247,1970
Caryophyllaceae,,Schiedea attenuata,"W.L. Wagner, Weller & A.K. Sakai","Novon 4: 187–189, f. 1–2",1994
Caryophyllaceae,,Schiedea globosa,H. Mann,Proc. Boston Soc. Nat. Hist. 10: 311,1866
Caryophyllaceae,,Schiedea haleakalensis,O. Deg. & Sherff,Amer. J. Bot. 29: 332,1942
Caryophyllaceae,,Schiedea hookeri,A. Gray,"U.S. Expl. Exped., Phan. 1: 133",1854
Caryophyllaceae,,Schiedea jacobii,"W.L. Wagner, Weller & A.C. Medeiros","Novon 9(2): 284–287, f. 1A–H",1999
Caryophyllaceae,,Schiedea kaalae,Wawra,Flora 56: 175,1873
Caryophyllaceae,,Schiedea laui,W.L. Wagner & Weller,Syst. Bot. Monogr. 72: 82,2005
Caryophyllaceae,,Schiedea lychnoides,Hillebr.,Fl. Hawaiian Isl. 36,1888
Caryophyllaceae,,Schiedea lydgatei,Hillebr.,Fl. Hawaiian Isl. 34,1888
Caryophyllaceae,,Schiedea menziesii,Hook.,Icon. Pl. 7: sub t. 649–650,1844
Caryophyllaceae,,Schiedea nuttallii,Hook.,Icon. Pl. 7: t. 649–650,1844
Caryophyllaceae,,Schiedea obovata,(Sherff) W.L. Wagner & Weller,Syst. Bot. Monogr. 72: 57,2005
Caryophyllaceae,,Schiedea sarmentosa,O. Deg. & Sherff,"Amer. J. Bot. 33: 504–505, f. 3",1946
Caryophyllaceae,,Schiedea spergulina,A. Gray,,
Caryophyllaceae,,Schiedea stellarioides,H. Mann,Proc. Boston Soc. Nat. Hist. 10: 310,1866
Cyperaceae,,Schoenoplectus californicus,(C.A. Mey.) Soják,"Čas. Nár. Mus., Odd. Prír. 140(3–4): 127",1972
Cyperaceae,!,Schoenoplectus validus,(Vahl) Á. Löve & D. Löve,Bull. Torrey Bot. Club 81(1): 33,1954
Araceae,,Scindapsus hederaceus,Schott,Bonplandia (Hannover) 5: 45,1857
Cyperaceae,!,Scirpus californicus,(C.A. Mey.) Steud.,Nomencl. Bot. (ed. 2) 2: 538,1841
Cyperaceae,,Scirpus maritimus,L.,Sp. Pl. 1: 51,1753
Cyperaceae,,Scleria phylloptera,C. Wright ex Griseb.,Cat. Pl. Cub. 248–249,1866
Cyperaceae,,Scleria testacea,Nees,Linnaea 9: 303,1834
Cactaceae,,Selenicereus megalanthus,(K. Schum. ex Vaupel) Moran,Gentes Herbarum 8(4): 325,1953
Asteraceae,,Senecio madagascariensis,Poir.,"Encycl., Suppl. 5: 130",1817
Fabaceae,!,Senna alata,(L.) Roxb.,Fl. Ind. 2: 349,1832
Fabaceae,!,Senna bacillaris,(L. f.) H.S. Irwin & Barneby,Mem. New York Bot. Gard. 35: 111,1982
Fabaceae,,Senna gaudichaudii,(Hook. & Arn.) H.S. Irwin & Barneby,Mem. New York Bot. Gard. 35: 80,1982
Fabaceae,!,Senna multiglandulosa,(Jacq.) H.S. Irwin & Barneby,Mem. New York Bot. Gard. 35: 357,1982
Fabaceae,!,Senna occidentalis,(L.) Link,Handbuch 2: 140,1829
Fabaceae,!,Senna pendula,(Humb. & Bonpl. ex Willd.) H.S. Irwin & Barneby,Mem. New York Bot. Gard. 35: 378,1982
Fabaceae,!,Senna septemtrionalis,(Viv.) H.S. Irwin & Barneby,Mem. New York Bot. Gard. 35: 365,1982
Fabaceae,!,Senna siamea,(Lam.) H.S. Irwin & Barneby,Mem. New York Bot. Gard. 35: 98,1982
Fabaceae,!,Senna surattensis,(Burm. f.) H.S. Irwin & Barneby,Mem. New York Bot. Gard. 35: 81,1982
Fabaceae,,Sesbania hobdyi,O. Deg. & I. Deg.,"Phytologia 39(3): 154–155, f. 2",1978
Fabaceae,,Sesbania tomentosa,Hook. & Arn.,Bot. Beechey Voy. 286–287,1841 [1838]
Aizoaceae,,Sesuvium portulacastrum,(L.) L.,Syst. Nat. (ed. 10) 2: 1058,1759
Poaceae,!,Setaria geniculata,P. Beauv.,"Ess. Agrostogr. 51, 169, 178",1812
Poaceae,,Setaria palmifolia,(J. Koenig) Stapf,"J. Linn. Soc., Bot. 42(285): 186",1914
Poaceae,,Setaria setosa,(Sw.) P. Beauv.,"Ess. Agrostogr. 51,171,178",1812
Malvaceae,!,Sida paniculata,L.,Syst. Nat. (ed. 10) 2: 1145,1759
Malvaceae,!,Sida rhombifolia,L.,Sp. Pl. 2: 684,1753
Sapotaceae,,Sideroxylon cinereum,Lam.,Encycl. 1: 244–245,1783
Smilacaceae,,Smilax melastomifolia,Sm.,,
Solanaceae,,Solanum caumii,(F. Br.) D.H.R. McClelland,PhytoKeys 145: 11,2020
Solanaceae,,Solanum kioniotrichum,Bitter ex J.F. Macbr.,"Publ. Field Mus. Nat. Hist., Bot. Ser. 8(5b/1): 254",1962
Solanaceae,!,Solanum sandwicense,Hook. & Arn.,Bot. Beechey Voy. 92,1841 [1832]
Solanaceae,,Solanum seaforthianum,Andrews,Bot. Repos. 8: pl. 504,1808
Asteraceae,!,Sonchus oleraceus,L.,Sp. Pl. 2: 794,1753
Fabaceae,,Sophora chrysophylla,Seem.,Fl. Vit. 66,1865
Fabaceae,,Sophora lanaiensis,(Chock) O. Deg. & I. Deg.,Phytologia 21(6): 411,1971
Fabaceae,,Sophora unifoliata,(Rock) O. Deg. & Sherff,Bot. Leafl. Chicago 5: 24,1951
Araceae,!,Spathiphyllum cannifolium,(Dryand. ex Sims) Schott,Aroideae 1: 1,1853
Araceae,,Spathiphyllum kalbreyeri,G.S. Bunting,Mem. New York Bot. Gard. 10(3): 21,1960
Araceae,,Spathiphyllum quindiuense,Engl.,Bot. Jahrb. Syst. 37(1): 120,1905
Araceae,!,Spathiphyllum wallisii,Regel,"Gartenflora 26: 323, t. 920",1877
Araceae,**,Spathiphyllum wallisii,hort.,"Gard. Chron., n.s. 1: 558",1875
Orchidaceae,!,Spathoglottis plicata,Blume,Bijdr. Fl. Ned. Ind. (8): 401,1825
Asteraceae,!,Sphagneticola trilobata,(L.) Pruski,Mem. New York Bot. Gard. 78: 114,1996
Poaceae,,Sporobolus cryptandrus,(Torr.) A. Gray,Manual 576,1848
Poaceae,!,Sporobolus virginicus,(L.) Kunth,Révis. Gramin. 1: 67,1829
Verbenaceae,,Stachytarpheta dichotoma,(Ruiz & Pav.) Vahl,Enum. Pl. 1: 207,1804
Verbenaceae,,Stachytarpheta urticifolia,Sims,"Bot. Mag. 43: , pl. 1848",1816
Apocynaceae,,Stemmadenia grandiflora,(Jacq.) Miers,Apocyn. S. Amer. 75–76,1878
Apocynaceae,,Stemmadenia litoralis,(Kunth) L. Allorge,"Mém. Mus. Natl. Hist. Nat., B, Bot. 30: 48",1985
Apocynaceae,**,Stemmadenia obovata,K. Schum.,Nat. Pflanzenfam. 4(2): 149,1895
Lamiaceae,,Stenogyne kanehoana,O. Deg. & Sherff,"Publ. Field Mus. Nat. Hist., Bot. Ser. 22: 433",1941
Lamiaceae,,Stenogyne purpurea,Mann,,
Araceae,,Stenospermation kamemotoanum,Croat,,
Poaceae,,Stenotaphrum secundatum,(Walter) Kuntze,Revis. Gen. Pl. 2: 794,1891
Malvaceae,,Sterculia foetida,L.,Sp. Pl. 2: 1008,1753
Marantaceae,,Stromanthe tonckat,(Aubl.) Eichler,Abh. Königl. Akad. Wiss. Berlin 1884: 80,1884
Fabaceae,,Strongylodon ruber,Vogel,Linnaea 10: 585–586,1836
Ericaceae,,Styphelia tameiameiae,F. Muell.,Fragm. 6(55):,
Arecaceae,,Syagrus coronata,(Mart.) Becc.,Agric. Colon. 10: 466,1916
Asteraceae,,Symphyotrichum expansum,(Poepp. ex Spreng.) G.L. Nesom,Phytologia 77(3): 281,1994 [1995]
Asteraceae,!,Synedrella nodiflora,(L.) Gaertn.,"Fruct. Sem. Pl. 2(3): 456–457, t. 171, f. 7",1791
Araceae,,Syngonium angustatum,Schott,Oesterr. Bot. Z. 8(6): 178,1858
Araceae,,Syngonium auritum,(L.) Schott,Wiener Z. Kunst 1829(3): 780,1829
Araceae,,Syngonium podophyllum,Schott,Bot. Zeitung (Berlin) 9(5): 85,1851
Araceae,,Syngonium salvadorense,Schott,Oesterr. Bot. Z. 8(6): 178,1858
Araceae,,Syngonium yurimaguense,Engl.,Bot. Jahrb. Syst. 37: 141,1905
Myrtaceae,,Syzygium aqueum,(Burm. f.) Alston,Ann. Roy. Bot. Gard. (Peradeniya) 11: 204,1929
Myrtaceae,,Syzygium cumini,(L.) Skeels,U.S.D.A. Bur. Pl. Industr. Bull. 248: 25,1912
Myrtaceae,,Syzygium jambos,(L.) Alston,Handb. Fl. Ceylon 6: 115,1931
Myrtaceae,,Syzygium kerstingii,Engl.,,
Myrtaceae,,Syzygium malaccense,(L.) Merr. & L.M. Perry,J. Arnold Arbor. 19(3): 215,1938
Myrtaceae,,Syzygium paniculatum,Gaertn.,Fruct. Sem. Pl. 1: 167,1788
Bignoniaceae,,Tabebuia rosea,(Bertol.) DC.,Prodr. 9: 215,1845
Apocynaceae,!,Tabernaemontana citrifolia,L.,Sp. Pl. 1: 210,1753
Talinaceae,,Talinum triangulare,(Jacq.) Willd.,Sp. Pl. 2(2): 862,1799
Malvaceae,,Talipariti elatum,(Sw.) Fryxell,Contr. Univ. Michigan Herb. 23: 241,2001
Malvaceae,,Talipariti glabrum,(Matsum. ex Nakai) Fryxell,Contr. Univ. Michigan Herb. 23: 245,2001
Malvaceae,,Talipariti hamabo,(Siebold & Zucc.) Fryxell,Contr. Univ. Michigan Herb. 23: 246,2001
Malvaceae,,Talipariti hastatum,(L. f.) Fryxell,Contr. Univ. Michigan Herb. 23: 247,2001
Malvaceae,,Talipariti macrophyllum,(Roxb. ex Hornem.) Fryxell,Contr. Univ. Michigan Herb. 23: 249,2001
Malvaceae,,Talipariti potteri,(O. Deg. & Greenwell) Fryxell,Contr. Univ. Michigan Herb. 23: 252,2001
Malvaceae,,Talipariti tiliaceum,(L.) Fryxell,Contr. Univ. Michigan Herb. 23: 258,2001
Monimiaceae,,Tambourissa purpurea,(Tul.) A. DC.,Prodr. 16(2): 659,1868
Cleomaceae,,Tarenaya hassleriana,(Chodat) Iltis,Novon 17(4): 450,2007
Bignoniaceae,,Tecoma stans,(L.) Juss. ex Kunth,Nov. Gen. Sp. (quarto ed.) 3: 144,1818 [1819]
Bignoniaceae,!,Tecomaria capensis,(Thunb.) Spach,Hist. Nat. Vég. 9: 137,1840
Fabaceae,!,Tephrosia purpurea,(L.) Pers.,Syn. Pl. 2(2): 329,1807
Combretaceae,,Terminalia carolinensis,Kaneh.,Bot. Mag. (Tokyo) 46: 672,1932
Combretaceae,,Terminalia litoralis,Seem.,,
Combretaceae,,Terminalia phanerophlebia,Engl. & Diels,,
Aizoaceae,!,Tetragonia tetragonoides,(Pall.) Kuntze,Revis. Gen. Pl. 1: 264,1891
Melastomataceae,,Tetrazygia bicolor,(Mill.) Cogn.,Monogr. Phan. 7: 724,1891
Malvaceae,!,Thespesia populnea,(L.) Sol. ex Corrêa,Ann. Mus. Natl. Hist. Nat. 9: 290,1807
Apocynaceae,!,Thevetia peruviana,(Pers.) K. Schum.,"Nat. Pflanzenfam. 120–122[IV,2]: 159",1895
Acanthaceae,!,Thunbergia fragrans,Roxb.,"Pl. Coromandel 1(3): 47–48, pl. 67",1795 [1796]
Melastomataceae,!,Tibouchina urvilleana,(DC.) Cogn.,"Fl. Bras. 14(3): 358, pl. 84",1885
Urticaceae,,Touchardia latifolia,Gaudich.,,
Cannabaceae,!,Trema orientalis,(L.) Blume,Mus. Bot. 2: 62,1852
Campanulaceae,,Trematolobelia kauaiensis,Skottsb.,,
Campanulaceae,,Trematolobelia wimmeri,O. Deg. & I. Deg.,Phytologia 17: 370–371,1968
Malvaceae,,Trichospermum richii,(A. Gray) Seem.,Bonplandia (Hannover) 9: 254,1861
Iridaceae,,Trimeza martinicensis,(Jacq.) Herb.,Edwards's Bot. Reg. 1844: Misc. 88,1844
Poaceae,,Trisetum inaequale,Whitney,Occas. Pap. Bernice Pauahi Bishop Mus. 13: 171,1937
Fabaceae,!,Ulex europaeus,L.,Sp. Pl. 2: 741,1753
Lentibulariaceae,,Utricularia macrorhiza,Leconte,"Ann. Lyceum Nat. Hist. New York 1(1): 73–75, pl. 6, f. 2",1824
Ericaceae,,Vaccinium calycinum,Sm.,,
Ericaceae,,Vaccinium dentatum,Sm.,,
Ericaceae,,Vaccinium reticulatum,Sm.,,
Rubiaceae,,Vangueria madagascariensis,J.F. Gmel.,"Syst. Nat., ed. 13[bis] 2(1): 367",1791
Cordiaceae,,Varronia macrocephala,Desv.,J. Bot. (Paris) 1: 273,1808
Verbenaceae,!,Verbena litoralis,Kunth,Nov. Gen. Sp. (quarto ed.) 2(6): pl. 137,1817
Fabaceae,,Vicia menziesii,Spreng.,Syst. Veg. [Sprengel] 3: 267,1826
Fabaceae,!,Vigna adenantha,"(G. Mey.) Maréchal, Mascherpa & Stainier",Taxon 27(2/3): 202,1978
Fabaceae,!,Vigna marina,(Burm.) Merr.,Interpr. Herb. Amboin. 285,1917
Violaceae,,Viola chamissoniana,Ging.,Linnaea 1: 408,1826
Violaceae,,Viola maviensis,H. Mann,,
Lamiaceae,,Vitex rotundifolia,L. f.,Suppl. Pl. 294,1781 [1782]
Vitaceae,,Vitis mappia,(Lam.) Baker,Fl. Mauritius 54,1877
Malvaceae,,Waltheria pyrolifolia,A. Gray,"U.S. Expl. Exped., Phan. 190",1854
Rubiaceae,,Warszewiczia coccinea,(Vahl) Klotzsch,Ber. Bekanntm. Verh. Königl. Preuss. Akad. Wiss. Berlin 1853: 497,1853
Thymelaeaceae,,Wikstroemia bicornuta,Hillebr.,Fl. Hawaiian Isl. 387,1888
Thymelaeaceae,,Wikstroemia degeneri,Skottsb.,"Acta Regiae Soc. Sci. Litt. Gothob., Bot. 1: 36",1972
Thymelaeaceae,,Wikstroemia forbesii,Skottsb.,Svensk Bot. Tidskr. 58(1): 180,1964
Thymelaeaceae,,Wikstroemia furcata,(Hillebr.) Rock,Indig. Trees Haw. Isl. 319,1913
Thymelaeaceae,,Wikstroemia hanalei,Wawra,Flora 58: 185–186,1875
Thymelaeaceae,,Wikstroemia indica,(L.) C.A. Mey.,Bull. Cl. Phys.-Math. Acad. Imp. Sci. Saint-Pétersbourg 1: 357,1843
Thymelaeaceae,,Wikstroemia monticola,Skottsb.,"Acta Regiae Soc. Sci. Litt. Gothob., Bot. 1: 70–73, pl. 4 [photo], f. 19a–i, 19k",1972
Thymelaeaceae,,Wikstroemia oahuensis,(A. Gray) Rock,Indig. Trees Haw. Isl. 316,1913
Thymelaeaceae,,Wikstroemia phillyreifolia,A. Gray,J. Bot. 3: 304,1865
Thymelaeaceae,,Wikstroemia pulcherrima,Skottsb.,"Acta Horti Gothob. 10: 140–143, f. 7h–i, 10w–z, 14",1935 [1936]
Thymelaeaceae,,Wikstroemia sandwicensis,Meisn.,Prodr. 14(2): 545,1857
Thymelaeaceae,,Wikstroemia skottsbergiana,Sparre,Svensk Bot. Tidskr. 58(3): 497,1964
Thymelaeaceae,,Wikstroemia uva-ursi,A. Gray,J. Bot. 3: 304,1865
Thymelaeaceae,,Wikstroemia villosa,Hillebr.,Fl. Hawaiian Isl. 386–387,1888
Araceae,,Xanthosoma robustum,Schott,Oesterr. Bot. Wochenbl. 3(47): 370,1853
Araceae,!,Xanthosoma sagittifolium,(L.) Schott,Melet. Bot. 19,1832
Araceae,!,Xanthosoma violaceum,Schott,Oesterr. Bot. Wochenbl. 3(47): 370,1853
Xyridaceae,,Xyris platylepis,Chapm.,Fl. South. U.S. 501,1860
Asteraceae,!,Youngia thunbergiana,DC.,Prodr. 7(1): 192,1836
Zamiaceae,,Zamia furfuracea,Aiton,Hort. Kew. 3: 477,1789
Araceae,,Zamioculcas zamiifolia,(Lodd.) Engl.,"Pflanzenr. 4, 23B: 305",1905
Araceae,,Zantedeschia aethiopica,(L.) Spreng.,Syst. Veg. [Sprengel] 3: 765,1826
Araceae,,Zantedeschia elliottiana,(H. Knight) Engl.,"Pflanzenr. 4, 23Dc: 68",1915
Rutaceae,,Zanthoxylum semiarticulatum,H. St. John & Hosaka,Fl. Hawaiiensis Family 179,1932
Rutaceae,!,Zanthoxylum skottsbergii,(O. Deg. & I. Deg.) H. St. John,"Mem. Pacific Trop. Bot. Gard. 1: 207, 370",1973
Zingiberaceae,,Zingiber spectabile,Griff.,Gard. Dict. Abr. (ed. 4) 3,1754
Zingiberaceae,,Zingiber zerumbet,(L.) Roscoe ex Sm.,Exot. Bot. 2: 105,1806
Apocynaceae,,Alyxia stellata,(J.R. Forst. & G. Forst.) Roem. & Schult.,Syst. Veg. (ed. 15 bis) 4: 439,1819
Orchidaceae,,Anoectochilus sandvicensis,Lindl.,,
Poaceae,!,Anthoxanthum odoratum,L.,Sp. Pl. 1: 28,1753
Araceae,,Anthurium clavigerum,Poepp.,Nov. Gen. Sp. Pl. 3: 84,1845
Orchidaceae,!,Arundina bambusifolia,Lindl.,Gen. Sp. Orchid. Pl. 125,1830-1840 [1831]
Orchidaceae,,Arundina graminifolia,(D. Don) Hochr.,Bull. New York Bot. Gard. 6: 270,1910
Apocynaceae,!,Asclepias curassavica,L.,Sp. Pl. 1: 215,1753
Plantaginaceae,!,Bacopa monnieri,(L.) Wettst.,"Nat. Pflanzenfam. 67[IV,3b]: 77",1891
Poaceae,!!,Bambusa vulgaris,Schrad. ex J.C. Wendl.,"Coll. Pl. 2: 26, pl. 47",1808
Poaceae,!,Bromus catharticus,Vahl,Symb. Bot. 2: 22,1791
Poaceae,!,Bromus diandrus,Roth,Bot. Abh. Beobacht. 44,1787
Araceae,,Caladium bicolor,(Aiton) Vent.,Mag. Encycl. 4(16): 464–471,1800
Cyperaceae,!,Carex brevicaulis,Thouars,Esquisse Fl. Tristan d'Acugna 35,1808
Cyperaceae,!,Carex unciniata,L. f.,Suppl. Pl. 413,1781 [1782]
Orobanchaceae,,Castilleja arvensis,Schltdl. & Cham.,Linnaea 5: 103,1830
Urticaceae,,Cecropia obtusifolia,Bertol.,Nuovi Ann. Sci. Nat. 3: 141,1840
Urticaceae,!,Cecropia peltata,L.,Syst. Nat. (ed. 10) 2: 1286,1759
Poaceae,,Cenchrus clandestinus,(Hochst. ex Chiov.) Morrone,"Ann. Bot. (Oxford), n.s. 106: 127",2010
Solanaceae,!,Cestrum nocturnum,L.,Sp. Pl. 1: 191,1753
Poaceae,!,Chloris gayana,Kunth,"Révis. Gramin. 1: 293, pl. 58",1830
Poaceae,!,Chrysopogon aciculatus,(Retz.) Trin.,Fund. Agrost. 188,1820
Verbenaceae,!,Citharexylum caudatum,L.,Sp. Pl. (ed. 2) 2: 872,1763
Lamiaceae,,Clerodendrum chinense,(Osbeck) Mabb.,Pl.-Book (corr. repr. 1989) 707,1989
Campanulaceae,,Cyanea palakea,C.N. Forbes,Occas. Pap. Bernice Pauahi Bishop Mus. 6(3): 72,1916
Cyperaceae,,Cyperus polystachyos,Rottb.,Descr. Pl. Rar. 21,1772
Poaceae,,Dactylis glomerata,L.,Sp. Pl. 1: 71,1753
Poaceae,!,Dactyloctenium aegyptium,(L.) Willd.,Enum. Pl. 2: 1029,1809
Poaceae,,Danthonia pilosa,R. Br.,Prodr. 177,1810
Campanulaceae,,Delissea undulata,Gaudich.,"Voy. Uranie 457, t. 78",1829
Poaceae,,Deschampsia australis,Hillebr.,Fl. Hawaiian Isl. 520,1888
Poaceae,,Deschampsia nubigena,Hillebr.,Fl. Hawaiian Isl. 521,1888
Poaceae,,Dichanthelium hillebrandianum,(Hitchc.) C.A. Clark & Gould,Brittonia 30(1): 57,1978
Poaceae,,Dichanthium aristatum,(Poir.) C.E. Hubb.,Bull. Misc. Inform. Kew 1939(10): 654,1939 [1940]
Poaceae,,Digitaria decumbens,Stent,Bothalia 3(1): 150,1930
Poaceae,!,Digitaria longiflora,(Retz.) Pers.,Syn. Pl. 1: 85,1805
Poaceae,,Digitaria radicosa,(J. Presl) Miq.,Fl. Ned. Ind. 3: 437,1857
Ebenaceae,!,Diospyros ferrea,(Willd.) Bakh.,"Gard. Bull. Straits Settlem., ser. 3, 7(2): 162",1933
Ebenaceae,,Diospyros sandwicensis,(A. DC.) Fosberg,Occas. Pap. Bernice Pauahi Bishop Mus. 12(15): 8,1936
Sapindaceae,!,Dodonaea viscosa,Jacq.,Enum. Syst. Pl. 19,1760
Asteraceae,!,Emilia fosbergii,Nicolson,Phytologia 32(1): 34,1975
Poaceae,!,Eragrostis amabilis,(L.) Wight & Arn.,"Cat. Indian Pl. p. 105, cat. no. 1777",1834
Poaceae,,Eragrostis atropioides,Hillebr.,Fl. Hawaiian Isl. 531,1888
Poaceae,!,Eragrostis brownii,(Kunth) Nees,Cat. Indian Pl. 105,1834
Poaceae,,Eragrostis grandis,Hillebr.,Fl. Hawaiian Isl. 528,1888
Poaceae,!,Eragrostis pilosa,(L.) P. Beauv.,"Ess. Agrostogr. 71, 162, 175",1812
Poaceae,!,Eragrostis variabilis,(Gaudich.) Hook. & Arn.,Bot. Beechey Voy. 101,1841 [1832]
Poaceae,,Festuca hawaiiensis,Hitchc.,"Mem. Bernice Pauahi Bishop Mus. 8(3): 115, f. 4",1922
Poaceae,,Gastridium ventricosum,(Gouan) Schinz & Thell.,Vierteljahrsschr. Naturf. Ges. Zürich 58: 39,1913
Lamiaceae,!,Gmelina arborea,Roxb. ex Sm.,Cycl. 16: Gmelina 4,1810
Malvaceae,!,Heliocarpus americanus,L.,Sp. Pl. 1: 448,1753
Poaceae,!,Heteropogon contortus,(L.) P. Beauv. ex Roem. & Schult.,Syst. Veg. (ed. 15 bis) 2: 836,1817
Poaceae,,Holcus lanatus,L.,Sp. Pl. 2: 1048,1753
Poaceae,,Hordeum leporinum,Link,Linnaea 9(1): 133,1834
Poaceae,,Hyparrhenia rufa,(Nees) Stapf,Fl. Trop. Afr. 9(2): 304–307,1919
Poaceae,!,Isachne distichophylla,Munro ex Hillebr.,Fl. Hawaiian Isl. 504,1888
Poaceae,,Ischaemum byrone,(Trin.) Hitchc.,"Mem. Bernice Pauahi Bishop Mus. 8(3): 213, f. 109",1922
Bignoniaceae,!,Jacaranda mimosifolia,D. Don,Bot. Reg. 8: pl. 631,1822
Joinvilleaceae,,Joinvillea ascendens,Gaudich. ex Brongn. & Gris,Bull. Soc. Bot. France 8: 269,1861
Plantaginaceae,,Lophospermum erubescens,D. Don,"Brit. Fl. Gard., ser. 2 1: , t. 68, sub t. 75",1831 [1830]
Sapindaceae,,Melicoccus bijugatus,Jacq.,Enum. Syst. Pl. 19,1760
Poaceae,,Melinis repens,(Willd.) Zizka,Biblioth. Bot. 138: 55,1988
Asteraceae,!,Montanoa hibiscifolia,Benth.,Vidensk. Meddel. Dansk Naturhist. Foren. Kjøbenhavn 1852(5–7): 89,1853
Rubiaceae,!!,Morinda citrifolia,L.,Sp. Pl. 1: 176,1753
Rubiaceae,!,Nertera granadensis,(Mutis ex L. f.) Druce,Rep. Bot. Soc. Exch. Club Brit. Isles 1916: 637,1917
Rubiaceae,!,Oldenlandia corymbosa,L.,Sp. Pl. 1: 119,1753
Poaceae,,Oplismenus hirtellus,(L.) P. Beauv.,"Ess. Agrostogr. 54, 168, 170",1812
Cyperaceae,,Oreobolus furcatus,H. Mann,Proc. Amer. Acad. Arts 7: 210,1867
Poaceae,,Panicum tenuifolium,Hook. & Arn.,Bot. Beechey Voy. 101,1841 [1832]
Poaceae,,Panicum torridum,Gaudich.,Voy. Uranie 411,1826 [1829]
Poaceae,,Paspalum conjugatum,P.J. Bergius,"Acta Helv. Phys.-Math. 7: 129, pl. 8",1772
Poaceae,!,Paspalum dilatatum,Poir.,Encycl. 5: 35,1804
Poaceae,!,Paspalum scrobiculatum,L.,Mant. Pl. 1: 29,1767
Poaceae,,Paspalum urvillei,Steud.,Syn. Pl. Glumac. 1: 24,1855 [1853]
Passifloraceae,!,Passiflora bicornis,Houst. ex Mill.,Gard. Dict. (ed. 8) no. 13,1768
Passifloraceae,!,Passiflora laurifolia,L.,Sp. Pl. 2: 956,1753
Passifloraceae,,Passiflora tarminiana,Coppens & V.E. Barney,"Novon 11(1): 9–14, f. 1, 2 [map], 3",2001
Piperaceae,,Peperomia hypoleuca,,,
Piperaceae,!,Peperomia tetraphylla,Hook. & Arn.,Bot. Beechey Voy. 97,1841 [1832]
Polygonaceae,,Persicaria capitata,(Buch.-Ham. ex D. Don) H. Gross,Bot. Jahrb. Syst. 49(2): 277,1913
Polygonaceae,,Persicaria glabra,(Willd.) M. Gómez,Anales Inst. Segunda Ensenanza Habana 2: 278,1896
Polygonaceae,,Persicaria punctata,(Elliott) Small,"Fl. S.E. U.S. 379, 1330",1903
Verbenaceae,!,Petrea volubilis,L.,Sp. Pl. 2: 626,1753
Araceae,!,Philodendron hederaceum,(Jacq.) Schott,Wiener Z. Kunst 1829(3): 780,1829
Poaceae,!,Phyllostachys nigra,(Lodd. ex Lindl.) Munro,"Trans. Linn. Soc. London 26(1): 38, 123",1868
Solanaceae,,Physalis peruviana,L.,Sp. Pl. (ed. 2) 2: 1670–1671,1763
Urticaceae,,Pilea nummulariifolia,(Sw.) Wedd.,"Ann. Sci. Nat., Bot., sér. 3, 18: 225",1852
Plumbaginaceae,,Plumbago zeylanica,L.,Sp. Pl. 1: 151,1753
Poaceae,!,Poa annua,L.,Sp. Pl. 1: 68,1753
Poaceae,!!,Poa pratensis,L.,Sp. Pl. 1: 67–68,1753
Rubiaceae,!,Pogonopus exsertus,(Oerst.) Oerst.,"Amer. Centr. 17, t. 13",1863
Poaceae,,Polypogon monspeliensis,(L.) Desf.,Fl. Atlant. 1: 67,1798
Rosaceae,!,Prunus persica,(L.) Batsch,Beytr. Entw. Gewächsreich 1: 30,1801
Rhizophoraceae,!,Rhizophora mangle,L.,Sp. Pl. 1: 443,1753
Poaceae,!,Rhynchelytrum repens,(Willd.) C.E. Hubb.,Bull. Misc. Inform. Kew 1934(3): 110,1934
Poaceae,!,Saccharum officinarum,L.,Sp. Pl. 1: 54,1753
Poaceae,,Sacciolepis indica,(L.) Chase,Proc. Biol. Soc. Washington 21: 8,1908
Sapindaceae,,Sapindus saponaria,L.,Sp. Pl. 1: 367,1753
Goodeniaceae,,Scaevola chamissoniana,Gaudich.,,
Poaceae,,Schizachyrium microstachyum,"(Desv. ex Ham.) Roseng., B.R. Arrill. & Izag.",Bol. Fac. Agron. Univ. Montevideo 103: 35,1968
Fabaceae,,Sesbania hawaiiensis,O. Deg. & I. Deg.,Phytologia 39(3): 159,1978
Poaceae,!,Setaria geniculata,P. Beauv.,"Ess. Agrostogr. 51, 169, 178",1812
Poaceae,,Setaria palmifolia,(J. Koenig) Stapf,"J. Linn. Soc., Bot. 42(285): 186",1914
Solanaceae,,Solanum americanum,Mill.,Gard. Dict. (ed. 8) Solanum no. 5,1768
Solanaceae,!,Solanum capsicoides,All.,Auct. Syn. Meth. Stirp. Hort. Regii Taurin. 12,1773
Solanaceae,!,Solanum lycopersicum,L.,Sp. Pl. 1: 185,1753
Solanaceae,,Solanum seaforthianum,Andrews,Bot. Repos. 8: pl. 504,1808
Orchidaceae,!,Spathoglottis plicata,Blume,Bijdr. Fl. Ned. Ind. (8): 401,1825
Rubiaceae,!,Spermacoce prostrata,Aubl.,"Hist. Pl. Guiane 1: 58, pl. 20, f. 3",1775
Poaceae,,Sporobolus africanus,(Poir.) Robyns & Tournay,Bull. Jard. Bot. État Bruxelles 25: 242,1955
Poaceae,,Sporobolus fertilis,(Steud.) Clayton,Kew Bull. 19(2): 291,1965
Poaceae,!,Sporobolus virginicus,(L.) Kunth,Révis. Gramin. 1: 67,1829
Verbenaceae,!,Stachytarpheta cayennensis,(Rich.) Vahl,Enum. Pl. 1: 208,1804
Verbenaceae,!,Stachytarpheta jamaicensis,(L.) Vahl,Enum. Pl. 1: 206–207,1804
Verbenaceae,,Stachytarpheta mutabilis,(Jacq.) Vahl,Enum. Pl. 1: 208–209,1804
Poaceae,,Stenotaphrum secundatum,(Walter) Kuntze,Revis. Gen. Pl. 2: 794,1891
Poaceae,,Stipa cernua,Stebbins & Love,"Madroño 6(4): 137–141, f. 1, pl. 13, f. 1, 3",1941
Lamiaceae,!,Tectona grandis,L. f.,Suppl. Pl. 151,1781 [1782]
Linderniaceae,,Torenia asiatica,L.,Sp. Pl. 2: 619,1753
Poaceae,,Trisetum glomeratum,(Kunth) Trin. ex Steud.,Nomencl. Bot. (ed. 2) 2: 714,1841
Malvaceae,!,Triumfetta semitriloba,Jacq.,Enum. Syst. Pl. 22,1760
Passifloraceae,,Turnera ulmifolia,L.,Sp. Pl. 1: 271,1753
Verbenaceae,!,Verbena litoralis,Kunth,Nov. Gen. Sp. (quarto ed.) 2(6): pl. 137,1817
Plantaginaceae,,Veronica plebeia,R. Br.,Prodr. 435,1810
Lamiaceae,,Vitex trifolia,L.,"Sp. Pl. 2: 638 [as ""938""]",1753
Malvaceae,,Waltheria indica,L.,Sp. Pl. 2: 673,1753
Rubiaceae,,Warszewiczia coccinea,(Vahl) Klotzsch,Ber. Bekanntm. Verh. Königl. Preuss. Akad. Wiss. Berlin 1853: 497,1853
Thymelaeaceae,,Wikstroemia phillyreifolia,A. Gray,J. Bot. 3: 304,1865
Thymelaeaceae,,Wikstroemia pulcherrima,Skottsb.,"Acta Horti Gothob. 10: 140–143, f. 7h–i, 10w–z, 14",1935 [1936]
Thymelaeaceae,,Wikstroemia sandwicensis,Meisn.,Prodr. 14(2): 545,1857
Fabaceae,!,Acacia confusa,Merr.,Philipp. J. Sci. 5(1): 27–28,1910
Fabaceae,,Acacia koa,A. Gray,"U.S. Expl. Exped., Phan. 1: 480–481",1854
Poaceae,,Agrostis avenacea,J.F. Gmel.,"Syst. Nat., ed. 13[bis] 2(1): 171",1791
Araceae,!,Alocasia cucullata,(Lour.) G. Don,Hort. Brit. (ed. 3) 631,1839
Araceae,**,Amorphophallus konjac,K. Koch,Berliner Allg. Gartenzeitung 166,1858
Araceae,,Anthurium clavigerum,Poepp.,Nov. Gen. Sp. Pl. 3: 84,1845
Poaceae,!,Axonopus fissifolius,(Raddi) Kuhlm.,"Comm. Lin. Telegr., Bot. 67(11): 87",1922
Poaceae,!,Briza minor,L.,Sp. Pl. 1: 70,1753
Fabaceae,!,Canavalia kauensis,H. St. John,Pacific Sci. 26(4): 409–414,1972
Urticaceae,,Cecropia obtusifolia,Bertol.,Nuovi Ann. Sci. Nat. 3: 141,1840
Poaceae,,Cenchrus hillebrandianus,Hitchc.,"Mem. Bernice Pauahi Bishop Mus. 8(3): 211, f. 106",1922
Poaceae,,Cenchrus purpureus,(Schumach.) Morrone,"Ann. Bot. (Oxford), n.s. 106: 129",2010
Poaceae,,Cenchrus setaceus,(Forssk.) Morrone,"Ann. Bot. (Oxford), n.s. 106: 129",2010
Solanaceae,!,Cestrum nocturnum,L.,Sp. Pl. 1: 191,1753
Amaranthaceae,,Chenopodium oahuense,Aellen,,
Campanulaceae,,Clermontia hawaiiensis,Rock,,
Rhamnaceae,,Colubrina oppositifolia,Brongn. ex H. Mann,Proc. Amer. Acad. Arts 7: 161,1867
Rubiaceae,,Coprosma ernodeoides,A. Gray,,
Rubiaceae,,Coprosma montana,Hillebr.,,
Rubiaceae,,Coprosma ochracea,W.R.B. Oliv.,,
Fabaceae,!,Crotalaria assamica,Benth.,London J. Bot. 2: 481,1843
Fabaceae,!,Crotalaria lanceolata,E. Mey.,Comm. Pl. Afr. Austr. 24–25,1836
Fabaceae,!,Crotalaria micans,Link,Enum. Pl. Hort. Berol. Alt. 2: 228–229,1822
Fabaceae,!,Crotalaria spectabilis,Roth,Nov. Pl. Sp. 341–342,1821
Campanulaceae,,Cyanea palakea,C.N. Forbes,Occas. Pap. Bernice Pauahi Bishop Mus. 6(3): 72,1916
Campanulaceae,,Cyanea platyphylla,(A. Gray) Hillebr.,Fl. Hawaiian Isl. 264,1888
Gesneriaceae,,Cyrtandra wagneri,Lorence & Perlman,"Novon 17(3): 357–361, 1",2007
Poaceae,,Dichanthelium hillebrandianum,(Hitchc.) C.A. Clark & Gould,Brittonia 30(1): 57,1978
Ebenaceae,,Diospyros sandwicensis,(A. DC.) Fosberg,Occas. Pap. Bernice Pauahi Bishop Mus. 12(15): 8,1936
Poaceae,,Eragrostis leptophylla,Hitchc.,"Mem. Bernice Pauahi Bishop Mus. 8(3): 133, f. 21",1922
Poaceae,,Eragrostis paupera,Jedwabn.,Bot. Arch. 5(3–4): 214,1924
Euphorbiaceae,,Euphorbia celastroides,Boiss.,Prodr. 15(2): 11,1862
Zingiberaceae,*,Hedychium flavescens,Carey ex Roscoe,"Monandr. Pl. Scitam. , t. 50",1824
Melastomataceae,,Heterocentron subtriplinervium,(Link & Otto) A. Braun & C.D. Bouché,Index Seminum (Berlin) 1851: 14,1851
Campanulaceae,!,Hippobroma longiflora,(L.) G. Don,Gen. Hist. 3: 717,1834
Araceae,,Homalomena rubescens,(Roxb.) Kunth,Enum. Pl. 3: 57,1841
Hypericaceae,,Hypericum gramineum,G. Forst.,Fl. Ins. Austr. 53,1786
Hypericaceae,,Hypericum mutilum,L.,Sp. Pl. 2: 787,1753
Hypericaceae,,Hypericum parvulum,Greene,Pittonia 1(9): 154,1888
Violaceae,,Isodendrion pyrifolium,A. Gray,Proc. Amer. Acad. Arts 2: 324,1852
Poaceae,,Lachnagrostis filiformis,(G. Forst.) Trin.,"Fund. Agrost. 128, pl. 10",1820
Cyperaceae,,Machaerina angustifolia,(Gaudich.) T. Koyama,Bot. Mag. (Tokyo) 69: 62,1956
Melastomataceae,,Melastoma candidum,D. Don,Mem. Wern. Nat. Hist. Soc. 4: 288,1823
Poaceae,!,Melinis minutiflora,P. Beauv.,"Ess. Agrostogr. 54, pl. 11, f. 4",1812
Myrtaceae,,Metrosideros polymorpha,Gaudich.,,
Fabaceae,!,Mimosa pudica,L.,Sp. Pl. 1: 518,1753
Fabaceae,!,Mucuna gigantea,(Willd.) DC.,Prodr. 2: 405,1825
Primulaceae,,Myrsine lanaiensis,Hillebr.,Fl. Hawaiian Isl. 281,1888
Primulaceae,,Myrsine lessertiana,A. DC.,"Ann. Sci. Nat., Bot., sér. 2, 16: 85",1841
Primulaceae,,Myrsine sandwicensis,A. DC.,"Ann. Sci. Nat., Bot., sér. 2, 16: 85",1841
Solanaceae,,Nothocestrum breviflorum,A. Gray,Proc. Amer. Acad. Arts 6: 49,1862
Onagraceae,,Oenothera stricta,Ledeb. ex Link,Enum. Pl. Hort. Berol. Alt. 1: 377,1821
Rubiaceae,,Paederia scandens,(Lour.) Merr.,Contr. Arnold Arbor. 8: 163,1934
Poaceae,,Panicum antidotale,Retz.,Observ. Bot. 4: 17,1786
Poaceae,,Panicum fauriei,Hitchc.,"Mem. Bernice Pauahi Bishop Mus. 8(3): 182, f. 71",1922
Poaceae,,Panicum konaense,Whitney & Hosaka,"Occas. Pap. Bernice Pauahi Bishop Mus. 12(5): 3, f. 1",1938
Poaceae,,Panicum longivaginatum,H. St. John,Phytologia 63(5): 370,1987
Poaceae,,Panicum pellitum,Trin.,Gram. Panic. 199,1826
Fabaceae,,Paraserianthes falcataria,(L.) I.C. Nielsen,"Bull. Mus. Natl. Hist. Nat., B, Adansonia, sér. 4 5(3): 327",1983 [1984]
Passifloraceae,!,Passiflora bicornis,Houst. ex Mill.,Gard. Dict. (ed. 8) no. 13,1768
Passifloraceae,!,Passiflora foetida,L.,Sp. Pl. 2: 959,1753
Piperaceae,,Peperomia cookiana,C. DC.,Prodr. 16(1): 450,1869
Piperaceae,,Peperomia hypoleuca,,,
Piperaceae,,Peperomia latifolia,Miq.,,
Piperaceae,,Peperomia leptostachya,Hook. & Arn.,Bot. Beechey Voy. 96,1841 [1832]
Piperaceae,,Peperomia macraeana,C. DC.,J. Bot. 4: 145–146,1866
Piperaceae,!,Peperomia membranacea,Hook. & Arn.,Bot. Beechey Voy. 96,1841 [1832]
Piperaceae,,Peperomia obovatilimba,C. DC.,Bull. Coll. Hawaii Publ. 29:,1913
Piperaceae,,Peperomia remyi,C. DC.,Annuaire Conserv. Jard. Bot. Genève 2: 286–287,1898
Polygonaceae,,Persicaria capitata,(Buch.-Ham. ex D. Don) H. Gross,Bot. Jahrb. Syst. 49(2): 277,1913
Araceae,,Philodendron erubescens,K. Koch & Augustin,Index Seminum (Berlin) 1854(App.): 6,1854
Piperaceae,!,Piper methysticum,G. Forst.,Pl. Esc. 5,1786
Asparagaceae,,Pleomele hawaiiensis,I. Deg. & O. Deg.,Fl. Hawaiiensis Fam. 68,1980
Araliaceae,,Polyscias sandwicensis,(A. Gray) Lowry & G.M. Plunkett,Plant Div. Evol. 128: 74,2010
Myrtaceae,!,Psidium cattleyanum,Sabine,"Trans. Hort. Soc. London 4: [315–]–317, pl. 11",1822 [1821]
Rubiaceae,,Psychotria hawaiiensis,(A. Gray) Fosberg,Occas. Pap. Bernice Pauahi Bishop Mus. 23: 43`,1964
Melastomataceae,,Pterolepis glomerata,(Rottb.) Miq.,Comm. Phytogr. 2: 78,1840
Rosaceae,,Rubus hawaiiensis,A. Gray,"U.S. Expl. Exped., Phan. 1: 504, t. 56",1858
Poaceae,,Rytidosperma penicillatum,(Labill.) Connor & Edgar,New Zealand J. Bot. 17(3): 327,1979
Santalaceae,,Santalum paniculatum,Hook. & Arn.,,
Goodeniaceae,,Scaevola sericea,Vahl,Symb. Bot. 2: 37,1791
Cyperaceae,,Scleria testacea,Nees,Linnaea 9: 303,1834
Malvaceae,!,Sida paniculata,L.,Syst. Nat. (ed. 10) 2: 1145,1759
Solanaceae,,Solanum seaforthianum,Andrews,Bot. Repos. 8: pl. 504,1808
Fabaceae,,Sophora chrysophylla,Seem.,Fl. Vit. 66,1865
Araceae,**,Spathiphyllum wallisii,hort.,"Gard. Chron., n.s. 1: 558",1875
Talinaceae,,Talinum triangulare,(Jacq.) Willd.,Sp. Pl. 2(2): 862,1799
Malvaceae,,Talipariti elatum,(Sw.) Fryxell,Contr. Univ. Michigan Herb. 23: 241,2001
Melastomataceae,,Tetrazygia bicolor,(Mill.) Cogn.,Monogr. Phan. 7: 724,1891
Melastomataceae,!,Tibouchina urvilleana,(DC.) Cogn.,"Fl. Bras. 14(3): 358, pl. 84",1885
Campanulaceae,,Trematolobelia wimmeri,O. Deg. & I. Deg.,Phytologia 17: 370–371,1968
Ericaceae,,Vaccinium dentatum,Sm.,,
Ericaceae,,Vaccinium reticulatum,Sm.,,
Violaceae,,Viola maviensis,H. Mann,,
Thymelaeaceae,,Wikstroemia phillyreifolia,A. Gray,J. Bot. 3: 304,1865
Thymelaeaceae,,Wikstroemia pulcherrima,Skottsb.,"Acta Horti Gothob. 10: 140–143, f. 7h–i, 10w–z, 14",1935 [1936]
Thymelaeaceae,,Wikstroemia sandwicensis,Meisn.,Prodr. 14(2): 545,1857
Araceae,!,Xanthosoma sagittifolium,(L.) Schott,Melet. Bot. 19,1832
Xyridaceae,,Xyris platylepis,Chapm.,Fl. South. U.S. 501,1860
Zingiberaceae,,Zingiber zerumbet,(L.) Roscoe ex Sm.,Exot. Bot. 2: 105,1806
Fabaceae,,Acacia koa,A. Gray,"U.S. Expl. Exped., Phan. 1: 480–481",1854
Poaceae,*,Agrostis filiformis,(G. Forst.) Spreng.,Mant. Prim. Fl. Hal. 32,1807
Poaceae,*,Aira australis,Nees ex Steud.,Syn. Pl. Glumac. 1: 220,1855 [1854]
Araceae,!,Alocasia cucullata,(Lour.) G. Don,Hort. Brit. (ed. 3) 631,1839
Apocynaceae,,Alyxia oliviformis,Gaudich.,Voy. Uranie 451,1826
Apocynaceae,,Alyxia stellata,(J.R. Forst. & G. Forst.) Roem. & Schult.,Syst. Veg. (ed. 15 bis) 4: 439,1819
Bignoniaceae,,Anemopaegma puberulum,(Seibert) Miranda,Anales Inst. Biol. Univ. Nac. México 24(1): 93–94,1953
Plantaginaceae,!,Angelonia salicariifolia,Bonpl.,"Pl. Aequinoct. 2: 92, t. 108",1812
Orchidaceae,,Anoectochilus sandvicensis,Lindl.,,
Poaceae,!,Anthoxanthum odoratum,L.,Sp. Pl. 1: 28,1753
Araceae,,Anthurium acutangulum,Engl.,Bot. Jahrb. Syst. 25(3): 371–372,1898
Araceae,,Anthurium andraeanum,Linden,"Ill. Hort. 24: 43–44, pl. 271",1877
Araceae,**,Anthurium andreanum,Linden,,
Araceae,,Anthurium clavigerum,Poepp.,Nov. Gen. Sp. Pl. 3: 84,1845
Araceae,,Anthurium scolopendrinum,(Desv. ex Ham.) Kunth,Enum. Pl. 3: 68,1841
Araucariaceae,,Araucaria columnaris,(J.R. Forst.) Hook.,"Bot. Mag. 78: , t. 4635",1852
Araucariaceae,,Araucaria heterophylla,(Salisb.) Franco,Anais Inst. Super. Agron. 19: 11–12,1952
Orchidaceae,!,Arundina bambusifolia,Lindl.,Gen. Sp. Orchid. Pl. 125,1830-1840 [1831]
Orchidaceae,,Arundina graminifolia,(D. Don) Hochr.,Bull. New York Bot. Gard. 6: 270,1910
Apocynaceae,!,Asclepias curassavica,L.,Sp. Pl. 1: 215,1753
Asteliaceae,,Astelia argyrocoma,A. Heller ex Skottsb.,,
Poaceae,!,Axonopus fissifolius,(Raddi) Kuhlm.,"Comm. Lin. Telegr., Bot. 67(11): 87",1922
Plantaginaceae,!,Bacopa monnieri,(L.) Wettst.,"Nat. Pflanzenfam. 67[IV,3b]: 77",1891
Poaceae,!!,Bambusa vulgaris,Schrad. ex J.C. Wendl.,"Coll. Pl. 2: 26, pl. 47",1808
Asteraceae,*,Bidens angustifolia,Nutt.,"Trans. Amer. Philos. Soc., n.s. 7: 369",1841
Asteraceae,,Bidens awaluana,"O. Deg., I. Deg. & Sherff",Occas. Pap. Bernice Pauahi Bishop Mus. 23: 124,1964
Asteraceae,,Bidens cervicata,Sherff,Bot. Gaz. 70–99,1920
Asteraceae,,Bidens dimidiata,O. Deg. & Sherff,,
Asteraceae,*,Bidens gracilis,Nutt.,"Trans. Amer. Philos. Soc., n.s. 7: 368–369",1841
Asteraceae,,Bidens halawana,O. Deg. & Sherff,Bot. Gaz. 94: 589,1933
Asteraceae,*,Bidens hirsuta,Nutt.,"Trans. Amer. Philos. Soc., n.s. 7: 369",1841
Asteraceae,,Bidens magnidisca,O. Deg. & Sherff,,
Asteraceae,,Bidens mutica,Nutt.,"Trans. Amer. Philos. Soc., n.s. 7: 368",1841
Asteraceae,,Bidens populifolia,Sherff,Bot. Gaz. 86: 438,1928
Convolvulaceae,!!,Bonamia menziesii,A. Gray,Proc. Amer. Acad. Arts 5: 337,1862
Campanulaceae,,Brighamia insignis,A. Gray,Proc. Am. Acad. 7: 185,1867
Campanulaceae,,Brighamia rockii,H. St. John,Bot. J. Linn. Soc. 62. 196,1969
Poaceae,!,Bromus catharticus,Vahl,Symb. Bot. 2: 22,1791
Poaceae,!,Bromus diandrus,Roth,Bot. Abh. Beobacht. 44,1787
Poaceae,!,Bromus rubens,L.,Cent. Pl. I 5,1755
Araceae,,Caladium bicolor,(Aiton) Vent.,Mag. Encycl. 4(16): 464–471,1800
Fabaceae,!,Calliandra haematocephala,Hassk.,Retzia 1: 216–219,1855
Fabaceae,,Calliandra riparia,Pittier,Arb. Arbust. Venez. 6–8: 80,1927
Apocynaceae,,Calotropis gigantea,(L.) W.T. Aiton,Hortus Kew. (ed. 2) 2: 78,1811
Apocynaceae,!,Calotropis procera,(Aiton) W.T. Aiton,Hortus Kew. (ed. 2) 2: 78,1811
Cyperaceae,!,Carex brevicaulis,Thouars,Esquisse Fl. Tristan d'Acugna 35,1808
Cyperaceae,,Carex longii,Mack.,Bull. Torrey Bot. Club 49(12): 373,1922 [1923]
Cyperaceae,,Carex meyenii,Nees,Cyperaceae 71–68,1841
Cyperaceae,!,Carex unciniata,L. f.,Suppl. Pl. 413,1781 [1782]
Orobanchaceae,,Castilleja arvensis,Schltdl. & Cham.,Linnaea 5: 103,1830
Bignoniaceae,,Catalpa longissima,(Jacq.) Dum. Cours.,Bot. Cult. 2: 190,1802
Apocynaceae,,Catharanthus roseus,(L.) G. Don,Gen. Hist. 4(1): 95,1838 [1837]
Urticaceae,,Cecropia obtusifolia,Bertol.,Nuovi Ann. Sci. Nat. 3: 141,1840
Urticaceae,!,Cecropia peltata,L.,Syst. Nat. (ed. 10) 2: 1286,1759
Poaceae,,Cenchrus agrimonioides,Trin.,Gram. Panic. 72,1826
Poaceae,,Cenchrus clandestinus,(Hochst. ex Chiov.) Morrone,"Ann. Bot. (Oxford), n.s. 106: 127",2010
Poaceae,,Cenchrus polystachios,(L.) Morrone,"Ann. Bot. (Oxford), n.s. 106: 129",2010
Poaceae,,Cenchrus purpureus,(Schumach.) Morrone,"Ann. Bot. (Oxford), n.s. 106: 129",2010
Cactaceae,!,Cereus undatus,Haw.,Philos. Mag. Ann. Chem. 7: 110,1830
Solanaceae,!,Cestrum nocturnum,L.,Sp. Pl. 1: 191,1753
Poaceae,,Chionachne macrophylla,(Benth.) Clayton,Kew Bull. 35(4): 814,1981
Poaceae,!,Chloris barbata,Sw.,Fl. Ind. Occid. 1: 200,1797
Poaceae,!,Chloris gayana,Kunth,"Révis. Gramin. 1: 293, pl. 58",1830
Poaceae,!,Chloris radiata,(L.) Sw.,Prodr. 26,1788
Poaceae,,Chloris truncata,R. Br.,Prodr. 186,1810
Poaceae,!,Chrysopogon aciculatus,(Retz.) Trin.,Fund. Agrost. 188,1820
Vitaceae,!,Cissus nodosa,Blume,Catalogus 39,1823
Verbenaceae,!,Citharexylum caudatum,L.,Sp. Pl. (ed. 2) 2: 872,1763
Cyperaceae,,Cladium leptostachyum,Nees & Meyen,Cyperaceae 63–64,1841
Cyperaceae,,Cladium leptostachyum,Nees,Reise 2: 119,1835
Euphorbiaceae,,Claoxylon helleri,Sherff,Amer. J. Bot. 24: 88,1937
Lamiaceae,,Clerodendrum chinense,(Osbeck) Mabb.,Pl.-Book (corr. repr. 1989) 707,1989
Menispermaceae,,Cocculus orbiculatus,(L.) DC.,Syst. Nat. 1: 523,1818 [1817]
Bixaceae,!,Cochlospermum vitifolium,(Willd.) Spreng.,Syst. Veg. [Sprengel] 2: 596,1825
Poaceae,!,Coix lacryma-jobi,L.,Sp. Pl. 2: 972,1753
Rubiaceae,,Coprosma kawaikiniensis,"K.R. Wood, Lorence & Kiehn",PhytoKeys 60: 23–32,2016
Cordiaceae,!,Cordia dichotoma,G. Forst.,"Fl. Ins. Austr. 18, n. 110",1786
Bignoniaceae,,Crescentia cujete,L.,Sp. Pl. 2: 626,1753
Lauraceae,,Cryptocarya mannii,Hillebr.,Fl. Hawaiian Isl. 382,1888
Cupressaceae,,Cryptomeria japonica,(Thunb. ex L. f.) D. Don,"Trans. Linn. Soc. London 18: 167, pl. 13, f. 1",1839
Lythraceae,,Cuphea carthagenensis,(Jacq.) J.F. Macbr.,"Publ. Field Mus. Nat. Hist., Bot. Ser. 8(2): 124",1930
Lythraceae,,Cuphea hyssopifolia,Kunth,Nov. Gen. Sp. (quarto ed.) 6: 199–200,1823 [1824]
Campanulaceae,,Cyanea arborea,Hillebr.,Fl. Hawaiian Isl. 261,1888
Campanulaceae,,Cyanea degeneriana,E. Wimm.,,
Campanulaceae,,Cyanea palakea,C.N. Forbes,Occas. Pap. Bernice Pauahi Bishop Mus. 6(3): 72,1916
Campanulaceae,,Cyanea profuga,C.N. Forbes,Occas. Pap. Bernice Pauahi Bishop Mus. 6: 70,1916
Campanulaceae,,Cyanea selachicauda,O. Deg.,Fl. Hawaiiensis Fam. 339: without numbers,1932
Campanulaceae,,Cyanea sylvestris,A. Heller,,
Poaceae,,Cymbopogon citratus,(DC.) Stapf,"Bull. Misc. Inform. Kew 1906: 322, 357",1906
Poaceae,,Cymbopogon refractus,(R. Br.) A. Camus,Rev. Bot. Appl. Agric. Colon. 1: 279,1921
Poaceae,,Cynodon aristulatus,Caro & E.A. Sánchez,"Darwiniana 17: 514, f. 2",1972
Poaceae,!,Cynodon dactylon,(L.) Pers.,Syn. Pl. 1: 85,1805
Cyperaceae,,Cyperus auriculatus,Nees & Meyen ex Kunth,Enum. Pl. 2: 83,1837
Cyperaceae,!,Cyperus cyperinus,(Retz.) Valck. Sur.,"Cyperus 154, pl. 6, f. 10",1898
Cyperaceae,,Cyperus kyllingia,Endl.,Cat. Horti Vindob. 1: 94,1842
Cyperaceae,,Cyperus polystachyos,Rottb.,Descr. Pl. Rar. 21,1772
Cyperaceae,,Cyperus ventricosus,R. Br.,Prodr. 217,1810
Gesneriaceae,,Cyrtandra campaniformis,H. St. John,,
Gesneriaceae,*,Cyrtandra longifolia,Hillebr.,,
Gesneriaceae,,Cyrtandra nutans,H. St. John,Occas. Pap. Bernice Pauahi Bishop Mus. 21(15): 295,1955
