family,taxon,author,endemism,IUCN category,ThreatSearch assessed
Acanthaceae,Anisotes pubinervius,(T.Anderson) Heine,no,NE,yes
Acanthaceae,Avicennia marina,(Forssk.) Vierh.,no,LC,yes
Acanthaceae,Barleria mirabilis,I.Darbysh. & Q.Luke,yes,VU,yes
Acanthaceae,Mimulopsis arborescens,C.B.Clarke,no,LC,yes
Acanthaceae,Sclerochiton glandulosissimus,Vollesen,yes,VU,yes
Acanthaceae,Sclerochiton obtusisepalus,C.B.Clarke,no,EN,yes
Acanthaceae,Sclerochiton uluguruensis,Vollesen,yes,EN,yes
Achariaceae,Caloncoba welwitschii,(Oliv.) Gilg,no,LC,yes
Achariaceae,Dasylepis integra,Warb.,no,LC,yes
Achariaceae,Grandidiera boivinii,Jaub.,no,LC,yes
Achariaceae,Kiggelaria africana,L.,no,LC,yes
Achariaceae,Lindackeria bukobensis,Gilg,no,NE,yes
Achariaceae,Lindackeria fragrans,(Gilg) Gilg,no,VU,yes
Achariaceae,Lindackeria schweinfurthii,Gilg,no,NE,yes
Achariaceae,Peterodendron ovatum,(Sleumer) Sleumer,yes,LC,yes
Achariaceae,Rawsonia lucida,Harv. & Sond.,no,LC,yes
Achariaceae,Xylotheca tettensis,(Klotzsch) Gilg,no,LC,yes
Amaryllidaceae,Cryptostephanus haemanthoides,Pax,no,LC,yes
Anacardiaceae,Lannea alata,(Engl.) Engl.,no,LC,yes
Anacardiaceae,Lannea antiscorbutica,(Hiern) Engl.,no,NE,yes
Anacardiaceae,Lannea asymmetrica,R.E.Fr.,no,VU,yes
Anacardiaceae,Lannea cotoneaster,(Chiov.) Sacleux,no,NE,no
Anacardiaceae,Lannea fulva,(Engl.) Engl.,no,NE,yes
Anacardiaceae,Lannea humilis,(Oliv.) Engl.,no,LC,yes
Anacardiaceae,Lannea rivae,(Chiov.) Sacleux,no,LC,yes
Anacardiaceae,Lannea schimperi,(Hochst. ex A.Rich.) Engl.,no,NE,yes
Anacardiaceae,Lannea schweinfurthii,Engl.,no,NT,yes
Anacardiaceae,Lannea triphylla,(Hochst. ex A.Rich.) Engl.,no,NE,yes
Anacardiaceae,Lannea welwitschii,(Hiern) Engl.,no,EN,yes
Anacardiaceae,Ozoroa insignis,Delile,no,LC,yes
Anacardiaceae,Ozoroa kassneri,(Engl. & Brehmer) R.Fern. & A.Fern.,no,VU,yes
Anacardiaceae,Ozoroa obovata,(Oliv.) R.Fern. & A.Fern.,no,LC,yes
Anacardiaceae,Pistacia aethiopica,Kokwaro,no,NT,yes
Anacardiaceae,Pseudospondias microcarpa,(A.Rich.) Engl.,no,VU,yes
Anacardiaceae,Sclerocarya birrea,(A.Rich.) Hochst.,no,NE,yes
Anacardiaceae,Searsia anchietae,(Ficalho & Hiern) Moffett,no,LC,yes
Anacardiaceae,Searsia brenanii,(Kokwaro) Moffett,yes,EN,yes
Anacardiaceae,Searsia crenulata,(A.Rich.) Moffett,no,NE,yes
Anacardiaceae,Searsia longipes,(Engl.) Moffett,no,LC,yes
Anacardiaceae,Searsia natalensis,(Bernh. ex C.Krauss) F.A.Barkley,no,LC,yes
Anacardiaceae,Searsia pyroides,(Burch.) Moffett,no,LC,yes
Anacardiaceae,Searsia quartiniana,(A.Rich.) A.J.Mill.,no,LC,yes
Anacardiaceae,Searsia tenuinervis,(Engl.) Moffett,no,LC,yes
Anacardiaceae,Sorindeia calantha,Mildbr.,no,VU,yes
Anacardiaceae,Sorindeia juglandifolia,(A.Rich.) Planch. ex Oliv.,no,LC,yes
Anacardiaceae,Sorindeia madagascariensis,Thouars ex DC.,no,LC,yes
Anacardiaceae,Sorindeia winkleri,Engl.,no,LC,yes
Anacardiaceae,Trichoscypha lucens,Oliv.,no,LC,yes
Anacardiaceae,Trichoscypha ulugurensis,Mildbr.,no,NE,yes
Anisophylleaceae,Anisophyllea boehmii,Engl.,no,NE,no
Anisophylleaceae,Anisophyllea obtusifolia,Engl. & Brehmer,yes,NE,yes
Anisophylleaceae,Anisophyllea pomifera,Engl. & Brehmer,no,LC,yes
Annonaceae,Annickia kummeriae,(Engl. & Diels) Setten & Maas,yes,EN,yes
Annonaceae,Annona senegalensis,Pers.,no,LC,yes
Annonaceae,Anonidium usambarense,R.E.Fr.,yes,DD,yes
Annonaceae,Artabotrys brachypetalus,Benth.,no,LC,yes
Annonaceae,Artabotrys monteiroae,Oliv.,no,LC,yes
Annonaceae,Asteranthe asterias,(S.Moore) Engl. & Diels,no,NT,yes
Annonaceae,Asteranthe lutea,Vollesen,yes,EN,yes
Annonaceae,Cleistochlamys kirkii,(Benth.) Oliv.,no,LC,yes
Annonaceae,Dielsiothamnus divaricatus,(Diels) R.E.Fr.,yes,LC,yes
Annonaceae,Greenwayodendron usambaricum,"(Verdc.) Lissambou, Hardy & Couvreur",yes,EN,yes
Annonaceae,Hexalobus monopetalus,(A.Rich.) Engl. & Diels,no,LC,yes
Annonaceae,Huberantha tanganyikensis,(Vollesen) Chaowasku,yes,EN,yes
Annonaceae,Huberantha verdcourtii,(Vollesen) Chaowasku,yes,EN,yes
Annonaceae,Isolona cauliflora,Verdc.,no,VU,yes
Annonaceae,Isolona heinsenii,Engl.,yes,VU,yes
Annonaceae,Isolona hexaloba,(Pierre) Engl. & Diels,no,LC,yes
Annonaceae,Isolona linearis,Couvreur,yes,EN,yes
Annonaceae,Lettowianthus stellatus,Diels,no,LC,yes
Annonaceae,Mischogyne iddii,Gosline & A.R.Marshall,yes,EN,yes
Annonaceae,Mkilua fragrans,Verdc.,no,VU,yes
Annonaceae,Monanthotaxis buchananii,(Engl.) Verdc.,no,NE,yes
Annonaceae,Monanthotaxis ferruginea,(Oliv.) Verdc.,no,NE,yes
Annonaceae,Monanthotaxis fornicata,(Baill.) Verdc.,no,LC,yes
Annonaceae,Monanthotaxis obovata,(Benth.) P.H.Hoekstra,no,LC,yes
Annonaceae,Monanthotaxis parvifolia,(Oliv.) Verdc.,no,LC,yes
Annonaceae,Monodora angolensis,Welw.,no,LC,yes
Annonaceae,Monodora carolinae,Couvreur        ,no,EN,yes
Annonaceae,Monodora globiflora,Couvreur,yes,LC,yes
Annonaceae,Monodora grandidieri,Baill.,no,LC,yes
Annonaceae,Monodora hastipetala,Couvreur        ,yes,EN,yes
Annonaceae,Monodora junodii,Engl. & Diels,no,LC,yes
Annonaceae,Monodora minor,Engl. & Diels,no,NT,yes
Annonaceae,Monodora myristica,(Gaertn.) Dunal,no,LC,yes
Annonaceae,Mwasumbia alba,Couvreur & D.M.Johnson,yes,VU,yes
Annonaceae,Ophrypetalum odoratum,Diels,no,NT,yes
Annonaceae,Polyceratocarpus askhambryan-iringae,A.R.Marshall & D.M.Johnson,yes,EN,yes
Annonaceae,Polyceratocarpus scheffleri,Engl. & Diels,yes,EN,yes
Annonaceae,Sanrafaelia ruffonammari,Verdc.,yes,EN,yes
Annonaceae,Sphaerocoryne gracilis,(Engl. & Diels) Verdc.,no,LC,yes
Annonaceae,Toussaintia orientalis,Verdc.,no,EN,yes
Annonaceae,Uvaria acuminata,Oliv.,no,LC,yes
Annonaceae,Uvaria angolensis,Welw. ex Oliv.,no,LC,yes
Annonaceae,Uvaria faulknerae,Verdc.,no,EN,yes
Annonaceae,Uvaria leptocladon,Oliv.,no,LC,yes
Annonaceae,Uvaria pandensis,Verdc.,yes,EN,yes
Annonaceae,Uvaria welwitschii,(Hiern) Engl. & Diels,no,NE,yes
Annonaceae,Uvariastrum hexaloboides,(R.E.Fr.) R.E.Fr. ex N.Robson,no,LC,yes
Annonaceae,Uvariodendron anisatum,Verdc.,no,VU,yes
Annonaceae,Uvariodendron gorgonis,Verdc.,no,EN,yes
Annonaceae,Uvariodendron kirkii,Verdc.,no,VU,yes
Annonaceae,Uvariodendron oligocarpum,Verdc.,yes,EN,yes
Annonaceae,Uvariodendron pycnophyllum,(Diels) R.E.Fr.,yes,EN,yes
Annonaceae,Uvariodendron usambarense,R.E.Fr.,yes,EN,yes
Annonaceae,Uvariopsis bisexualis,Verdc.,yes,EN,yes
Annonaceae,Uvariopsis lovettiana,Couvreur & Q.Luke,yes,EN,yes
Annonaceae,Xylopia aethiopica,(Dunal) A.Rich.,no,LC,yes
Annonaceae,Xylopia arenaria,Engl.,no,VU,yes
Annonaceae,Xylopia collina,Diels,no,NT,yes
Annonaceae,Xylopia gracilipes,D.M.Johnson & N.A.Murray,no,LC,yes
Annonaceae,Xylopia holtzii,Engl.,no,LC,yes
Annonaceae,Xylopia longipetala,De Wild. & T.Durand,no,LC,yes
Annonaceae,Xylopia lukei,D.M.Johnson & Goyder,no,EN,yes
Annonaceae,Xylopia mwasumbii,D.M. Johnson,yes,EN,yes
Annonaceae,Xylopia rubescens,Oliv.,no,LC,yes
Annonaceae,Xylopia shirensis,(Diels & Engl.) D.M.Johnson & N.A.Murray,no,LC,yes
Annonaceae,Xylopia tanganyikensis,D.M.Johnson,yes,EN,yes
Aphloiaceae,Aphloia theiformis,(Vahl) Benn.,no,LC,yes
Apiaceae,Heteromorpha arborescens,(Spreng.) Cham. & Schltdl.,no,LC,yes
Apiaceae,Heteromorpha involucrata,Conrath,no,LC,yes
Apiaceae,Steganotaenia araliacea,Hochst.,no,LC,yes
Apocynaceae,Acokanthera laevigata,Kupicha,no,VU,yes
Apocynaceae,Acokanthera oppositifolia,(Lam.) Codd,no,LC,yes
Apocynaceae,Acokanthera schimperi,(A.DC.) Schweinf.,no,LC,yes
Apocynaceae,Adenium obesum,(Forssk.) Roem. & Schult.,no,LC,yes
Apocynaceae,Alstonia boonei,De Wild.,no,LC,yes
Apocynaceae,Calotropis procera,(Aiton) W.T.Aiton,no,LC,yes
Apocynaceae,Carissa bispinosa,(L.) Desf. ex Brenan,no,LC,yes
Apocynaceae,Cerbera manghas,L.,no,LC,yes
Apocynaceae,Diplorhynchus condylocarpon,(Müll.Arg.) Pichon,no,LC,yes
Apocynaceae,Ephippiocarpa orientalis,(S.Moore) Markgr.,no,NE,no
Apocynaceae,Funtumia africana,(Benth.) Stapf,no,LC,yes
Apocynaceae,Funtumia elastica,(Preuss) Stapf,no,LC,yes
Apocynaceae,Holarrhena pubescens,Wall. ex G.Don,no,LC,yes
Apocynaceae,Hunteria zeylanica,(Retz.) Gardner ex Thwaites,no,LC,yes
Apocynaceae,Landolphia parvifolia,K.Schum.,no,LC,yes
Apocynaceae,Mascarenhasia arborescens,A.DC.,no,NE,no
Apocynaceae,Pleiocarpa pycnantha,(K.Schum.) Stapf,no,LC,yes
Apocynaceae,Rauvolfia caffra,Sond.,no,LC,yes
Apocynaceae,Rauvolfia mannii,Stapf,no,LC,yes
Apocynaceae,Rauvolfia mombasiana,Stapf,no,LC,yes
Apocynaceae,Rauvolfia vomitoria,Afzel.,no,LC,yes
Apocynaceae,Sacleuxia tuberosa,(E.A.Bruce) Bullock,no,NE,no
Apocynaceae,Schizozygia coffaeoides,Baill.,no,LC,yes
Apocynaceae,Strophanthus eminii,Asch. ex Pax,no,NE,yes
Apocynaceae,Strophanthus welwitschii,(Baill.) K.Schum.,no,LC,yes
Apocynaceae,Tabernaemontana elegans,Stapf,no,LC,yes
Apocynaceae,Tabernaemontana odoratissima,(Stapf) Leeuwenb.,no,NE,yes
Apocynaceae,Tabernaemontana pachysiphon,Stapf,no,LC,yes
Apocynaceae,Tabernaemontana stapfiana,Britten,no,LC,yes
Apocynaceae,Tabernaemontana ventricosa,Hochst. ex A.DC.,no,LC,yes
Apocynaceae,Voacanga africana,Stapf ex Scott Elliot,no,LC,yes
Apocynaceae,Voacanga thouarsii,Roem. & Schult.,no,LC,yes
Aquifoliaceae,Ilex mitis,(L.) Radlk.,no,LC,yes
Araliaceae,Astropanax abyssinicus,(Hochst. ex A.Rich.) Seem.,no,NE,yes
Araliaceae,Astropanax goetzenii,"(Harms) Lowry, G.M.Plunkett, Gostel & Frodin",no,NE,no
Araliaceae,Astropanax polysciadius,"(Harms) Lowry, G.M.Plunkett, Gostel & Frodin",no,NE,no
Araliaceae,Astropanax stolzii,"(Harms) Lowry, G.M.Plunkett, Gostel & Frodin",yes,VU,yes
Araliaceae,Astropanax urostachyus,"(Harms) Lowry, G.M.Plunkett, Gostel & Frodin",no,NE,no
Araliaceae,Astropanax volkensii,"(Harms) Lowry, G.M.Plunkett, Gostel & Frodin",no,NE,yes
Araliaceae,Cussonia arborea,Hochst. ex A.Rich.,no,LC,yes
Araliaceae,Cussonia holstii,Harms ex Engl.,no,LC,yes
Araliaceae,Cussonia jatrophoides,Hutch. & E.A.Bruce,yes,VU,yes
Araliaceae,Cussonia spicata,Thunb.,no,NE,yes
Araliaceae,Cussonia zimmermannii,Harms,no,LC,yes
Araliaceae,Neocussonia lukwangulensis,"(Tennant) Lowry, G.M.Plunkett, Gostel & Frodin",yes,EN,yes
Araliaceae,Polyscias albersiana,Harms,yes,EN,yes
Araliaceae,Polyscias fulva,(Hiern) Harms,no,LC,yes
Araliaceae,Polyscias richardsiae,Bamps,yes,VU,yes
Araliaceae,Polyscias stuhlmannii,Harms,yes,EN,yes
Arecaceae,Borassus aethiopum,Mart.,no,LC,yes
Arecaceae,Dypsis pembana,(H.E.Moore) Beentje & J.Dransf.,yes,VU,yes
Arecaceae,Elaeis guineensis,Jacq.,no,LC,yes
Arecaceae,Eremospatha haullevilleana,De Wild.,no,LC,yes
Arecaceae,Hyphaene compressa,H.Wendl.,no,LC,yes
Arecaceae,Hyphaene coriacea,Gaertn.,no,LC,yes
Arecaceae,Hyphaene petersiana,Klotzsch ex Mart.,no,LC,yes
Arecaceae,Phoenix reclinata,Jacq.,no,LC,yes
Arecaceae,Raphia farinifera,(Gaertn.) Hyl.,no,LC,yes
Asparagaceae,Dracaena afromontana,Mildbr.,no,LC,yes
Asparagaceae,Dracaena aletriformis,(Haw.) Bos,no,LC,yes
Asparagaceae,Dracaena fragrans,(L.) Ker Gawl.,no,LC,yes
Asparagaceae,Dracaena mannii,Baker,no,LC,yes
Asparagaceae,Dracaena steudneri,Engl.,no,LC,yes
Asphodelaceae,Aloe ballyi,Reynolds,no,EN,yes
Asphodelaceae,Aloe elata,S.Carter & L.E.Newton,no,VU,yes
Asphodelaceae,Aloe mawii,Christian,no,LC,yes
Asphodelaceae,Aloe volkensii,Engl.,no,LC,yes
Asteraceae,Baccharoides calvoana,"(Hook.f.) Isawumi, El-Ghazaly & B.Nord.",no,LC,yes
Asteraceae,Brachylaena huillensis,O.Hoffm.,no,NT,yes
Asteraceae,Chrysanthemoides monilifera,(L.) Norl.,no,LC,yes
Asteraceae,Conyza vernonioides,(Sch.Bip. ex A.Rich.) Wild,no,NE,yes
Asteraceae,Dendrosenecio johnstonii,(Oliv.) B.Nord.,yes,LC,yes
Asteraceae,Dendrosenecio kilimanjari,(Mildbr.) E.B.Knox,yes,LC,yes
Asteraceae,Dendrosenecio meruensis,(Cotton & Blakelock) E.B.Knox,yes,LC,yes
Asteraceae,Gymnanthemum amygdalinum,(Delile) Sch.Bip.,no,NE,yes
Asteraceae,Gymnanthemum auriculiferum,(Hiern) Isawumi,no,LC,yes
Asteraceae,Gymnanthemum bellinghamii,(S.Moore) H.Rob.,no,NE,no
Asteraceae,Gymnanthemum coloratum,(Willd.) H.Rob. & B.Kahn,no,LC,yes
Asteraceae,Gymnanthemum exsertiflorum,(Baker) H.Rob.,no,LC,yes
Asteraceae,Gymnanthemum myrianthum,(Hook.f.) H.Rob.,no,NE,yes
Asteraceae,Hoffmannanthus abbotianus,"(O.Hoffm.) H.Rob., S.C.Keeley & Skvarla",no,NE,no
Asteraceae,Solanecio mannii,(Hook.f.) C.Jeffrey,no,LC,yes
Asteraceae,Tarchonanthus camphoratus,L.,no,LC,yes
Asteraceae,Vernonia bruceae,C.Jeffrey        ,yes,EN,yes
Asteraceae,Vernonia hildebrandtii,Baker,no,NE,no
Bignoniaceae,Fernandoa abbreviata,Bidgood,no,EN,yes
Bignoniaceae,Fernandoa lutea,(Verdc.) Bidgood,yes,CR,yes
Bignoniaceae,Fernandoa magnifica,Seem.,no,NE,yes
Bignoniaceae,Kigelia africana,(Lam.) Benth.,no,LC,yes
Bignoniaceae,Markhamia lutea,(Benth.) K.Schum.,no,LC,yes
Bignoniaceae,Markhamia obtusifolia,(Baker) Sprague,no,LC,yes
Bignoniaceae,Spathodea campanulata,P.Beauv.,no,LC,yes
Bignoniaceae,Stereospermum kunthianum,Cham.,no,LC,yes
Bignoniaceae,Tecoma capensis,(Thunb.) Lindl.,no,LC,yes
Bignoniaceae,Tecoma nyassae,Oliv.,no,LC,yes
Boraginaceae,Bourreria nemoralis,(Gürke) Thulin,no,LC,yes
Boraginaceae,Bourreria petiolaris,(Lam.) Thulin,no,NE,no
Boraginaceae,Cordia africana,Lam.,no,LC,yes
Boraginaceae,Cordia fischeri,Gürke,yes,DD,yes
Boraginaceae,Cordia goetzei,Gürke,no,NE,no
Boraginaceae,Cordia millenii,Baker,no,LC,yes
Boraginaceae,Cordia monoica,Roxb.,no,LC,yes
Boraginaceae,Cordia peteri,Verdc.,yes,EN,yes
Boraginaceae,Cordia sinensis,Lam.,no,LC,yes
Boraginaceae,Cordia subcordata,Lam.,no,LC,yes
Boraginaceae,Cordia torrei,E.S.Martins,no,EN,yes
Boraginaceae,Ehretia amoena,Klotzsch,no,LC,yes
Boraginaceae,Ehretia bakeri,Baker,no,LC,yes
Boraginaceae,Ehretia cymosa,Thonn.,no,LC,yes
Boraginaceae,Ehretia glandulosissima,Verdc.,yes,CR,yes
Boraginaceae,Ehretia obtusifolia,Hochst. ex A.DC.,no,LC,yes
Boraginaceae,Heliotropium arboreum,(Blanco) Mabb.,no,LC,yes
Burseraceae,Boswellia neglecta,S.Moore,no,NE,yes
Burseraceae,Canarium schweinfurthii,Engl.,no,LC,yes
Burseraceae,Commiphora acuminata,Mattick,yes,VU,yes
Burseraceae,Commiphora africana,(A.Rich.) Engl.,no,LC,yes
Burseraceae,Commiphora baluensis,Engl.,no,LC,yes
Burseraceae,Commiphora caerulea,Burtt,no,LC,yes
Burseraceae,Commiphora campestris,Engl.,no,EN,yes
Burseraceae,Commiphora confusa,Vollesen,no,LC,yes
Burseraceae,Commiphora edulis,(Klotzsch) Engl.,no,LC,yes
Burseraceae,Commiphora eminii,Engl.,no,VU,yes
Burseraceae,Commiphora engleri,Guillaumin,yes,NE,no
Burseraceae,Commiphora fulvotomentosa,Engl.,no,VU,yes
Burseraceae,Commiphora holtziana,Engl.,no,EN,yes
Burseraceae,Commiphora hornbyi,Burtt,yes,VU,yes
Burseraceae,Commiphora madagascariensis,Jacq.,yes,NT,yes
Burseraceae,Commiphora merkeri,Engl.,no,NE,no
Burseraceae,Commiphora mildbraedii,Engl.,no,LC,yes
Burseraceae,Commiphora mollis,(Oliv.) Engl.,no,LC,yes
Burseraceae,Commiphora mombassensis,Engl.,no,LC,yes
Burseraceae,Commiphora mossambicensis,(Oliv.) Engl.,no,NE,yes
Burseraceae,Commiphora pedunculata,(Kotschy & Peyr.) Engl.,no,LC,yes
Burseraceae,Commiphora pteleifolia,Engl.,no,NE,no
Burseraceae,Commiphora schimperi,(O.Berg) Engl.,no,LC,yes
Burseraceae,Commiphora serrata,Engl.,no,LC,yes
Burseraceae,Commiphora spathulata,Mattick,yes,NE,no
Burseraceae,Commiphora swynnertonii,Burtt,no,NE,yes
Burseraceae,Commiphora ugogensis,Engl.,no,LC,yes
Burseraceae,Commiphora ulugurensis,Engl.,yes,CR,yes
Burseraceae,Commiphora zanzibarica,(Baill.) Engl.,no,LC,yes
Buxaceae,Buxus obtusifolia,(Mildbr.) Hutch.,no,VU,yes
Calophyllaceae,Calophyllum inophyllum,L.,no,LC,yes
Calophyllaceae,Mammea usambarensis,Verdc.,yes,EN,yes
Canellaceae,Warburgia elongata,Verdc.,yes,CR,yes
Canellaceae,Warburgia stuhlmannii,Engl.,no,VU,yes
Canellaceae,Warburgia ugandensis,Sprague,no,CR,yes
Cannabaceae,Celtis africana,Burm.f.,no,NE,yes
Cannabaceae,Celtis gomphophylla,Baker,no,LC,yes
Cannabaceae,Celtis mildbraedii,Engl.,no,LC,yes
Cannabaceae,Celtis philippensis,Blanco,no,LC,yes
Cannabaceae,Celtis zenkeri,Engl.,no,LC,yes
Cannabaceae,Trema orientale,(L.) Blume,no,LC,yes
Capparaceae,Boscia angustifolia,A.Rich.,no,LC,yes
Capparaceae,Boscia coriacea,Graells,no,NE,yes
Capparaceae,Boscia mossambicensis,Klotzsch,no,LC,yes
Capparaceae,Boscia rotundifolia,Pax,yes,NE,yes
Capparaceae,Boscia salicifolia,Oliv.,no,LC,yes
Capparaceae,Cadaba farinosa,Forssk.,no,LC,yes
Capparaceae,Cadaba glandulosa,Forssk.,no,NE,yes
Capparaceae,Cadaba kirkii,Oliv.,no,LC,yes
Capparaceae,Capparis cartilaginea,Decne.,no,LC,yes
Capparaceae,Capparis viminea,Oliv.,no,LC,yes
Capparaceae,Cladostemon kirkii,(Oliv.) Pax & Gilg,no,LC,yes
Capparaceae,Crateva adansonii,DC.,no,LC,yes
Capparaceae,Maerua acuminata,Oliv.,no,EN,yes
Capparaceae,Maerua angolensis,DC.,no,LC,yes
Capparaceae,Maerua bussei,(Gilg & Gilg-Ben.) R.Wilczek,no,NE,no
Capparaceae,Maerua calantha,Gilg,no,VU,yes
Capparaceae,Maerua crassifolia,Forssk.,no,LC,yes
Capparaceae,Maerua duchesnei,(De Wild.) F.White,no,LC,yes
Capparaceae,Maerua juncea,Pax,no,LC,yes
Capparaceae,Maerua kirkii,F.White,no,NE,no
Capparaceae,Maerua prittwitzii,Gilg & Gilg-Ben.,no,LC,yes
Capparaceae,Maerua triphylla,A.Rich.,no,LC,yes
Capparaceae,Ritchiea albersii,Gilg,no,LC,yes
Capparaceae,Thilachium africanum,Lour.,no,LC,yes
Capparaceae,Thilachium densiflorum,Gilg & Gilg-Ben.,yes,VU,yes
Cardiopteridaceae,Leptaulus daphnoides,Benth.,no,LC,yes
Cardiopteridaceae,Leptaulus holstii,(Engl.) Engl.,no,LC,yes
Caricaceae,Cylicomorpha parviflora,Urb.,no,NT,yes
Celastraceae,Brexia madagascariensis,(Lam.) Thouars ex Ker Gawl.,no,LC,yes
Celastraceae,Cassine aethiopica,Thunb.,no,LC,yes
Celastraceae,Cassine buchananii,Loes.,no,LC,yes
Celastraceae,Cassine schweinfurthiana,Loes.,no,LC,yes
Celastraceae,Catha edulis,(Vahl) Endl.,no,LC,yes
Celastraceae,Elachyptera parvifolia,(Oliv.) N.Hallé,no,NE,yes
Celastraceae,Elaeodendron schlechterianum,(Loes.) Loes.,no,LC,yes
Celastraceae,Gymnosporia arbutifolia,(Hochst. ex A.Rich.) Loes.,no,LC,yes
Celastraceae,Gymnosporia buchananii,Loes.,no,LC,yes
Celastraceae,Gymnosporia drummondii,(N.Robson & Sebsebe) Jordaan,no,VU,yes
Celastraceae,Gymnosporia gracilipes,(Welw. ex Oliv.) Loes.,no,NE,yes
Celastraceae,Gymnosporia gracilis,Loes.,no,EN,yes
Celastraceae,Gymnosporia harveyana,Loes.,no,LC,yes
Celastraceae,Gymnosporia maranguensis,(Loes.) Loes.,no,LC,yes
Celastraceae,Gymnosporia masindei,(Gereau) Jordaan,no,VU,yes
Celastraceae,Gymnosporia mossambicensis,(Klotzsch) Loes.,no,LC,yes
Celastraceae,Gymnosporia obscura,(A.Rich.) Loes.,no,NE,yes
Celastraceae,Gymnosporia putterlickioides,Loes.,no,NE,yes
Celastraceae,Gymnosporia richardsiae,(N.Robson & Sebsebe) Jordaan,yes,NE,yes
Celastraceae,Gymnosporia senegalensis,(Lam.) Loes.,no,LC,yes
Celastraceae,Maytenus acuminata,(L.f.) Loes.,no,LC,yes
Celastraceae,Maytenus undata,(Thunb.) Blakelock,no,LC,yes
Celastraceae,Platypterocarpus tanganyikensis,Dunkley & Brenan,yes,EN,yes
Celastraceae,Pleurostylia africana,Loes.,no,NE,yes
Celastraceae,Pristimera andongensis,(Welw. ex Oliv.) N.Hallé,no,NE,yes
Celastraceae,Reissantia buchananii,(Loes.) N. Hallé,no,NE,no
Celastraceae,Salacia bussei,Loes.,no,NE,no
Celastraceae,Salacia lehmbachii,Loes.,no,LC,yes
Celastraceae,Salacia leptoclada,Tul.,no,NE,yes
Celastraceae,Salacia lovettii,N.Hallé & B.Mathew,yes,VU,yes
Celastraceae,Salacia pyriformis,(Sabine) Steud.,no,LC,yes
Celastraceae,Salacia stuhlmanniana,Loes.,no,NE,yes
Chrysobalanaceae,Hirtella zanzibarica,Oliv.,no,LC,yes
Chrysobalanaceae,Magnistipula butayei,De Wild.,no,EN,yes
Chrysobalanaceae,Maranthes floribunda,(Baker) F.White,no,NE,no
Chrysobalanaceae,Maranthes goetzeniana,(Engl.) Prance,no,NT,yes
Chrysobalanaceae,Parinari curatellifolia,Planch. ex Benth.,no,LC,yes
Chrysobalanaceae,Parinari excelsa,Sabine,no,LC,yes
Clusiaceae,Allanblackia stuhlmannii,(Engl.) Engl.,yes,LC,yes
Clusiaceae,Allanblackia ulugurensis,Engl.,yes,VU,yes
Clusiaceae,Garcinia acutifolia,N.Robson,no,VU,yes
Clusiaceae,Garcinia bifasciculata,N.Robson,yes,CR,yes
Clusiaceae,Garcinia buchananii,Baker,no,NE,yes
Clusiaceae,Garcinia kingaensis,Engl.,no,LC,yes
Clusiaceae,Garcinia livingstonei,T.Anderson,no,LC,yes
Clusiaceae,Garcinia semseii,Verdc.,yes,EN,yes
Clusiaceae,Garcinia smeathmanii,(Planch. & Triana) Oliv.,no,LC,yes
Clusiaceae,Garcinia tanzaniensis,Verdc.,yes,CR,yes
Clusiaceae,Symphonia globulifera,L.f.,no,LC,yes
Combretaceae,Combretum aculeatum,Vent.,no,LC,yes
Combretaceae,Combretum adenogonium,Steud. ex A.Rich.,no,LC,yes
Combretaceae,Combretum apiculatum,Sond.,no,LC,yes
Combretaceae,Combretum celastroides,Welw. ex M.A.Lawson,no,LC,yes
Combretaceae,Combretum exalatum,Engl.,no,NE,no
Combretaceae,Combretum gillettianum,Liben,no,EN,yes
Combretaceae,Combretum harrisii,Wickens,yes,NE,no
Combretaceae,Combretum hereroense,Schinz,no,LC,yes
Combretaceae,Combretum holstii,Engl.,no,NE,no
Combretaceae,Combretum imberbe,Wawra,no,LC,yes
Combretaceae,Combretum molle,R.Br. ex G.Don,no,LC,yes
Combretaceae,Combretum mossambicense,(Klotzsch) Engl.,no,LC,yes
Combretaceae,Combretum obovatum,F.Hoffm.,no,LC,yes
Combretaceae,Combretum padoides,Engl. & Diels,no,LC,yes
Combretaceae,Combretum patelliforme,Engl. & Diels,no,LC,yes
Combretaceae,Combretum schumannii,Engl.,no,NE,yes
Combretaceae,Combretum tenuipetiolatum,Wickens,no,EN,yes
Combretaceae,Combretum umbricolum,Engl.,no,NE,yes
Combretaceae,Combretum zeyheri,Sond.,no,LC,yes
Combretaceae,Lumnitzera racemosa,Willd.,no,LC,yes
Combretaceae,Terminalia anisoptera,(Welw. ex M.A.Lawson) Gere & Boatwr.,no,NE,no
Combretaceae,Terminalia apetala,(Vollesen) Gere & Boatwr.,yes,EN,yes
Combretaceae,Terminalia boivinii,Tul.,no,LC,yes
Combretaceae,Terminalia brachystemma,Welw. ex Hiern,no,NE,yes
Combretaceae,Terminalia brevipes,Pamp.,no,NE,no
Combretaceae,Terminalia brownii,Fresen.,no,LC,yes
Combretaceae,Terminalia glaucescens,Planch. ex Benth.,no,LC,yes
Combretaceae,Terminalia kaiseriana,F. Hoffm.,no,LC,yes
Combretaceae,Terminalia kilimandscharica,Engl.,no,NE,no
Combretaceae,Terminalia mollis,M.A.Lawson,no,LC,yes
Combretaceae,Terminalia myrtifolia,(M.A.Lawson) Gere & Boatwr.,no,NE,yes
Combretaceae,Terminalia prunioides,M.A.Lawson,no,LC,yes
Combretaceae,Terminalia sambesiaca,Engl. & Diels,no,LC,yes
Combretaceae,Terminalia sericea,Burch. ex DC.,no,LC,yes
Combretaceae,Terminalia spinosa,Engl.,no,LC,yes
Combretaceae,Terminalia stenostachya,Engl. & Diels,no,NE,no
Combretaceae,Terminalia stuhlmannii,Engl.,no,LC,yes
Combretaceae,Terminalia tetraptera,(Wickens) Gere & Boatwr.,no,VU,yes
Combretaceae,Terminalia trichopoda,Diels,no,LC,yes
Connaraceae,Burttia prunoides,Baker f. & Exell,no,LC,yes
Connaraceae,Connarus longistipitatus,Gilg,no,LC,yes
Connaraceae,Ellipanthus hemandradenioides,Brenan,no,NT,yes
Connaraceae,Rourea coccinea,(Schumach. & Thonn.) Benth.,no,LC,yes
Connaraceae,Rourea orientalis,Baill.,no,LC,yes
Convolvulaceae,Metaporana densiflora,(Hallier f.) N.E.Br.,no,NE,no
Cornaceae,Alangium chinense,(Lour.) Harms,no,NE,yes
Cornaceae,Alangium salviifolium,(L.f.) Wangerin,no,LC,yes
Cornaceae,Cornus volkensii,Harms,no,LC,yes
Cupressaceae,Juniperus procera,Hochst. ex Endl.,no,LC,yes
Cycadaceae,Cycas thouarsii,R.Br. ex Gaudich.,no,LC,yes
Dichapetalaceae,Dichapetalum barbosae,Torre,no,LC,yes
Dichapetalaceae,Dichapetalum madagascariense,Poir.,no,LC,yes
Dichapetalaceae,Dichapetalum mossambicense,(Klotzsch) Engl.,no,LC,yes
Dichapetalaceae,Dichapetalum stuhlmannii,Engl.,no,NE,no
Dichapetalaceae,Dichapetalum zenkeri,Engl.,no,LC,yes
Dichapetalaceae,Tapura fischeri,Engl.,no,LC,yes
Dilleniaceae,Tetracera boiviniana,Baill.,no,LC,yes
Dipterocarpaceae,Marquesia macroura,Gilg,no,NE,no
Dipterocarpaceae,Monotes adenophyllus,Gilg,no,LC,yes
Dipterocarpaceae,Monotes africanus,A.DC.,no,LC,yes
Dipterocarpaceae,Monotes hypoleucus,(Welw.) Gilg,no,LC,yes
Dipterocarpaceae,Monotes katangensis,(De Wild.) De Wild.,no,LC,yes
Dipterocarpaceae,Monotes lutambensis,Verdc.,yes,EN,yes
Dipterocarpaceae,Monotes magnificus,Gilg,no,LC,yes
Dipterocarpaceae,Monotes rufotomentosus,Gilg,yes,EN,yes
Ebenaceae,Diospyros abyssinica,(Hiern) F.White,no,LC,yes
Ebenaceae,Diospyros amaniensis,Gürke,no,VU,yes
Ebenaceae,Diospyros anitae,F.White,no,LC,yes
Ebenaceae,Diospyros bussei,Gürke,no,NT,yes
Ebenaceae,Diospyros capricornuta,F.White,yes,EN,yes
Ebenaceae,Diospyros consolatae,Chiov.,no,LC,yes
Ebenaceae,Diospyros ferrea,(Willd.) Bakh.,no,NE,yes
Ebenaceae,Diospyros fischeri,Gürke,yes,LC,yes
Ebenaceae,Diospyros gabunensis,Gürke,no,LC,yes
Ebenaceae,Diospyros greenwayi,F.White,no,NT,yes
Ebenaceae,Diospyros kabuyeana,F.White,no,LC,yes
Ebenaceae,Diospyros kirkii,Hiern,no,LC,yes
Ebenaceae,Diospyros loureiroana,G.Don,no,LC,yes
Ebenaceae,Diospyros mafiensis,F.White,no,NT,yes
Ebenaceae,Diospyros magogoana,F.White,yes,CR,yes
Ebenaceae,Diospyros mespiliformis,Hochst. ex A.DC.,no,LC,yes
Ebenaceae,Diospyros mweroensis,F.White,no,NE,yes
Ebenaceae,Diospyros natalensis,(Harv.) Brenan,no,LC,yes
Ebenaceae,Diospyros occulta,F.White,yes,VU,yes
Ebenaceae,Diospyros quiloensis,(Hiern) F.White,no,LC,yes
Ebenaceae,Diospyros shimbaensis,F.White,no,VU,yes
Ebenaceae,Diospyros squarrosa,Klotzsch,no,LC,yes
Ebenaceae,Diospyros truncatifolia,Caveney,no,LC,yes
Ebenaceae,Diospyros uzungwaensis,Frim.-Møll. & Ndang.,yes,CR,yes
Ebenaceae,Diospyros verrucosa,Hiern,no,LC,yes
Ebenaceae,Diospyros whyteana,(Hiern) F.White,no,LC,yes
Ebenaceae,Diospyros zombensis,(B.L.Burtt) F.White,no,LC,yes
Ebenaceae,Euclea divinorum,Hiern,no,LC,yes
Ebenaceae,Euclea natalensis,A.DC.,no,LC,yes
Ebenaceae,Euclea racemosa,L.,no,LC,yes
Ericaceae,Agarista salicifolia,(Lam.) G.Don,no,LC,yes
Ericaceae,Erica arborea,L.,no,LC,yes
Ericaceae,Erica benguelensis,(Welw. ex Engl.) E.G.H.Oliv.,no,LC,yes
Ericaceae,Erica kingaensis,Engl.,no,NE,yes
Ericaceae,Erica mafiensis,(Engl.) Dorr,yes,VU,yes
Ericaceae,Erica mannii,(Hook.f.) Beentje,no,LC,yes
Erythroxylaceae,Erythroxylum delagoense,Schinz,no,NE,yes
Erythroxylaceae,Erythroxylum emarginatum,Thonn.,no,LC,yes
Erythroxylaceae,Erythroxylum fischeri,Engl.,no,NE,yes
Erythroxylaceae,Erythroxylum platyclados,Bojer,no,LC,yes
Erythroxylaceae,Nectaropetalum acuminatum,Verdc.,yes,CR,yes
Erythroxylaceae,Nectaropetalum kaessneri,Engl.,no,LC,yes
Erythroxylaceae,Nectaropetalum zuluense,(Schönland) Corbishley,no,LC,yes
Euphorbiaceae,Acalypha acrogyna,Pax,no,NE,yes
Euphorbiaceae,Acalypha boiviniana,Baill.,yes,NE,no
Euphorbiaceae,Acalypha chirindica,S.Moore,no,LC,yes
Euphorbiaceae,Acalypha fruticosa,Forssk.,no,LC,yes
Euphorbiaceae,Acalypha neptunica,Müll.Arg.,no,LC,yes
Euphorbiaceae,Acalypha ornata,Hochst. ex A.Rich.,no,LC,yes
Euphorbiaceae,Alchornea cordifolia,(Schumach. & Thonn.) Müll.Arg.,no,LC,yes
Euphorbiaceae,Alchornea hirtella,Benth.,no,LC,yes
Euphorbiaceae,Alchornea laxiflora,(Benth.) Pax & K.Hoffm.,no,LC,yes
Euphorbiaceae,Argomuellera macrophylla,Pax,no,LC,yes
Euphorbiaceae,Croton dichogamus,Pax,no,LC,yes
Euphorbiaceae,Croton dictyophlebodes,Radcl.-Sm.,yes,EN,yes
Euphorbiaceae,Croton jatrophoides,Pax,yes,VU,yes
Euphorbiaceae,Croton leuconeurus,Pax,no,NE,yes
Euphorbiaceae,Croton longipedicellatus,J.Léonard,no,LC,yes
Euphorbiaceae,Croton macrostachyus,Hochst. ex Delile,no,LC,yes
Euphorbiaceae,Croton megalobotrys,Müll.Arg.,no,LC,yes
Euphorbiaceae,Croton megalocarpoides,Friis & M.G.Gilbert,no,VU,yes
Euphorbiaceae,Croton megalocarpus,Hutch.,no,LC,yes
Euphorbiaceae,Croton menyharthii,Pax,no,LC,yes
Euphorbiaceae,Croton polytrichus,Pax,no,NE,yes
Euphorbiaceae,Croton pseudopulchellus,Pax,no,NE,yes
Euphorbiaceae,Croton scheffleri,Pax,no,NE,yes
Euphorbiaceae,Croton steenkampianus,Gerstner,no,NE,yes
Euphorbiaceae,Croton sylvaticus,Hochst.,no,LC,yes
Euphorbiaceae,Crotonogynopsis usambarica,Pax,no,NE,yes
Euphorbiaceae,Erythrococca atrovirens,(Pax) Prain,no,LC,yes
Euphorbiaceae,Erythrococca bongensis,Pax,no,LC,yes
Euphorbiaceae,Erythrococca fischeri,Pax,no,NE,yes
Euphorbiaceae,Erythrococca polyandra,(Pax & K.Hoffm.) Prain,no,LC,yes
Euphorbiaceae,Erythrococca trichogyne,(Müll.Arg.) Prain,no,LC,yes
Euphorbiaceae,Euphorbia ampliphylla,Pax,no,NE,yes
Euphorbiaceae,Euphorbia biselegans,Bruyns,yes,VU,yes
Euphorbiaceae,Euphorbia breviarticulata,Pax,no,NE,yes
Euphorbiaceae,Euphorbia bussei,Pax,no,NT,yes
Euphorbiaceae,Euphorbia candelabrum,Trémaux ex Kotschy,no,LC,yes
Euphorbiaceae,Euphorbia cooperi,N.E.Br. ex A.Berger,no,LC,yes
Euphorbiaceae,Euphorbia cuneata,Vahl,no,LC,yes
Euphorbiaceae,Euphorbia dawei,N.E.Br.,no,NT,yes
Euphorbiaceae,Euphorbia dumeticola,P.R.O.Bally & S.Carter,yes,EN,yes
Euphorbiaceae,Euphorbia espinosa,Pax,no,NE,yes
Euphorbiaceae,Euphorbia gossypina,Pax,no,NE,no
Euphorbiaceae,Euphorbia grantii,Oliv.,no,NE,yes
Euphorbiaceae,Euphorbia hubertii,Pax,yes,EN,yes
Euphorbiaceae,Euphorbia lividiflora,L.C.Leach,no,LC,yes
Euphorbiaceae,Euphorbia magnicapsula,S.Carter,no,VU,yes
Euphorbiaceae,Euphorbia matabelensis,Pax,no,NE,yes
Euphorbiaceae,Euphorbia neocymosa,Bruyns,no,NE,no
Euphorbiaceae,Euphorbia neoglaucescens,Bruyns,yes,NE,no
Euphorbiaceae,Euphorbia neospinescens,Bruyns,yes,CR,yes
Euphorbiaceae,Euphorbia nyikae,Pax ex Engl.,no,LC,yes
Euphorbiaceae,Euphorbia pereskiifolia,Houllet ex Baill.,no,NE,no
Euphorbiaceae,Euphorbia pseudomollis,Bruyns,no,NE,no
Euphorbiaceae,Euphorbia pseudonudicaulis,Bruyns,yes,EN,yes
Euphorbiaceae,Euphorbia pseudovolkensii,Bruyns,no,NE,no
Euphorbiaceae,Euphorbia quadrialata,Pax,yes,VU,yes
Euphorbiaceae,Euphorbia quinquecostata,Volkens,no,LC,yes
Euphorbiaceae,Euphorbia robecchii,Pax,no,NE,no
Euphorbiaceae,Euphorbia scheffleri,Pax,no,NE,no
Euphorbiaceae,Euphorbia syncalycina,Bruyns,yes,CR,yes
Euphorbiaceae,Euphorbia teke,Schweinf. ex Pax,no,NE,yes
Euphorbiaceae,Euphorbia tirucalli,L.,no,LC,yes
Euphorbiaceae,Euphorbia umbellata,(Pax) Bruyns,no,NE,no
Euphorbiaceae,Excoecaria bussei,(Pax) Pax,no,NE,yes
Euphorbiaceae,Excoecaria madagascariensis,(Baill.) Müll.Arg.,no,LC,yes
Euphorbiaceae,Macaranga capensis,(Baill.) Sim,no,LC,yes
Euphorbiaceae,Macaranga conglomerata,Brenan,no,VU,yes
Euphorbiaceae,Macaranga monandra,Müll.Arg.,no,LC,yes
Euphorbiaceae,Macaranga schweinfurthii,Pax,no,LC,yes
Euphorbiaceae,Macaranga spinosa,Müll.Arg.,no,LC,yes
Euphorbiaceae,Mallotus oppositifolius,(Geiseler) Müll.Arg.,no,LC,yes
Euphorbiaceae,Maprounea africana,Müll.Arg.,no,NE,yes
Euphorbiaceae,Micrococca scariosa,Prain,no,VU,yes
Euphorbiaceae,Necepsia castaneifolia,(Baill.) Bouchat & J.Léonard,no,VU,yes
Euphorbiaceae,Neoboutonia macrocalyx,Pax,no,LC,yes
Euphorbiaceae,Neoboutonia melleri,(Müll.Arg.) Prain,no,LC,yes
Euphorbiaceae,Paranecepsia alchorneifolia,Radcl.-Sm.,no,VU,yes
Euphorbiaceae,Plesiatropha carpinifolia,(Pax) Breteler,no,LC,yes
Euphorbiaceae,Pseudagrostistachys ugandensis,(Hutch.) Pax & K.Hoffm.,no,NT,yes
Euphorbiaceae,Pycnocoma littoralis,Pax,no,LC,yes
Euphorbiaceae,Pycnocoma macrantha,Pax,yes,EN,yes
Euphorbiaceae,Ricinodendron heudelotii,(Baill.) Heckel,no,LC,yes
Euphorbiaceae,Schinziophyton rautanenii,(Schinz) Radcl.-Sm.,no,LC,yes
Euphorbiaceae,Shirakiopsis elliptica,(Hochst.) Esser,no,LC,yes
Euphorbiaceae,Shirakiopsis trilocularis,(Pax & K.Hoffm.) Esser,no,EN,yes
Euphorbiaceae,Spirostachys africana,Sond.,no,LC,yes
Euphorbiaceae,Spirostachys venenifera,(Pax) Pax,no,NE,no
Euphorbiaceae,Suregada lithoxyla,(Pax & K.Hoffm.) Croizat,yes,NT,yes
Euphorbiaceae,Suregada procera,(Prain) Croizat,no,NE,yes
Euphorbiaceae,Suregada zanzibariensis,Baill.,no,NE,yes
Euphorbiaceae,Tannodia swynnertonii,(S.Moore) Prain,no,VU,yes
Euphorbiaceae,Tannodia tenuifolia,(Pax) Prain,no,LC,yes
Euphorbiaceae,Tetrorchidium didymostemon,(Baill.) Pax & K.Hoffm.,no,LC,yes
Euphorbiaceae,Tetrorchidium ulugurense,Verdc.,yes,CR,yes
Fabaceae,Adenopodia rotundifolia,(Harms) Brenan,no,EN,yes
Fabaceae,Aeschynomene burttii,Baker f.,yes,EN,yes
Fabaceae,Aeschynomene elaphroxylon,(Guill. & Perr.) Taub.,no,LC,yes
Fabaceae,Aeschynomene schliebenii,Harms,no,NE,yes
Fabaceae,Afzelia quanzensis,Welw.,no,LC,yes
Fabaceae,Aganope stuhlmannii,(Taub.) Adema,no,LC,yes
Fabaceae,Albizia adianthifolia,(Schumach.) W.Wight,no,LC,yes
Fabaceae,Albizia amara,(Roxb.) Boivin,no,LC,yes
Fabaceae,Albizia anthelmintica,(A.Rich.) Brongn.,no,LC,yes
Fabaceae,Albizia antunesiana,Harms,no,LC,yes
Fabaceae,Albizia coriaria,Welw. ex Oliv.,no,LC,yes
Fabaceae,Albizia forbesii,Benth.,no,LC,yes
Fabaceae,Albizia glaberrima,(Schumach. & Thonn.) Benth.,no,LC,yes
Fabaceae,Albizia grandibracteata,Taub.,no,LC,yes
Fabaceae,Albizia gummifera,(J.F.Gmel.) C.A.Sm.,no,LC,yes
Fabaceae,Albizia harveyi,E.Fourn.,no,LC,yes
Fabaceae,Albizia isenbergiana,(A.Rich.) E.Fourn.,no,NE,yes
Fabaceae,Albizia petersiana,(Bolle) Oliv.,no,LC,yes
Fabaceae,Albizia schimperiana,Oliv.,no,LC,yes
Fabaceae,Albizia tanganyicensis,Baker f.,no,LC,yes
Fabaceae,Albizia versicolor,Welw. ex Oliv.,no,LC,yes
Fabaceae,Albizia zimmermannii,Harms,no,NE,yes
Fabaceae,Albizia zygia,(DC.) J.F.Macbr.,no,LC,yes
Fabaceae,Amblygonocarpus andongensis,(Welw. ex Oliv.) Exell & Torre,no,LC,yes
Fabaceae,Angylocalyx braunii,Harms,no,VU,yes
Fabaceae,Anthonotha noldeae,(Rossbach) Exell & Hillc.,no,NE,yes
Fabaceae,Aphanocalyx richardsiae,(J.Léonard) Wieringa,no,NE,yes
Fabaceae,Baikiaea ghesquiereana,J.Léonard,yes,EN,yes
Fabaceae,Baikiaea insignis,Benth.,no,LC,yes
Fabaceae,Baphia cordifolia,Harms,yes,VU,yes
Fabaceae,Baphia kirkii,Baker,no,VU,yes
Fabaceae,Baphia longipedicellata,De Wild.,no,EN,yes
Fabaceae,Baphia macrocalyx,Harms,no,VU,yes
Fabaceae,Baphia massaiensis,Taub.,no,LC,yes
Fabaceae,Baphia multiflora,Harms,no,NE,yes
Fabaceae,Baphia pauloi,Brummitt,yes,EN,yes
Fabaceae,Baphia puguensis,Brummitt,yes,EN,yes
Fabaceae,Baphia punctulata,Harms,no,VU,yes
Fabaceae,Baphia semseiana,Brummitt,yes,EN,yes
Fabaceae,Baphiopsis parviflora,Benth. ex Baker,no,LC,yes
Fabaceae,Bauhinia petersiana,Bolle,no,LC,yes
Fabaceae,Bauhinia tomentosa,L.,no,LC,yes
Fabaceae,Berlinia orientalis,Brenan,no,VU,yes
Fabaceae,Bobgunnia madagascariensis,(Desv.) J.H.Kirkbr. & Wiersema,no,LC,yes
Fabaceae,Brachystegia allenii,Hutch. & Burtt Davy,no,LC,yes
Fabaceae,Brachystegia angustistipulata,De Wild.,no,VU,yes
Fabaceae,Brachystegia boehmii,Taub.,no,LC,yes
Fabaceae,Brachystegia bussei,Harms,no,LC,yes
Fabaceae,Brachystegia floribunda,Benth.,no,NE,yes
Fabaceae,Brachystegia glaberrima,R.E.Fr.,no,NE,yes
Fabaceae,Brachystegia longifolia,Benth.,no,LC,yes
Fabaceae,Brachystegia manga,De Wild.,no,LC,yes
Fabaceae,Brachystegia puberula,Hutch. & Burtt Davy,no,LC,yes
Fabaceae,Brachystegia spiciformis,Benth.,no,LC,yes
Fabaceae,Brachystegia stipulata,De Wild.,no,NE,yes
Fabaceae,Brachystegia tamarindoides,Welw. ex Benth.,no,LC,yes
Fabaceae,Brachystegia taxifolia,Harms,no,NE,yes
Fabaceae,Brachystegia utilis,Hutch. & Burtt Davy,no,LC,yes
Fabaceae,Brachystegia wangermeeana,De Wild.,no,NE,yes
Fabaceae,Burkea africana,Hook.,no,LC,yes
Fabaceae,Bussea eggelingii,Verdc.,yes,EN,yes
Fabaceae,Bussea massaiensis,(Taub.) Harms,no,LC,yes
Fabaceae,Calpurnia aurea,(Aiton) Benth.,no,LC,yes
Fabaceae,Cassia abbreviata,Oliv.,no,LC,yes
Fabaceae,Cassia afrofistula,Brenan,no,LC,yes
Fabaceae,Cassia angolensis,Welw. ex Hiern,no,NE,yes
Fabaceae,Cassia burttii,Baker f.,no,NE,yes
Fabaceae,Cassia thyrsoidea,Brenan,no,NE,yes
Fabaceae,Chamaecrista katangensis,(Ghesq.) Lock,no,NE,yes
Fabaceae,Cordyla africana,Lour.,no,LC,yes
Fabaceae,Cordyla densiflora,Milne-Redh.,yes,VU,yes
Fabaceae,Craibia affinis,(De Wild.) De Wild.,no,NE,yes
Fabaceae,Craibia brevicaudata,(Vatke) Dunn,no,NT,yes
Fabaceae,Craibia brownii,Dunn,no,NE,yes
Fabaceae,Craibia grandiflora,(Micheli) Baker f.,no,LC,yes
Fabaceae,Craibia zimmermannii,(Harms) Dunn,no,LC,yes
Fabaceae,Crotalaria agatiflora,Schweinf. ex L.Höhn.,no,LC,yes
Fabaceae,Crotalaria grandibracteata,Taub.,yes,LC,yes
Fabaceae,Cryptosepalum exfoliatum,De Wild.,no,NE,yes
Fabaceae,Cynometra alexandri,C.H.Wright,no,LC,yes
Fabaceae,Cynometra brachyrrhachis,Harms,yes,VU,yes
Fabaceae,Cynometra engleri,Harms,yes,EN,yes
Fabaceae,Cynometra filifera,Harms,yes,EN,yes
Fabaceae,Cynometra gillmanii,J.Léonard,yes,EN,yes
Fabaceae,Cynometra greenwayi,Brenan,no,VU,yes
Fabaceae,Cynometra longipedicellata,Harms,yes,CR,yes
Fabaceae,Cynometra lukei,Beentje        ,no,EN,yes
Fabaceae,Cynometra suaheliensis,(Taub.) Baker f.,no,NT,yes
Fabaceae,Cynometra ulugurensis,Harms,yes,CR,yes
Fabaceae,Cynometra webberi,Baker f.,no,NT,yes
Fabaceae,Dalbergia acariaeantha,Harms,yes,EN,yes
Fabaceae,Dalbergia arbutifolia,Baker,no,LC,yes
Fabaceae,Dalbergia boehmii,Taub.,no,LC,yes
Fabaceae,Dalbergia bracteolata,Baker,no,LC,yes
Fabaceae,Dalbergia fischeri,Taub.,no,LC,yes
Fabaceae,Dalbergia lactea,Vatke,no,LC,yes
Fabaceae,Dalbergia melanoxylon,Guill. & Perr.,no,NT,yes
Fabaceae,Dalbergia microphylla,Chiov.,no,LC,yes
Fabaceae,Dalbergia nitidula,Welw. ex Baker,no,LC,yes
Fabaceae,Dalbergia obovata,E.Mey.,no,LC,yes
Fabaceae,Dalbergia vacciniifolia,Vatke,no,VU,yes
Fabaceae,Dalbergiella nyasae,Baker f.,no,LC,yes
Fabaceae,Delonix elata,(L.) Gamble,no,LC,yes
Fabaceae,Dendrolobium umbellatum,(L.) Benth.,no,LC,yes
Fabaceae,Dialium holtzii,Harms,no,LC,yes
Fabaceae,Dialium orientale,Baker f.,no,VU,yes
Fabaceae,Dichrostachys cinerea,(L.) Wight & Arn.,no,LC,yes
Fabaceae,Elephantorrhiza goetzei,(Harms) Harms,no,LC,yes
Fabaceae,Englerodendron usambarense,Harms,yes,NT,yes
Fabaceae,Entada abyssinica,Steud. ex A.Rich.,no,LC,yes
Fabaceae,Entada chrysostachys,(Benth.) Drake,no,LC,yes
Fabaceae,Entada leptostachya,Harms,no,LC,yes
Fabaceae,Erythrina abyssinica,Lam.,no,LC,yes
Fabaceae,Erythrina burttii,Baker f.,no,NE,yes
Fabaceae,Erythrina excelsa,Baker,no,NE,yes
Fabaceae,Erythrina fusca,Lour.,no,LC,yes
Fabaceae,Erythrina greenwayi,Verdc.,yes,NE,yes
Fabaceae,Erythrina haerdii,Verdc.,yes,VU,yes
Fabaceae,Erythrina lysistemon,Hutch.,no,LC,yes
Fabaceae,Erythrina melanacantha,Taub. ex Harms,no,NE,yes
Fabaceae,Erythrina sacleuxii,Hua,no,NT,yes
Fabaceae,Erythrina schliebenii,Harms,yes,CR,yes
Fabaceae,Erythrina variegata,L.,no,LC,yes
Fabaceae,Erythrophleum africanum,(Benth.) Harms,no,LC,yes
Fabaceae,Erythrophleum suaveolens,(Guill. & Perr.) Brenan,no,LC,yes
Fabaceae,Faidherbia albida,(Delile) A.Chev.,no,LC,yes
Fabaceae,Gigasiphon macrosiphon,(Harms) Brenan,no,EN,yes
Fabaceae,Guibourtia schliebenii,(Harms) J.Léonard,no,VU,yes
Fabaceae,Hymenaea verrucosa,Gaertn.,no,NE,yes
Fabaceae,Isoberlinia angolensis,(Welw. ex Benth.) Hoyle & Brenan,no,LC,yes
Fabaceae,Isoberlinia scheffleri,(Harms) Greenway,yes,VU,yes
Fabaceae,Isoberlinia tomentosa,(Harms) Craib & Stapf,no,LC,yes
Fabaceae,Julbernardia globiflora,(Benth.) Troupin,no,LC,yes
Fabaceae,Julbernardia magnistipulata,(Harms) Troupin,no,VU,yes
Fabaceae,Julbernardia paniculata,(Benth.) Troupin,no,LC,yes
Fabaceae,Julbernardia unijugata,J.Léonard,yes,NE,yes
Fabaceae,Kotschya bullockii,Verdc.,no,NE,yes
Fabaceae,Kotschya carsonii,(Baker) Dewit & P.A.Duvign.,no,LC,yes
Fabaceae,Kotschya platyphylla,(Brenan) Verdc.,yes,VU,yes
Fabaceae,Kotschya recurvifolia,(Taub.) F.White,no,LC,yes
Fabaceae,Kotschya thymodora,(Baker f.) Wild,no,LC,yes
Fabaceae,Millettia bussei,Harms,no,LC,yes
Fabaceae,Millettia dura,Dunn,no,NE,yes
Fabaceae,Millettia eetveldeana,(Micheli) Hauman,no,LC,yes
Fabaceae,Millettia elongatistyla,J.B.Gillett,yes,VU,yes
Fabaceae,Millettia eriocarpa,Dunn,yes,EN,yes
Fabaceae,Millettia micans,Taub.,yes,EN,yes
Fabaceae,Millettia oblata,Dunn,no,VU,yes
Fabaceae,Millettia sacleuxii,Dunn,yes,EN,yes
Fabaceae,Millettia schliebenii,Harms,yes,EN,yes
Fabaceae,Millettia semseii,J.B.Gillett,yes,VU,yes
Fabaceae,Millettia sericantha,Harms,yes,DD,yes
Fabaceae,Millettia stuhlmannii,Taub.,no,NE,yes
Fabaceae,Millettia usaramensis,Taub.,no,LC,yes
Fabaceae,Mundulea sericea,(Willd.) A.Chev.,no,LC,yes
Fabaceae,Newtonia buchananii,(Baker) G.C.C.Gilbert & Boutique,no,LC,yes
Fabaceae,Newtonia erlangeri,(Harms) Brenan,no,EN,yes
Fabaceae,Newtonia hildebrandtii,(Vatke) Torre,no,LC,yes
Fabaceae,Newtonia paucijuga,(Harms) Brenan,no,NT,yes
Fabaceae,Ormocarpum kirkii,S.Moore,no,LC,yes
Fabaceae,Ormocarpum schliebenii,Harms,no,NT,yes
Fabaceae,Ormocarpum sennoides,(Willd.) DC.,no,VU,yes
Fabaceae,Ormocarpum trachycarpum,(Taub.) Harms,no,NE,yes
Fabaceae,Ormocarpum trichocarpum,(Taub.) Engl.,no,LC,yes
Fabaceae,Paramacrolobium coeruleum,(Taub.) J.Léonard,no,LC,yes
Fabaceae,Parkia filicoidea,Welw. ex Oliv.,no,LC,yes
Fabaceae,Pericopsis angolensis,(Baker) Meeuwen,no,LC,yes
Fabaceae,Philenoptera bussei,(Harms) Schrire,no,NE,yes
Fabaceae,Philenoptera eriocalyx,(Harms) Schrire,no,NE,yes
Fabaceae,Philenoptera katangensis,(De Wild.) Schrire,no,NE,yes
Fabaceae,Philenoptera violacea,(Klotzsch) Schrire,no,LC,yes
Fabaceae,Piliostigma thonningii,(Schumach.) Milne-Redh.,no,NE,yes
Fabaceae,Platycelyphium voensis,(Engl.) Wild,no,NE,yes
Fabaceae,Platysepalum inopinatum,Harms,no,VU,yes
Fabaceae,Prioria msoo,(Harms) Breteler,no,VU,yes
Fabaceae,Pseudoprosopis euryphylla,Harms,no,NT,yes
Fabaceae,Pseudoprosopis fischeri,Harms,no,NE,yes
Fabaceae,Pterocarpus angolensis,DC.,no,LC,yes
Fabaceae,Pterocarpus megalocarpus,Harms,no,NE,no
Fabaceae,Pterocarpus mildbraedii,Harms,no,LC,yes
Fabaceae,Pterocarpus rotundifolius,(Sond.) Druce,no,LC,yes
Fabaceae,Pterocarpus tinctorius,Welw.,no,LC,yes
Fabaceae,Rhynchosia divaricata,Baker,no,NE,yes
Fabaceae,Schefflerodendron usambarense,Harms,no,LC,yes
Fabaceae,Scorodophloeus fischeri,(Taub.) J.Léonard,no,LC,yes
Fabaceae,Scorodophloeus torrei,Lock,no,EN,yes
Fabaceae,Senegalia adenocalyx,(Brenan & Exell) Kyal. & Boatwr.,no,LC,yes
Fabaceae,Senegalia ataxacantha,(DC.) Kyal. & Boatwr.,no,LC,yes
Fabaceae,Senegalia brevispica,(Harms) Seigler & Ebinger,no,LC,yes
Fabaceae,Senegalia circummarginata,(Chiov.) Kyal. & Boatwr.,no,NE,no
Fabaceae,Senegalia erubescens,(Welw. ex Oliv.) Kyal. & Boatwr.,no,LC,yes
Fabaceae,Senegalia galpinii,(Burtt Davy) Seigler & Ebinger,no,LC,yes
Fabaceae,Senegalia goetzei,(Harms) Kyal. & Boatwr.,no,LC,yes
Fabaceae,Senegalia laeta,(R.Br. ex Benth.) Seigler & Ebinger,no,LC,yes
Fabaceae,Senegalia latistipulata,(Harms) Kyal. & Boatwr.,no,VU,yes
Fabaceae,Senegalia mellifera,(Benth.) Seigler & Ebinger,no,LC,yes
Fabaceae,Senegalia nigrescens,(Oliv.) P.J.H.Hurter,no,NE,yes
Fabaceae,Senegalia polyacantha,(Willd.) Seigler & Ebinger,no,NE,yes
Fabaceae,Senegalia rovumae,(Oliv.) Kyal. & Boatwr.,no,LC,yes
Fabaceae,Senegalia schweinfurthii,(Brenan & Exell) Seigler & Ebinger,no,LC,yes
Fabaceae,Senegalia senegal,(L.) Britton,no,NE,yes
Fabaceae,Senegalia tanganyikensis,(Brenan) Kyal. & Boatwr.,yes,NE,yes
Fabaceae,Senegalia thomasii,(Harms) Kyal. & Boatwr.,no,NT,yes
Fabaceae,Senna alexandrina,Mill.,no,LC,yes
Fabaceae,Senna didymobotrya,(Fresen.) H.S.Irwin & Barneby,no,LC,yes
Fabaceae,Senna longiracemosa,(Vatke) Lock,no,NE,yes
Fabaceae,Senna petersiana,(Bolle) Lock,no,LC,yes
Fabaceae,Senna singueana,(Delile) Lock,no,LC,yes
Fabaceae,Sesbania goetzei,Harms,no,NE,yes
Fabaceae,Sesbania keniensis,J.B.Gillett,no,NE,yes
Fabaceae,Sesbania macrantha,Welw. ex E.Phillips & Hutch.,no,LC,yes
Fabaceae,Sesbania sesban,(L.) Merr.,no,LC,yes
Fabaceae,Sophora inhambanensis,Klotzsch,no,LC,yes
Fabaceae,Sophora tomentosa,L.,no,LC,yes
Fabaceae,Stuhlmannia moavi,Taub.,no,LC,yes
Fabaceae,Tamarindus indica,L.,no,LC,yes
Fabaceae,Tephrosia aequilata,Baker,no,LC,yes
Fabaceae,Tephrosia vogelii,Hook.f.,no,LC,yes
Fabaceae,Tessmannia burttii,Harms,no,VU,yes
Fabaceae,Tessmannia densiflora,Harms,yes,EN,yes
Fabaceae,Tessmannia dewildemaniana,Harms,no,LC,yes
Fabaceae,Tessmannia martiniana,Harms,yes,EN,yes
Fabaceae,Tetrapleura tetraptera,(Schumach. & Thonn.) Taub.,no,LC,yes
Fabaceae,Vachellia amythethophylla,(Steud. ex A.Rich.) Kyal. & Boatwr.,no,LC,yes
Fabaceae,Vachellia ancistroclada,(Brenan) Kyal. & Boatwr.,no,NE,yes
Fabaceae,Vachellia arenaria,(Schinz) Kyal. & Boatwr.,no,NE,yes
Fabaceae,Vachellia bullockii,(Brenan) Kyal. & Boatwr.,yes,NE,yes
Fabaceae,Vachellia burttii,(Baker f.) Kyal. & Boatwr.,yes,NE,yes
Fabaceae,Vachellia bussei,(Harms ex Y.Sjöstedt) Kyal. & Boatwr.,no,LC,yes
Fabaceae,Vachellia dolichocephala,(Harms) Kyal. & Boatwr.,no,NE,yes
Fabaceae,Vachellia drepanolobium,(Harms ex Y.Sjöstedt) P.J.H.Hurter,no,LC,yes
Fabaceae,Vachellia erythrophloea,(Brenan) Kyal. & Boatwr.,yes,NE,yes
Fabaceae,Vachellia fischeri,(Harms) Kyal. & Boatwr.,yes,NE,yes
Fabaceae,Vachellia gerrardii,(Benth.) P.J.H.Hurter,no,NE,yes
Fabaceae,Vachellia hockii,(De Wild.) Seigler & Ebinger,no,NE,yes
Fabaceae,Vachellia kirkii,(Oliv.) Kyal. & Boatwr.,no,LC,yes
Fabaceae,Vachellia lahai,(Steud. & Hochst. ex Benth.) Kyal. & Boatwr.,no,NE,yes
Fabaceae,Vachellia lasiopetala,(Oliv.) Kyal. & Boatwr.,no,NE,yes
Fabaceae,Vachellia malacocephala,(Harms) Kyal. & Boatwr.,yes,NE,yes
Fabaceae,Vachellia mbuluensis,(Brenan) Kyal. & Boatwr.,yes,NE,yes
Fabaceae,Vachellia nilotica,(L.) P.J.H.Hurter & Mabb.,no,LC,yes
Fabaceae,Vachellia oerfota,(Forssk.) Kyal. & Boatwr.,no,LC,yes
Fabaceae,Vachellia pilispina,(Pic.Serm.) Kyal. & Boatwr.,no,NE,yes
Fabaceae,Vachellia pseudofistula,(Harms) Kyal. & Boatwr.,yes,NE,yes
Fabaceae,Vachellia seyal,(Delile) P.J.H.Hurter,no,LC,yes
Fabaceae,Vachellia sieberiana,(DC.) Kyal. & Boatwr.,no,LC,yes
Fabaceae,Vachellia stuhlmannii,(Taub.) Kyal. & Boatwr.,no,LC,yes
Fabaceae,Vachellia tortilis,(Forssk.) Galasso & Banfi,no,LC,yes
Fabaceae,Vachellia xanthophloea,(Benth.) P.J.H. Hurter,no,LC,yes
Fabaceae,Vachellia zanzibarica,(S.Moore) Kyal. & Boatwr.,no,LC,yes
Fabaceae,Xylia africana,Harms,yes,EN,yes
Fabaceae,Xylia schliebenii,Harms,yes,EN,yes
Fabaceae,Zenkerella capparidacea,(Taub.) J.Léonard,yes,VU,yes
Fabaceae,Zenkerella egregia,J.Leonard,yes,VU,yes
Fabaceae,Zenkerella grotei,(Harms) J.Léonard,yes,VU,yes
Fabaceae,Zenkerella perplexa,Temu,yes,CR,yes
Francoaceae,Bersama abyssinica,Fresen.,no,LC,yes
Gentianaceae,Anthocleista grandiflora,Gilg,no,NE,yes
Gentianaceae,Anthocleista schweinfurthii,Gilg,no,LC,yes
Gentianaceae,Anthocleista vogelii,Planch.,no,LC,yes
Hamamelidaceae,Trichocladus ellipticus,Eckl. & Zeyh.,no,LC,yes
Hamamelidaceae,Trichocladus goetzei,Engl.,no,LC,yes
Hernandiaceae,Gyrocarpus americanus,Jacq.,no,LC,yes
Hypericaceae,Harungana madagascariensis,Lam. ex Poir.,no,LC,yes
Hypericaceae,Hypericum quartinianum,A.Rich.,no,LC,yes
Hypericaceae,Hypericum revolutum,Vahl,no,LC,yes
Hypericaceae,Hypericum roeperianum,Schimp. ex A.Rich.,no,LC,yes
Hypericaceae,Psorospermum corymbiferum,Hochr.,no,LC,yes
Hypericaceae,Psorospermum febrifugum,Spach,no,LC,yes
Hypericaceae,Vismia orientalis,Engl.,no,LC,yes
Hypericaceae,Vismia pauciflora,Milne-Redh.,yes,EN,yes
Icacinaceae,Alsodeiopsis schumannii,(Engl.) Engl.,yes,LC,yes
Icacinaceae,Apodytes dimidiata,E.Mey. ex Arn.,no,LC,yes
Icacinaceae,Rhaphiostylis beninensis,(Hook.f. ex Planch.) Planch. ex Benth.,no,LC,yes
Irvingiaceae,Klainedoxa gabonensis,Pierre ex Engl.,no,LC,yes
Iteaceae,Itea rhamnoides,(Harv.) Kubitzki,no,LC,yes
Ixonanthaceae,Phyllocosmus lemaireanus,(De Wild. & T.Durand) T.Durand & H.Durand,no,NE,no
Kirkiaceae,Kirkia acuminata,Oliv.,no,LC,yes
Lamiaceae,Clerodendrum cephalanthum,Oliv.,no,LC,yes
Lamiaceae,Clerodendrum formicarum,Gürke,no,LC,yes
Lamiaceae,Clerodendrum hildebrandtii,Vatke,no,LC,yes
Lamiaceae,Clerodendrum poggei,Gürke,no,NE,yes
Lamiaceae,Clerodendrum polyanthum,Gürke,yes,DD,yes
Lamiaceae,Clerodendrum rotundifolium,Oliv.,no,NE,yes
Lamiaceae,Clerodendrum tanganyikense,Baker,no,NE,yes
Lamiaceae,Karomia gigas,(Faden) Verdc.,no,CR,yes
Lamiaceae,Leonotis decadonta,Gürke,no,NE,yes
Lamiaceae,Leonotis grandis,Iwarsson & Y.B.Harv.,no,EN,yes
Lamiaceae,Ocimum grandiflorum,Lam.,no,LC,yes
Lamiaceae,Premna angolensis,Gürke,no,LC,yes
Lamiaceae,Premna chrysoclada,(Bojer) Gürke,no,LC,yes
Lamiaceae,Premna hans-joachimii,Verdc.,no,VU,yes
Lamiaceae,Premna hildebrandtii,Gürke,no,LC,yes
Lamiaceae,Premna resinosa,(Hochst.) Schauer,no,LC,yes
Lamiaceae,Premna richardsiae,Moldenke,yes,VU,yes
Lamiaceae,Premna schimperi,Engl.,no,LC,yes
Lamiaceae,Premna schliebenii,Werderm.,no,VU,yes
Lamiaceae,Premna senensis,Klotzsch,no,LC,yes
Lamiaceae,Premna serratifolia,L.,no,LC,yes
Lamiaceae,Premna tanganyikensis,Moldenke,no,VU,yes
Lamiaceae,Premna velutina,Gürke,no,NT,yes
Lamiaceae,Rotheca myricoides,(Hochst.) Steane & Mabb.,no,EN,yes
Lamiaceae,Rotheca sansibarensis,(Gürke) Steane & Mabb.,no,LC,yes
Lamiaceae,Vitex amaniensis,W.Piep.,yes,VU,yes
Lamiaceae,Vitex buchananii,Baker ex Gürke,no,LC,yes
Lamiaceae,Vitex carvalhi,Gürke,no,VU,yes
Lamiaceae,Vitex doniana,Sweet,no,LC,yes
Lamiaceae,Vitex ferruginea,Schumach. & Thonn.,no,LC,yes
Lamiaceae,Vitex fischeri,Gürke,no,LC,yes
Lamiaceae,Vitex madiensis,Oliv.,no,LC,yes
Lamiaceae,Vitex mombassae,Vatke,no,LC,yes
Lamiaceae,Vitex morogoroensis,Walsingham & S.Atkins,yes,EN,yes
Lamiaceae,Vitex mossambicensis,Gürke,no,VU,yes
Lamiaceae,Vitex payos,(Lour.) Merr.,no,LC,yes
Lamiaceae,Vitex schliebenii,Moldenke,no,NE,no
Lamiaceae,Vitex strickeri,Vatke & Hildebr.,no,NE,no
Lamiaceae,Vitex trifolia,L.,no,NE,yes
Lamiaceae,Vitex ugogoensis,Verdc.,yes,EN,yes
Lamiaceae,Vitex zanzibarensis,Vatke,no,VU,yes
Lamiaceae,Volkameria eriophylla,(Gürke) Mabb. & Y.W.Yuan,no,LC,yes
Lamiaceae,Volkameria glabra,(E.Mey.) Mabb. & Y.W.Yuan,no,LC,yes
Lauraceae,Beilschmiedia kweo,(Mildbr.) Robyns & R.Wilczek,yes,LC,yes
Lauraceae,Beilschmiedia ugandensis,Rendle,no,LC,yes
Lauraceae,Cryptocarya liebertiana,Engl.,no,LC,yes
Lauraceae,Ocotea kenyensis,(Chiov.) Robyns & R.Wilczek,no,VU,yes
Lauraceae,Ocotea usambarensis,Engl.,no,NE,yes
Lecythidaceae,Barringtonia asiatica,(L.) Kurz,no,LC,yes
Lecythidaceae,Barringtonia racemosa,(L.) Spreng.,no,LC,yes
Lecythidaceae,Foetidia africana,Verdc.,yes,CR,yes
Linaceae,Hugonia castaneifolia,Engl.,no,LC,yes
Linaceae,Hugonia orientalis,Engl.,no,LC,yes
Linaceae,Hugonia platysepala,Welw. ex Oliv.,no,LC,yes
Linaceae,Hugonia villosa,Engl.,no,NE,yes
Loganiaceae,Strychnos cocculoides,Baker,no,LC,yes
Loganiaceae,Strychnos decussata,(Pappe) Gilg,no,LC,yes
Loganiaceae,Strychnos henningsii,Gilg,no,LC,yes
Loganiaceae,Strychnos innocua,Delile,no,LC,yes
Loganiaceae,Strychnos madagascariensis,Poir.,no,LC,yes
Loganiaceae,Strychnos mellodora,S. Moore,no,LC,yes
Loganiaceae,Strychnos mitis,S.Moore,no,NE,yes
Loganiaceae,Strychnos myrtoides,Gilg & Busse,no,NE,yes
Loganiaceae,Strychnos spinosa,Lam.,no,NE,yes
Loganiaceae,Strychnos usambarensis,Gilg ex Engl.,no,NE,yes
Loganiaceae,Strychnos xylophylla,Gilg,no,EN,yes
Lythraceae,Lawsonia inermis,L.,no,LC,yes
Lythraceae,Pemphis acidula,J.R.Forst. & G.Forst.,no,LC,yes
Lythraceae,Sonneratia alba,Sm.,no,LC,yes
Malpighiaceae,Acridocarpus katangensis,De Wild.,no,LC,yes
Malvaceae,Adansonia digitata,L.,no,NE,yes
Malvaceae,Byttneria fruticosa,K.Schum. ex Engl.,no,VU,yes
Malvaceae,Carpodiptera africana,Mast.,no,NE,yes
Malvaceae,Christiana africana,DC.,no,LC,yes
Malvaceae,Cola discoglypremnophylla,Brenan & A.P.D.Jones,no,EN,yes
Malvaceae,Cola greenwayi,Brenan,no,NE,yes
Malvaceae,Cola kimbozensis,Cheek,yes,CR,yes
Malvaceae,Cola lukei,Cheek,yes,CR,yes
Malvaceae,Cola microcarpa,Brenan,yes,VU,yes
Malvaceae,Cola minor,Brenan,no,NT,yes
Malvaceae,Cola porphyrantha,Brenan,no,CR,yes
Malvaceae,Cola pseudoclavata,Cheek,no,NT,yes
Malvaceae,Cola quentinii,Cheek,yes,CR,yes
Malvaceae,Cola scheffleri,K.Schum.,yes,VU,yes
Malvaceae,Cola stelechantha,Brenan,yes,EN,yes
Malvaceae,Cola uloloma,Brenan,no,NE,yes
Malvaceae,Cola usambarensis,Engl.,yes,CR,yes
Malvaceae,Dombeya acutangula,Cav.,no,CR,yes
Malvaceae,Dombeya amaniensis,Engl.,yes,VU,yes
Malvaceae,Dombeya buettneri,K.Schum.,no,NE,yes
Malvaceae,Dombeya burgessiae,Gerrard ex Harv.,no,LC,yes
Malvaceae,Dombeya kirkii,Mast.,no,NE,yes
Malvaceae,Dombeya shupangae,K.Schum.,no,LC,yes
Malvaceae,Dombeya taylorii,Baker f.,no,LC,yes
Malvaceae,Dombeya torrida,(J.F.Gmel.) Bamps,no,NE,yes
Malvaceae,Glyphaea brevis,(Spreng.) Monach.,no,LC,yes
Malvaceae,Grewia arborea,(Forssk.) Lam.,no,NE,yes
Malvaceae,Grewia bicolor,Juss.,no,NE,yes
Malvaceae,Grewia calymmatosepala,K.Schum.,no,NT,yes
Malvaceae,Grewia filipes,Burret,no,EN,yes
Malvaceae,Grewia flavescens,Juss.,no,LC,yes
Malvaceae,Grewia forbesii,Harv. ex Mast.,no,NE,no
Malvaceae,Grewia glandulosa,Vahl,no,LC,yes
Malvaceae,Grewia goetzeana,K.Schum.,yes,LC,yes
Malvaceae,Grewia hexamita,Burret,no,LC,yes
Malvaceae,Grewia holstii,Burret,no,LC,yes
Malvaceae,Grewia holtzii,Burret,yes,NE,no
Malvaceae,Grewia inaequilatera,Garcke,no,NE,yes
Malvaceae,Grewia isochroa,Burret,yes,NE,no
Malvaceae,Grewia lepidopetala,Garcke,no,NE,no
Malvaceae,Grewia leptopus,Ulbr.,no,NE,no
Malvaceae,Grewia meizophylla,Burret,yes,NE,no
Malvaceae,Grewia micrantha,Bojer,no,NE,no
Malvaceae,Grewia microcarpa,K.Schum.,no,NE,no
Malvaceae,Grewia mollis,Juss.,no,LC,yes
Malvaceae,Grewia monticola,Sond.,no,LC,yes
Malvaceae,Grewia oncopetala,K.Schum.,yes,NE,no
Malvaceae,Grewia pachycalyx,K.Schum.,no,NE,yes
Malvaceae,Grewia plagiophylla,K.Schum.,no,LC,yes
Malvaceae,Grewia praecox,K.Schum.,no,EN,yes
Malvaceae,Grewia rugosifolia,De Wild.,no,VU,yes
Malvaceae,Grewia similiopsis,C.Whitehouse,yes,NE,no
Malvaceae,Grewia similis,K.Schum.,no,NE,yes
Malvaceae,Grewia stolzii,Ulbr.,no,NE,yes
Malvaceae,Grewia tenax,(Forssk.) Fiori,no,LC,yes
Malvaceae,Grewia tephrodermis,K.Schum.,no,NE,no
Malvaceae,Grewia thikaensis,C.Whitehouse,no,VU,yes
Malvaceae,Grewia trichocarpa,Hochst. ex A.Rich.,no,NE,yes
Malvaceae,Grewia triflora,(Bojer) Walp.,no,LC,yes
Malvaceae,Grewia truncata,Mast.,no,NE,no
Malvaceae,Grewia ugandensis,Sprague,no,VU,yes
Malvaceae,Grewia villosa,Willd.,no,LC,yes
Malvaceae,Heritiera littoralis,Aiton,no,LC,yes
Malvaceae,Hibiscus diversifolius,Jacq.,no,NE,yes
Malvaceae,Hibiscus faulknerae,Vollesen,no,LC,yes
Malvaceae,Hibiscus schizopetalus,(Mast.) Hook.f.,no,NE,no
Malvaceae,Hildegardia migeodii,(Exell) Kosterm.,no,EN,yes
Malvaceae,Kosteletzkya grantii,(Mast.) Garcke,no,NE,yes
Malvaceae,Leptonychia usambarensis,K. Schum,no,LC,yes
Malvaceae,Mansonia diatomanthera,Brenan,yes,EN,yes
Malvaceae,Microcos conocarpa,Burret,no,NE,yes
Malvaceae,Microcos conocarpoides,(Burret) Burret,no,NE,no
Malvaceae,Microcos mildbraedii,(Burret) Burret,no,NE,yes
Malvaceae,Nesogordonia holtzii,(Engl.) Capuron ex L.C. Barnett & Dorr,no,NT,yes
Malvaceae,Pterygota perrieri,Hochr.,no,LC,yes
Malvaceae,Rhodognaphalon schumannianum,A.Robyns,no,LC,yes
Malvaceae,Sparrmannia ricinocarpa,(Eckl. & Zeyh.) Kuntze,no,LC,yes
Malvaceae,Sterculia africana,(Lour.) Fiori,no,LC,yes
Malvaceae,Sterculia appendiculata,K.Schum.,no,NE,yes
Malvaceae,Sterculia mhosya,Engl.,no,LC,yes
Malvaceae,Sterculia quinqueloba,(Garcke) K.Schum.,no,NE,yes
Malvaceae,Sterculia rhynchocarpa,K.Schum.,no,NE,no
Malvaceae,Sterculia schliebenii,Mildbr.,no,VU,yes
Malvaceae,Sterculia setigera,Delile,no,LC,yes
Malvaceae,Sterculia stenocarpa,H.J.P.Winkl.,no,LC,yes
Malvaceae,Sterculia subviolacea,K.Schum.,no,LC,yes
Malvaceae,Thespesia danis,Oliv.,no,NE,no
Malvaceae,Thespesia garckeana,F. Hoffm.,no,LC,yes
Malvaceae,Thespesia populnea,(L.) Sol. ex Corrêa,no,LC,yes
Malvaceae,Triumfetta trifida,Sprague & Hutch.,no,NE,no
Melastomataceae,Dichaetanthera erici-rosenii,(R.E.Fr.) A.Fern. & R.Fern.,no,NE,yes
Melastomataceae,Dichaetanthera verdcourtii,A.Fern. & R.Fern.,yes,EN,yes
Melastomataceae,Dissotidendron apricum,(Gilg ex Engl.) Ver.-Lib. & G.Kadereit,yes,EN,yes
Melastomataceae,Dissotidendron arborescens,(A.Fern. & R.Fern.) Ver.-Lib. & G.Kadereit,yes,EN,yes
Melastomataceae,Dissotidendron bussei,(Gilg ex Engl.) Ver.-Lib. & G.Kadereit,yes,DD,yes
Melastomataceae,Dissotidendron caloneurum,(Gilg ex Engl.) Ver.-Lib. & G.Kadereit,no,NE,no
Melastomataceae,Dissotidendron glandulicalyx,(Wickens) Ver.-Lib. & G.Kadereit,yes,NE,yes
Melastomataceae,Dissotidendron melleri,(Hook.f.) Ver.-Lib. & G.Kadereit,no,LC,yes
Melastomataceae,Dissotidendron polyanthum,(Gilg) Ver.-Lib. & G.Kadereit,yes,LC,yes
Melastomataceae,Lijndenia brenanii,(A.Fern. & R.Fern.) Jacq.-Fél.,yes,CR,yes
Melastomataceae,Lijndenia greenwayi,(Brenan) Borhidi,no,LC,yes
Melastomataceae,Lijndenia semseii,(A.Fern. & R.Fern.) Borhidi,yes,EN,yes
Melastomataceae,Lijndenia udzungwarum,R.D.Stone & Q.Luke,yes,LC,yes
Melastomataceae,Memecylon cogniauxii,Gilg,yes,VU,yes
Melastomataceae,Memecylon deminutum,Brenan,yes,LC,yes
Melastomataceae,Memecylon erythranthum,Gilg,no,NT,yes
Melastomataceae,Memecylon flavovirens,Baker,no,NE,no
Melastomataceae,Memecylon magnifoliatum,A.Fern. & R.Fern.,yes,EN,yes
Melastomataceae,Memecylon myrianthum,Gilg,no,NE,yes
Melastomataceae,Memecylon myrtilloides,Markgr.,yes,VU,yes
Melastomataceae,Memecylon rovumense,R.D.Stone & I.G.Mona,no,EN,yes
Melastomataceae,Memecylon teitense,Wickens,no,VU,yes
Melastomataceae,Memecylon trunciflorum,R.D. Stone,yes,LC,yes
Melastomataceae,Memecylon verruculosum,Brenan,no,VU,yes
Melastomataceae,Warneckea amaniensis,Gilg,no,VU,yes
Melastomataceae,Warneckea erubescens,(Gilg) Jacq.-Fél.,yes,LC,yes
Melastomataceae,Warneckea hedbergiorum,(Borhidi) Borhidi,yes,NE,yes
Melastomataceae,Warneckea jasminoides,(Gilg) Jacq.-Fél.,no,LC,yes
Melastomataceae,Warneckea sansibarica,(Taub.) Jacq.-Fél.,no,LC,yes
Meliaceae,Carapa grandiflora,Sprague,no,LC,yes
Meliaceae,Ekebergia benguelensis,Welw. ex C.DC.,no,LC,yes
Meliaceae,Ekebergia capensis,Sparrm.,no,LC,yes
Meliaceae,Entandrophragma angolense,(Welw.) Panshin,no,NT,yes
Meliaceae,Entandrophragma bussei,Harms ex Engl.,yes,NE,no
Meliaceae,Entandrophragma delevoyi,De Wild.,no,NE,yes
Meliaceae,Entandrophragma excelsum,(Dawe & Sprague) Sprague,no,LC,yes
Meliaceae,Khaya anthotheca,(Welw.) C.DC.,no,VU,yes
Meliaceae,Lepidotrichilia volkensii,(Gürke) J.-F.Leroy,no,LC,yes
Meliaceae,Leplaea cedrata,(A.Chev.) E.J.M.Koenen & J.J.de Wilde,no,VU,yes
Meliaceae,Lovoa swynnertonii,Baker f.,no,NT,yes
Meliaceae,Lovoa trichilioides,Harms,no,LC,yes
Meliaceae,Melia volkensii,Gürke,no,NE,no
Meliaceae,Pseudobersama mossambicensis,(Sim) Verdc.,no,NT,yes
Meliaceae,Trichilia dregeana,Sond.,no,LC,yes
Meliaceae,Trichilia emetica,Vahl,no,LC,yes
Meliaceae,Trichilia lovettii,Cheek,yes,LC,yes
Meliaceae,Turraea abyssinica,Hochst. ex A.Rich.,no,NE,yes
Meliaceae,Turraea fischeri,Gürke,no,VU,yes
Meliaceae,Turraea floribunda,Hochst.,no,LC,yes
Meliaceae,Turraea holstii,Gürke,no,LC,yes
Meliaceae,Turraea kimbozensis,Cheek,yes,EN,yes
Meliaceae,Turraea nilotica,Kotschy & Peyr.,no,LC,yes
Meliaceae,Turraea robusta,Gürke,no,LC,yes
Meliaceae,Turraea wakefieldii,Oliv.,no,LC,yes
Meliaceae,Xylocarpus granatum,J.Koenig,no,LC,yes
Monimiaceae,Xymalos monospora,(Harv.) Baill.,no,LC,yes
Montiniaceae,Grevea eggelingii,Milne-Redh.,no,EN,yes
Moraceae,Afromorus mesozygia,(Stapf) E.M.Gardner,,,
Moraceae,Antiaris toxicaria,(J.F.Gmel.) Lesch.,no,LC,yes
Moraceae,Bosqueiopsis gilletii,De Wild. & T.Durand,no,NE,no
Moraceae,Ficus abutilifolia,(Miq.) Miq.,no,LC,yes
Moraceae,Ficus amadiensis,De Wild.,no,LC,yes
Moraceae,Ficus artocarpoides,Warb.,no,NE,yes
Moraceae,Ficus asperifolia,Miq.,no,LC,yes
Moraceae,Ficus bubu,Warb.,no,NE,yes
Moraceae,Ficus bussei,Warb. ex Mildbr. & Burret,no,NE,no
Moraceae,Ficus capreifolia,Delile,no,LC,yes
Moraceae,Ficus chirindensis,C.C.Berg,no,NE,no
Moraceae,Ficus conraui,Warb.,no,LC,yes
Moraceae,Ficus craterostoma,Warb. ex Mildbr. & Burret,no,NE,yes
Moraceae,Ficus cyathistipula,Warb.,no,LC,yes
Moraceae,Ficus exasperata,Vahl,no,LC,yes
Moraceae,Ficus faulkneriana,C.C.Berg,no,VU,yes
Moraceae,Ficus fischeri,Warb. ex Mildbr. & Burret,no,NE,yes
Moraceae,Ficus glumosa,Delile,no,LC,yes
Moraceae,Ficus ingens,(Miq.) Miq.,no,LC,yes
Moraceae,Ficus laurifolia,Lam.,no,NE,no
Moraceae,Ficus lingua,Warb. ex De Wild. & T.Durand,no,LC,yes
Moraceae,Ficus lutea,Vahl,no,LC,yes
Moraceae,Ficus mucuso,Welw. ex Ficalho,no,LC,yes
Moraceae,Ficus natalensis,Hochst.,no,LC,yes
Moraceae,Ficus nigropunctata,Warb. ex Mildbr. & Burret,no,LC,yes
Moraceae,Ficus polita,Vahl,no,LC,yes
Moraceae,Ficus populifolia,Vahl,no,LC,yes
Moraceae,Ficus sansibarica,Warb.,no,NE,yes
Moraceae,Ficus saussureana,DC.,no,LC,yes
Moraceae,Ficus scassellatii,Pamp.,no,NE,yes
Moraceae,Ficus stuhlmannii,Warb.,no,LC,yes
Moraceae,Ficus sur,Forssk.,no,LC,yes
Moraceae,Ficus sycomorus,L.,no,LC,yes
Moraceae,Ficus thonningii,Blume,no,LC,yes
Moraceae,Ficus tremula,Warb.,no,VU,yes
Moraceae,Ficus trichopoda,Baker,no,LC,yes
Moraceae,Ficus usambarensis,Warb.,yes,NE,yes
Moraceae,Ficus vallis-choudae,Delile,no,NE,yes
Moraceae,Ficus variifolia,Warb.,no,NE,yes
Moraceae,Ficus verruculosa,Warb.,no,LC,yes
Moraceae,Ficus wakefieldii,Hutch.,no,NE,yes
Moraceae,Maclura africana,(Bureau) Corner,no,LC,yes
Moraceae,Mesogyne insignis,Engl.,no,NT,yes
Moraceae,Milicia excelsa,(Welw.) C.C.Berg,no,NT,yes
Moraceae,Sloetiopsis usambarensis,Engl.,,,
Moraceae,Treculia africana,Decne. ex Trécul,no,LC,yes
Moraceae,Trilepisium madagascariense,DC.,no,NE,yes
Myricaceae,Morella kandtiana,(Engl.) Verdc. & Polhill,no,NE,yes
Myricaceae,Morella salicifolia,(Hochst. ex A.Rich.) Verdc. & Polhill,no,LC,yes
Myricaceae,Morella serrata,(Lam.) Killick,no,NE,yes
Myricaceae,Morella spathulata,(Mirb.) Verdc. & Polhill     ,no,LC,yes
Myristicaceae,Cephalosphaera usambarensis,(Warb.) Warb.,no,NT,yes
Myristicaceae,Pycnanthus angolensis,(Welw.) Warb.,no,LC,yes
Myrtaceae,Eugenia bukobensis,Engl.,no,LC,yes
Myrtaceae,Eugenia capensis,(Eckl. & Zeyh.) Harv.,no,NE,yes
Myrtaceae,Eugenia mufindiensis,Verdc.,yes,VU,yes
Myrtaceae,Eugenia toxanatolica,Verdc.,yes,VU,yes
Myrtaceae,Syzygium afromontanum,(F.White) Byng,no,NE,no
Myrtaceae,Syzygium congolense,Vermoesen,no,NE,yes
Myrtaceae,Syzygium cordatum,Hochst. ex Krauss,no,LC,yes
Myrtaceae,Syzygium guineense,(Willd.) DC.,no,LC,yes
Myrtaceae,Syzygium masukuense,(Baker) R.E.Fr.,no,VU,yes
Myrtaceae,Syzygium micklethwaitii,Verdc.,no,NT,yes
Myrtaceae,Syzygium owariense,(P.Beauv.) Benth.,no,LC,yes
Myrtaceae,Syzygium parvifolium,(Engl.) Mildbr.,no,NE,no
Myrtaceae,Syzygium parvulum,Mildbr. ex Amshoff,yes,EN,yes
Myrtaceae,Syzygium shimbaense,(Verdc.) Byng & Christenh.,no,EN,yes
Myrtaceae,Syzygium subcordatum,(Verdc.) Byng & N.Snow,yes,VU,yes
Nyctaginaceae,Pisonia aculeata,L.,no,LC,yes
Nyctaginaceae,Pisonia grandis,R.Br.,no,NE,yes
Ochnaceae,Brackenridgea zanguebarica,Oliv.,no,NE,yes
Ochnaceae,Campylospermum bukobense,(Gilg) Farron,no,NE,no
Ochnaceae,Campylospermum densiflorum,(De Wild. & T.Durand) Farron,no,LC,yes
Ochnaceae,Campylospermum lutambense,(Sleumer) Biss.,no,EN,yes
Ochnaceae,Campylospermum reticulatum,(P. Beauv.) Farron,no,NE,yes
Ochnaceae,Campylospermum sacleuxii,(Tiegh.) Farron,no,VU,yes
Ochnaceae,Campylospermum scheffleri,(Engl. & Gilg) Farron,yes,VU,yes
Ochnaceae,Campylospermum vogelii,(Hook.f.) Farron,no,LC,yes
Ochnaceae,Ochna afzelii,R.Br. ex Oliv.,no,LC,yes
Ochnaceae,Ochna afzelioides,N.Robson,no,NE,yes
Ochnaceae,Ochna apetala,Verdc.,no,VU,yes
Ochnaceae,Ochna confusa,Burtt Davy & Greenway,no,NE,yes
Ochnaceae,Ochna cyanophylla,N. Robson,no,LC,yes
Ochnaceae,Ochna gambleoides,N.Robson,no,LC,yes
Ochnaceae,Ochna holstii,Engl.,no,LC,yes
Ochnaceae,Ochna holtzii,Gilg,no,LC,yes
Ochnaceae,Ochna inermis,(Forssk.) Schweinf.,no,NE,yes
Ochnaceae,Ochna insculpta,Sleumer,no,NE,yes
Ochnaceae,Ochna kirkii,Oliv.,no,LC,yes
Ochnaceae,Ochna leptoclada,Oliv.,no,NE,no
Ochnaceae,Ochna monantha,Gilg,yes,DD,yes
Ochnaceae,Ochna mossambicensis,Klotzsch,no,LC,yes
Ochnaceae,Ochna ovata,F.Hoffm.,no,NE,yes
Ochnaceae,Ochna oxyphylla,N.Robson,no,NE,no
Ochnaceae,Ochna polyarthra,Verdc.,yes,CR,yes
Ochnaceae,Ochna polyneura,Gilg,no,NE,no
Ochnaceae,Ochna pseudoprocera,Sleumer,yes,VU,yes
Ochnaceae,Ochna puberula,N. Robson,no,NE,no
Ochnaceae,Ochna rovumensis,Gilg,no,LC,yes
Ochnaceae,Ochna schliebenii,Sleumer,yes,CR,yes
Ochnaceae,Ochna schweinfurthiana,F.Hoffm.,no,LC,yes
Ochnaceae,Ochna thomasiana,Engl. & Gilg,no,LC,yes
Olacaceae,Octoknema orientalis,Mildbr.,yes,NT,yes
Olacaceae,Olax dissitiflora,Oliv.,no,LC,yes
Olacaceae,Olax obtusifolia,De Wild.,no,NE,no
Olacaceae,Olax pentandra,Sleumner,yes,NT,yes
Olacaceae,Strombosia scheffleri,Engl.,no,LC,yes
Olacaceae,Ximenia americana,L.,no,LC,yes
Olacaceae,Ximenia caffra,Sond.,no,LC,yes
Oleaceae,Noronhia africana,(Knobl.) Hong-Wa & Besnard,no,LC,yes
Oleaceae,Noronhia battiscombei,(Hutch.) Hong-Wa & Besnard,no,NE,no
Oleaceae,Noronhia mildbraedii,(Gilg & G.Schellenb.),no,NE,yes
Oleaceae,Noronhia nilotica,(Oliv.) Hong-Wa & Besnard,no,LC,yes
Oleaceae,Olea capensis,L.,no,LC,yes
Oleaceae,Olea europaea,L.,no,NT,yes
Oleaceae,Olea schliebenii,Knobl.,yes,EN,yes
Oleaceae,Olea welwitschii,(Knobl.) Gilg & G.Schellenb.,no,LC,yes
Oleaceae,Olea woodiana,Knobl.,no,LC,yes
Oleaceae,Schrebera alata,(Hochst.) Welw.,no,LC,yes
Oleaceae,Schrebera arborea,A.Chev.,no,LC,yes
Oleaceae,Schrebera trichoclada,Welw.,no,LC,yes
Opiliaceae,Opilia campestris,Engl.,no,NE,yes
Opiliaceae,Pentarhopalopilia umbellulata,(Baill.) Hiepko,no,LC,yes
Pandanaceae,Pandanus chiliocarpus,Stapf,no,LC,yes
Pandanaceae,Pandanus kirkii,Rendle,no,LC,yes
Pandanaceae,Pandanus rabaiensis,Rendle.,no,NT,yes
Passifloraceae,Barteria dewevrei,De Wild. & T.Durand,no,NE,no
Passifloraceae,Paropsia braunii,Gilg,no,NT,yes
Passifloraceae,Paropsia grewioides,Welw. ex Mast.,no,LC,yes
Passifloraceae,Viridivia suberosa,Hemsl. & Verdc.,no,LC,yes
Pedaliaceae,Sesamothamnus busseanus,Engl.,no,LC,yes
Penaeaceae,Olinia huillensis,Welw. ex A.Fern. & R.Fern.,no,LC,yes
Penaeaceae,Olinia rochetiana,A.Juss.,no,NE,yes
Penaeaceae,Olinia ruandensis,Gilg,no,NE,yes
Pentaphylacaceae,Balthasaria schliebenii,(Melch.) Verdc.,no,VU,yes
Pentaphylacaceae,Ternstroemia polypetala,Melch.,no,VU,yes
Peraceae,Clutia abyssinica,Jaub. & Spach,no,LC,yes
Peraceae,Clutia kilimandscharica,Engl.,no,NE,no
Phyllanthaceae,Antidesma membranaceum,Müll.Arg.,no,LC,yes
Phyllanthaceae,Antidesma rufescens,Tul.,no,NE,yes
Phyllanthaceae,Antidesma venosum,E.Mey. ex Tul.,no,LC,yes
Phyllanthaceae,Antidesma vogelianum,Müll.Arg.,no,NE,yes
Phyllanthaceae,Bridelia atroviridis,Müll.Arg.,no,NE,yes
Phyllanthaceae,Bridelia brideliifolia,(Pax) Fedde,no,LC,yes
Phyllanthaceae,Bridelia cathartica,Bertol.,no,LC,yes
Phyllanthaceae,Bridelia duvigneaudii,J.Léonard,no,NE,no
Phyllanthaceae,Bridelia micrantha,(Hochst.) Baill.,no,LC,yes
Phyllanthaceae,Bridelia scleroneura,Müll.Arg.,no,LC,yes
Phyllanthaceae,Cleistanthus polystachyus,Hook.f. ex Planch.,no,LC,yes
Phyllanthaceae,Cleistanthus schlechteri,(Pax) Hutch.,no,LC,yes
Phyllanthaceae,Flueggea virosa,(Roxb. ex Willd.) Royle,no,LC,yes
Phyllanthaceae,Heywoodia lucens,Sim,no,NE,yes
Phyllanthaceae,Hymenocardia acida,Tul.,no,LC,yes
Phyllanthaceae,Hymenocardia ulmoides,Oliv.,no,LC,yes
Phyllanthaceae,Lingelsheimia sylvestris,(Radcl.-Sm.) Radcl.-Sm.,yes,CR,yes
Phyllanthaceae,Margaritaria discoidea,(Baill.) G.L.Webster,no,LC,yes
Phyllanthaceae,Meineckia acuminata,(Verdc.) Jean F.Brunel,yes,EN,yes
Phyllanthaceae,Meineckia capillipes,(S.F.Blake) G.L.Webster,yes,VU,yes
Phyllanthaceae,Meineckia grandiflora,(Verdc.) Jean F.Brunel,yes,CR,yes
Phyllanthaceae,Meineckia nguruensis,(Radcl.-Sm.) Jean F.Brunel,yes,VU,yes
Phyllanthaceae,Meineckia paxii,Jean F.Brunel,yes,EN,yes
Phyllanthaceae,Meineckia stipularis,(Radcl.-Sm.) Jean F.Brunel,yes,EN,yes
Phyllanthaceae,Phyllanthus engleri,Pax,no,LC,yes
Phyllanthaceae,Phyllanthus kaessneri,Hutch.,no,VU,yes
Phyllanthaceae,Phyllanthus ovalifolius,Forssk.,no,LC,yes
Phyllanthaceae,Phyllanthus pinnatus,(Wight) G.L.Webster,no,NE,yes
Phyllanthaceae,Phyllanthus polyanthus,Pax,no,LC,yes
Phyllanthaceae,Pseudolachnostylis maprouneifolia,Pax,no,LC,yes
Phyllanthaceae,Spondianthus preussii,Engl.,no,LC,yes
Phyllanthaceae,Thecacoris lucida,(Pax) Hutch.,no,NE,yes
Phyllanthaceae,Uapaca kirkiana,Müll.Arg.,no,LC,yes
Phyllanthaceae,Uapaca mole,Pax,no,LC,yes
Phyllanthaceae,Uapaca nitida,Müll.Arg.,no,LC,yes
Phyllanthaceae,Uapaca pilosa,Hutch.,no,NE,yes
Phyllanthaceae,Uapaca sansibarica,Pax,no,LC,yes
Picrodendraceae,Aristogeitonia monophylla,Airy Shaw,no,NT,yes
Picrodendraceae,Oldfieldia dactylophylla,(Welw. ex Oliv.) J.Léonard,no,NE,no
Picrodendraceae,Oldfieldia somalensis,(Chiov.) Milne-Redh.,no,NT,yes
Piperaceae,Piper guineense,Schumach. & Thonn.,no,LC,yes
Pittosporaceae,Pittosporum abyssinicum,Delile,no,NE,yes
Pittosporaceae,Pittosporum goetzei,Engl.,yes,LC,yes
Pittosporaceae,Pittosporum viridiflorum,Sims,no,LC,yes
Podocarpaceae,Afrocarpus dawei,(Stapf) C.N.Page,no,NT,yes
Podocarpaceae,Afrocarpus gracilior,(Pilg.) C.N.Page,no,LC,yes
Podocarpaceae,Afrocarpus usambarensis,(Pilg.) C.N.Page,no,EN,yes
Podocarpaceae,Podocarpus henkelii,Stapf ex Dallim. & B.D.Jacks.,no,EN,yes
Podocarpaceae,Podocarpus milanjianus,Rendle,no,LC,yes
Polygalaceae,Carpolobia goetzei,Gürke,no,LC,yes
Polygalaceae,Securidaca longepedunculata,Fresen.,no,LC,yes
Primulaceae,Embelia upembensis,Taton,no,VU,yes
Primulaceae,Maesa lanceolata,Forssk.,no,LC,yes
Primulaceae,Maesa welwitschii,Gilg,no,NE,yes
Primulaceae,Myrsine melanophloeos,(L.) R.Br. ex Sweet,no,NE,yes
Proteaceae,Faurea arborea,Engl.,no,NE,yes
Proteaceae,Faurea delevoyi,De Wild.,no,NE,no
Proteaceae,Faurea intermedia,Engl. & Gilg,no,NE,no
Proteaceae,Faurea rochetiana,(A.Rich.) Chiov. ex Pic.Serm.,no,LC,yes
Proteaceae,Faurea saligna,Harv.,no,LC,yes
Proteaceae,Faurea wentzeliana,Engl.,no,NE,yes
Proteaceae,Protea angolensis,Welw.,no,NE,no
Proteaceae,Protea caffra,Meisn.,no,LC,yes
Proteaceae,Protea gaguedi,J.F.Gmel.,no,LC,yes
Proteaceae,Protea madiensis,Oliv.,no,LC,yes
Proteaceae,Protea petiolaris,(Hiern) Baker & C.H.Wright,no,NE,no
Proteaceae,Protea rubrobracteata,Engl.,yes,VU,yes
Proteaceae,Protea rupestris,R.E.Fr.,no,NE,no
Proteaceae,Protea welwitschii,Engl.,no,LC,yes
Putranjivaceae,Drypetes arguta,(Müll.Arg.) Hutch.,no,LC,yes
Putranjivaceae,Drypetes gerrardii,Hutch.,no,LC,yes
Putranjivaceae,Drypetes gerrardinoides,Radcl.-Sm.,yes,EN,yes
Putranjivaceae,Drypetes natalensis,(Harv.) Hutch.,no,LC,yes
Putranjivaceae,Drypetes parvifolia,(Müll.Arg.) Pax & K.Hoffm.,no,NE,no
Putranjivaceae,Drypetes reticulata,Pax,no,NE,yes
Putranjivaceae,Drypetes sclerophylla,Mildbr.,yes,EN,yes
Putranjivaceae,Drypetes usambarica,(Pax) Hutch.,no,LC,yes
Putranjivaceae,Sibangea pleioneura,Radcl.-Sm.,yes,EN,yes
Rhamnaceae,Berchemia discolor,(Klotzsch) Hemsl.,no,LC,yes
Rhamnaceae,Lasiodiscus mildbraedii,Engl.,no,VU,yes
Rhamnaceae,Lasiodiscus pervillei,Baill.,no,LC,yes
Rhamnaceae,Lasiodiscus usambarensis,Engl.,no,LC,yes
Rhamnaceae,Maesopsis eminii,Engl.,no,LC,yes
Rhamnaceae,Rhamnus prinoides,L'Hér.,no,LC,yes
Rhamnaceae,Rhamnus staddo,A.Rich.,no,LC,yes
Rhamnaceae,Ziziphus abyssinica,Hochst. ex A.Rich.,no,LC,yes
Rhamnaceae,Ziziphus mauritiana,Lam.,no,LC,yes
Rhamnaceae,Ziziphus mucronata,Willd.,no,LC,yes
Rhamnaceae,Ziziphus robertsoniana,Beentje,no,EN,yes
Rhamnaceae,Ziziphus spina-christi,(L.) Desf.,no,LC,yes
Rhizophoraceae,Bruguiera gymnorhiza,(L.) Lam.,no,LC,yes
Rhizophoraceae,Cassipourea celastroides,Alston,no,LC,yes
Rhizophoraceae,Cassipourea euryoides,Alston,no,LC,yes
Rhizophoraceae,Cassipourea gummiflua,Tul.,no,LC,yes
Rhizophoraceae,Cassipourea malosana,(Baker) Alston,no,LC,yes
Rhizophoraceae,Cassipourea mollis,(R.E.Fr.) Alston,no,LC,yes
Rhizophoraceae,Cassipourea rotundifolia,(Engl.) Alston,no,VU,yes
Rhizophoraceae,Cassipourea ruwensorensis,(Engl.) Alston,no,NE,yes
Rhizophoraceae,Ceriops tagal,(Perr.) C.B.Rob.,no,LC,yes
Rhizophoraceae,Rhizophora mucronata,Poir.,no,LC,yes
Rosaceae,Hagenia abyssinica,(Bruce) J.F.Gmel.,no,LC,yes
Rosaceae,Prunus africana,(Hook.f.) Kalkman,no,VU,yes
Rubiaceae,Afrocanthium burttii,(Bullock) Lantz,no,NE,no
Rubiaceae,Afrocanthium keniense,(Bullock) Lantz,no,VU,yes
Rubiaceae,Afrocanthium lactescens,(Hiern) Lantz,no,LC,yes
Rubiaceae,Afrocanthium parasiebenlistii,(Bridson) Lantz,no,NE,no
Rubiaceae,Afrocanthium peteri,(Bridson) Lantz,no,VU,yes
Rubiaceae,Afrocanthium pseudoverticillatum,(S.Moore) Lantz,no,LC,yes
Rubiaceae,Afrocanthium racemulosum,(S.Moore) Lantz,no,VU,yes
Rubiaceae,Afrocanthium rondoense,(Bridson) Lantz,yes,EN,yes
Rubiaceae,Afrocanthium shabanii,(Bridson) Lantz,yes,EN,yes
Rubiaceae,Afrocanthium siebenlistii,(K.Krause) Lantz,yes,VU,yes
Rubiaceae,Afrocanthium vollesenii,(Bridson) Lantz,no,VU,yes
Rubiaceae,Aidia abeidii,S.E.Dawson & Gereau,no,VU,yes
Rubiaceae,Aidia micrantha,(K.Schum.) Bullock ex F.White,no,LC,yes
Rubiaceae,Aoranthe penduliflora,(K.Schum.) Somers,yes,VU,yes
Rubiaceae,Aulacocalyx laxiflora,E.M.A.Petit,no,NE,no
Rubiaceae,Belonophora coffeoides,Hook.f.,no,LC,yes
Rubiaceae,Bertiera naucleoides,(S.Moore) Bridson,no,NE,yes
Rubiaceae,Bertiera pauloi,Verdc.,yes,VU,yes
Rubiaceae,Bertiera racemosa,(G.Don) K.Schum.,no,LC,yes
Rubiaceae,Breonadia salicina,(Vahl) Hepper & J.R.I.Wood,no,LC,yes
Rubiaceae,Bullockia dyscritos,"(Bullock) Razafim., Lantz & B.Bremer",no,EN,yes
Rubiaceae,Bullockia impressinervia,"(Bridson) Razafim., Lantz & B.Bremer",yes,EN,yes
Rubiaceae,Bullockia mombazensis,"(Baill.) Razafim., Lantz & B.Bremer",no,NE,no
Rubiaceae,Calycosiphonia spathicalyx,(K.Schum.) Robbr.,no,LC,yes
Rubiaceae,Canthium oligocarpum,Hiern,no,LC,yes
Rubiaceae,Catunaregam nilotica,(Stapf) Tirveng.,no,NE,yes
Rubiaceae,Catunaregam taylorii,(S.Moore) Bridson,no,LC,yes
Rubiaceae,Cephalanthus natalensis,Oliv.,no,LC,yes
Rubiaceae,Chassalia albiflora,K.Krause,yes,VU,yes
Rubiaceae,Chassalia kenyensis,Verdc.,no,VU,yes
Rubiaceae,Chassalia parvifolia,K.Schum.,no,LC,yes
Rubiaceae,Chassalia subochreata,(De Wild.) Robyns,no,NE,yes
Rubiaceae,Chazaliella abrupta,(Hiern) E.M.A.Petit & Verdc.,no,NE,yes
Rubiaceae,Coffea bridsoniae,A.P.Davis & Mvungi,yes,EN,yes
Rubiaceae,Coffea canephora,Pierre ex A.Froehner,no,LC,yes
Rubiaceae,Coffea costatifructa,Bridson,yes,EN,yes
Rubiaceae,Coffea eugenioides,S.Moore,no,LC,yes
Rubiaceae,Coffea kihansiensis,A.P.Davis & Mvungi,yes,CR,yes
Rubiaceae,Coffea kimbozensis,Bridson,yes,CR,yes
Rubiaceae,Coffea lulandoensis,Bridson,yes,VU,yes
Rubiaceae,Coffea mongensis,Bridson,yes,EN,yes
Rubiaceae,Coffea mufindiensis,Hutch. ex Bridson,no,LC,yes
Rubiaceae,Coffea pocsii,Bridson,yes,EN,yes
Rubiaceae,Coffea pseudozanguebariae,Bridson,no,NT,yes
Rubiaceae,Coffea salvatrix,Swynn. & Philipson,no,EN,yes
Rubiaceae,Coffea schliebenii,Bridson,no,VU,yes
Rubiaceae,Coffea sessiliflora,Bridson,no,LC,yes
Rubiaceae,Coffea zanguebariae,Lour.,no,VU,yes
Rubiaceae,Coptosperma graveolens,(S.Moore) Degreef,no,NE,yes
Rubiaceae,Coptosperma littorale,(Hiern) Degreef,no,LC,yes
Rubiaceae,Coptosperma neurophyllum,(S.Moore) Degreef,no,LC,yes
Rubiaceae,Coptosperma nigrescens,Hook.f.,no,LC,yes
Rubiaceae,Coptosperma supra-axillare,(Hemsl.) Degreef,no,LC,yes
Rubiaceae,Craterispermum longipedunculatum,Verdc.,yes,VU,yes
Rubiaceae,Craterispermum schweinfurthii,Hiern,no,LC,yes
Rubiaceae,Cremaspora triflora,(Thonn.) K.Schum.,no,LC,yes
Rubiaceae,Crossopteryx febrifuga,(Afzel. ex G.Don) Benth.,no,LC,yes
Rubiaceae,Cuviera migeodii,Verdc.,yes,VU,yes
Rubiaceae,Cuviera schliebenii,Verdc.,yes,EN,yes
Rubiaceae,Cuviera semseii,Verdc.,no,NE,no
Rubiaceae,Cuviera tomentosa,Verdc.,no,EN,yes
Rubiaceae,Didymosalpinx norae,(Swynn.) Keay,no,NT,yes
Rubiaceae,Empogona acidophylla,(Robbr.) Tosh & Robbr.,yes,VU,yes
Rubiaceae,Empogona congesta,(Oliv.) J.E.Burrows,no,LC,yes
Rubiaceae,Empogona coriacea,(Sond.) Tosh & Robbr.,no,LC,yes
Rubiaceae,Empogona kirkii,Hook.f.,no,LC,yes
Rubiaceae,Feretia aeruginescens,Stapf,no,NE,yes
Rubiaceae,Feretia apodanthera,Delile,no,NE,yes
Rubiaceae,Galiniera saxifraga,(Hochst.) Bridson,no,LC,yes
Rubiaceae,Gardenia imperialis,K.Schum.,no,LC,yes
Rubiaceae,Gardenia posoquerioides,S.Moore,no,VU,yes
Rubiaceae,Gardenia resiniflua,Hiern,no,NE,yes
Rubiaceae,Gardenia ternifolia,Schumach. & Thonn.,no,LC,yes
Rubiaceae,Gardenia transvenulosa,Verdc.,no,LC,yes
Rubiaceae,Gardenia volkensii,K.Schum.,no,LC,yes
Rubiaceae,Guettarda speciosa,L.,no,LC,yes
Rubiaceae,Heinsenia diervilleoides,K.Schum.,no,VU,yes
Rubiaceae,Heinsia bussei,Verdc.,yes,EN,yes
Rubiaceae,Heinsia crinita,(Afzel.) G.Taylor,no,LC,yes
Rubiaceae,Heinsia zanzibarica,(Bojer) Verdc.,no,NT,yes
Rubiaceae,Hymenodictyon floribundum,(Hochst. & Steud.) B.L.Rob.,no,LC,yes
Rubiaceae,Hymenodictyon parvifolium,Oliv.,no,LC,yes
Rubiaceae,Ixora albersii,K.Schum.,yes,VU,yes
Rubiaceae,Ixora burundiensis,Bridson,no,VU,yes
Rubiaceae,Ixora hartiana,De Block,no,NE,no
Rubiaceae,Ixora narcissodora,K.Schum.,no,LC,yes
Rubiaceae,Ixora scheffleri,K.Schum. & K.Krause,no,LC,yes
Rubiaceae,Keetia davidii,Bridson & Cheek,yes,EN,yes
Rubiaceae,Keetia gueinzii,(Sond.) Bridson,no,LC,yes
Rubiaceae,Keetia koritschoneri,Bridson,yes,EN,yes
Rubiaceae,Keetia purpurascens,(Bullock) Bridson,yes,EN,yes
Rubiaceae,Keetia venosa,(Oliv.) Bridson,no,LC,yes
Rubiaceae,Keetia zanzibarica,(Klotzsch) Bridson,no,NE,no
Rubiaceae,Kraussia kirkii,(Hook.f.) Bullock,no,LC,yes
Rubiaceae,Kraussia speciosa,Bullock,no,LC,yes
Rubiaceae,Lamprothamnus zanguebaricus,Hiern,no,NE,no
Rubiaceae,Lasianthus cereiflorus,E.A.Bruce,yes,NE,no
Rubiaceae,Lasianthus glomeruliflorus,K.Schum.,yes,EN,yes
Rubiaceae,Lasianthus kilimandscharicus,K.Schum.,no,LC,yes
Rubiaceae,Lasianthus laxinervis,(Verdc.) Jannerup,no,VU,yes
Rubiaceae,Lasianthus macrocalyx,K.Schum.,yes,NE,no
Rubiaceae,Lasianthus pedunculatus,E.A.Bruce,yes,VU,yes
Rubiaceae,Lasianthus wallacei,E.A.Bruce,yes,EN,yes
Rubiaceae,Leptactina delagoensis,K.Schum.,no,EN,yes
Rubiaceae,Leptactina oxyloba,K.Schum.,yes,EN,yes
Rubiaceae,Leptactina papyrophloea,Verdc.,yes,EN,yes
Rubiaceae,Leptactina platyphylla,(Hiern) Wernham,no,LC,yes
Rubiaceae,Meyna tetraphylla,(Schweinf. ex Hiern) Robyns,no,LC,yes
Rubiaceae,Mitragyna rubrostipulata,(K.Schum.) Havil.,no,NE,yes
Rubiaceae,Morinda asteroscepa,K.Schum.,no,VU,yes
Rubiaceae,Morinda lucida,Benth.,no,LC,yes
Rubiaceae,Multidentia castanea,(Robyns) Bridson & Verdc.,yes,EN,yes
Rubiaceae,Multidentia crassa,(Hiern) Bridson & Verdc.,no,LC,yes
Rubiaceae,Multidentia exserta,Bridson,no,LC,yes
Rubiaceae,Multidentia fanshawei,(Tennant) Bridson,no,NE,no
Rubiaceae,Multidentia kingupirensis,Bridson,yes,NE,no
Rubiaceae,Multidentia sclerocarpa,(K.Schum.) Bridson,no,EN,yes
Rubiaceae,Mussaenda erythrophylla,Schumach. & Thonn.,no,LC,yes
Rubiaceae,Mussaenda microdonta,Wernham,no,VU,yes
Rubiaceae,Mussaenda monticola,K.Krause,no,VU,yes
Rubiaceae,Nauclea nyasica,(Hoyle) Å.Krüger & Löfstrand,no,NT,yes
Rubiaceae,Oxyanthus biflorus,J.E.Burrows & S.M.Burrows,no,EN,yes
Rubiaceae,Oxyanthus haerdii,Bridson,yes,VU,yes
Rubiaceae,Oxyanthus lepidus,S.Moore,no,CR,yes
Rubiaceae,Oxyanthus pyriformis,(Hochst.) Skeels,no,EN,yes
Rubiaceae,Oxyanthus speciosus,DC.,no,LC,yes
Rubiaceae,Oxyanthus zanguebaricus,(Hiern) Bridson,no,LC,yes
Rubiaceae,Paracephaelis trichantha,(Baker) De Block,no,VU,yes
Rubiaceae,Pauridiantha chlorantha,(K.Schum.) Ntore & O.Lachenaud,yes,EN,yes
Rubiaceae,Pauridiantha hirsuta,Ntore,yes,NE,no
Rubiaceae,Pauridiantha paucinervis,(Hiern) Bremek.,no,LC,yes
Rubiaceae,Pauridiantha symplocoides,(S.Moore) Bremek.,no,NE,yes
Rubiaceae,Pauridiantha viridiflora,(Schweinf. ex Hiern) Hepper,no,LC,yes
Rubiaceae,Pavetta abyssinica,Fresen.,no,LC,yes
Rubiaceae,Pavetta axillipara,Bremek.,yes,LC,yes
Rubiaceae,Pavetta bagshawei,S.Moore,no,NE,yes
Rubiaceae,Pavetta comostyla,S.Moore,no,VU,yes
Rubiaceae,Pavetta crassipes,K.Schum.,no,LC,yes
Rubiaceae,Pavetta delicatifolia,Bridson,yes,VU,yes
Rubiaceae,Pavetta gardeniifolia,Hochst. ex A.Rich.,no,LC,yes
Rubiaceae,Pavetta gerstneri,Bremek.,no,NE,yes
Rubiaceae,Pavetta greenwayi,Bremek.,yes,NE,no
Rubiaceae,Pavetta holstii,K.Schum.,yes,NT,yes
Rubiaceae,Pavetta hymenophylla,Bremek.,no,NE,yes
Rubiaceae,Pavetta intermedia,Bremek.,no,LC,yes
Rubiaceae,Pavetta johnstonii,Bremek.,no,VU,yes
Rubiaceae,Pavetta kyimbilensis,Bremek.,no,LC,yes
Rubiaceae,Pavetta linearifolia,Bremek.,no,VU,yes
Rubiaceae,Pavetta lynesii,Bridson,yes,NT,yes
Rubiaceae,Pavetta macrosepala,Hiern,no,EN,yes
Rubiaceae,Pavetta manyanguensis,Bridson,yes,EN,yes
Rubiaceae,Pavetta molundensis,K.Krause,no,NE,yes
Rubiaceae,Pavetta nitidissima,Bridson,yes,LC,yes
Rubiaceae,Pavetta nitidula,Welw. ex Hiern,no,LC,yes
Rubiaceae,Pavetta oliveriana,Hiern,no,NE,yes
Rubiaceae,Pavetta schumanniana,F.Hoffm. ex K.Schum.,no,LC,yes
Rubiaceae,Pavetta sepium,K.Schum.,no,EN,yes
Rubiaceae,Pavetta sparsipila,Bremek.,yes,EN,yes
Rubiaceae,Pavetta sphaerobotrys,K.Schum.,no,EN,yes
Rubiaceae,Pavetta subcana,Hiern,no,NE,no
Rubiaceae,Pavetta subumbellata,Bremek.,no,EN,yes
Rubiaceae,Pavetta tendagurensis,Bremek.,no,EN,yes
Rubiaceae,Pavetta ternifolia,Hiern,no,NE,yes
Rubiaceae,Pavetta uniflora,Bremek.,no,NE,no
Rubiaceae,Phellocalyx vollescenii,Bridson,no,VU,yes
Rubiaceae,Phyllopentas elata,(K.Schum.) Kårehed & B.Bremer,yes,NE,no
Rubiaceae,Polysphaeria dischistocalyx,Brenan,no,LC,yes
Rubiaceae,Polysphaeria lanceolata,Hiern,no,NE,no
Rubiaceae,Polysphaeria macrantha,Brenan,yes,LC,yes
Rubiaceae,Polysphaeria multiflora,Hiern,no,LC,yes
Rubiaceae,Polysphaeria ntemii,S.E.Dawson & Gereau,yes,EN,yes
Rubiaceae,Polysphaeria parvifolia,Hiern,no,NE,no
Rubiaceae,Psychotria alsophila,K.Schum.,no,VU,yes
Rubiaceae,Psychotria bagshawei,E.M.A.Petit,no,EN,yes
Rubiaceae,Psychotria brucei,Verdc.,yes,VU,yes
Rubiaceae,Psychotria capensis,(Eckl.) Vatke,no,LC,yes
Rubiaceae,Psychotria cyathicalyx,E.M.A.Petit,yes,VU,yes
Rubiaceae,Psychotria diploneura,(K.Schum.) Bridson & Verdc.,yes,EN,yes
Rubiaceae,Psychotria elachistantha,(K.Schum.) E.M.A.Petit,yes,VU,yes
Rubiaceae,Psychotria eminiana,(Kuntze) E.M.A.Petit,no,LC,yes
Rubiaceae,Psychotria fractinervata,E.M.A.Petit,no,NE,yes
Rubiaceae,Psychotria goetzei,(K.Schum.) E.M.A.Petit,no,LC,yes
Rubiaceae,Psychotria lauracea,(K.Schum.) E.M.A.Petit,no,NE,yes
Rubiaceae,Psychotria linearisepala,E.M.A.Petit,no,NE,no
Rubiaceae,Psychotria mahonii,C.H.Wright,no,LC,yes
Rubiaceae,Psychotria megalopus,Verdc.,yes,VU,yes
Rubiaceae,Psychotria megistantha,E.M.A.Petit,yes,VU,yes
Rubiaceae,Psychotria orophila,E.M.A.Petit,no,NE,yes
Rubiaceae,Psychotria peduncularis,(Salisb.) Steyerm.,no,LC,yes
Rubiaceae,Psychotria peteri,E.M.A.Petit,yes,VU,yes
Rubiaceae,Psychotria pseudoplatyphylla,E.M.A.Petit,no,VU,yes
Rubiaceae,Psychotria punctata,Vatke,no,NE,yes
Rubiaceae,Psychotria schliebenii,E.M.A.Petit,no,LC,yes
Rubiaceae,Psychotria succulenta,(Hiern) E.M.A.Petit,no,LC,yes
Rubiaceae,Psychotria tenuipetiolata,Verdc.,yes,NE,no
Rubiaceae,Psychotria zombamontana,(Kuntze) E.M.A.Petit,no,NT,yes
Rubiaceae,Psydrax faulknerae,Bridson,no,VU,yes
Rubiaceae,Psydrax kibuwae,Bridson,yes,VU,yes
Rubiaceae,Psydrax livida,(Hiern) Bridson,no,LC,yes
Rubiaceae,Psydrax lynesii,Bullock ex Bridson,yes,EN,yes
Rubiaceae,Psydrax micans,(Bullock) Bridson,no,VU,yes
Rubiaceae,Psydrax parviflora,(Afzel.) Bridson,no,LC,yes
Rubiaceae,Psydrax schimperianus,(A.Rich.) Bridson,no,LC,yes
Rubiaceae,Psydrax whitei,Bridson,no,NE,yes
Rubiaceae,Pyrostria bibracteata,(Baker) Cavaco,no,LC,yes
Rubiaceae,Pyrostria lobulata,Bridson,no,LC,yes
Rubiaceae,Pyrostria phyllanthoidea,(Baill.) Bridson,no,VU,yes
Rubiaceae,Rothmannia engleriana,(K.Schum.) Keay,no,LC,yes
Rubiaceae,Rothmannia fischeri,(K.Schum.) Bullock ex Oberm.,no,LC,yes
Rubiaceae,Rothmannia longiflora,Salisb.,no,LC,yes
Rubiaceae,Rothmannia macrosiphon,(K.Schum.) Bridson,no,VU,yes
Rubiaceae,Rothmannia manganjae,(Hiern) Keay,no,LC,yes
Rubiaceae,Rothmannia ravae,(Chiov.) Bridson,no,LC,yes
Rubiaceae,Rothmannia urcelliformis,(Hiern) Bullock ex Robyns,no,LC,yes
Rubiaceae,Rothmannia whitfieldii,(Lindl.) Dandy,no,LC,yes
Rubiaceae,Rutidea orientalis,Bridson,no,LC,yes
Rubiaceae,Rytigynia acuminatissima,(K.Schum.) Robyns,no,CR,yes
Rubiaceae,Rytigynia adenodonta,(K.Schum.) Robyns,no,LC,yes
Rubiaceae,Rytigynia binata,(K.Schum.) Robyns,yes,VU,yes
Rubiaceae,Rytigynia bugoyensis,(K.Krause) Verdc.,no,LC,yes
Rubiaceae,Rytigynia caudatissima,Verdc.,yes,VU,yes
Rubiaceae,Rytigynia celastroides,(Baill.) Verdc.,no,LC,yes
Rubiaceae,Rytigynia eickii,(K.Schum. & K.Krause) Bullock,no,VU,yes
Rubiaceae,Rytigynia hirsutiflora,Verdc.,yes,VU,yes
Rubiaceae,Rytigynia lichenoxenos,(K.Schum.) Robyns,yes,VU,yes
Rubiaceae,Rytigynia longipedicellata,Verdc.,yes,EN,yes
Rubiaceae,Rytigynia monantha,(K.Schum.) Robyns,no,LC,yes
Rubiaceae,Rytigynia nodulosa,(K.Schum.) Robyns,yes,VU,yes
Rubiaceae,Rytigynia pseudolongicaudata,Verdc.,yes,VU,yes
Rubiaceae,Rytigynia uhligii,(K.Schum. & K.Krause) Verdc.,no,LC,yes
Rubiaceae,Rytigynia umbellulata,(Hiern) Robyns,no,NE,yes
Rubiaceae,Sericanthe andongensis,(Hiern) Robbr.,no,NE,yes
Rubiaceae,Sericanthe odoratissima,(K.Schum.) Robbr.,no,NT,yes
Rubiaceae,Tarenna drummondii,Bridson,no,VU,yes
Rubiaceae,Tarenna luhomeroensis,Bridson,yes,VU,yes
Rubiaceae,Tarenna pavettoides,(Harv.) Sim,no,VU,yes
Rubiaceae,Tarenna quadrangularis,Bremek.,yes,VU,yes
Rubiaceae,Temnocalyx nodulosa,Robyns,yes,VU,yes
Rubiaceae,Triainolepis africana,Hook.f.,no,LC,yes
Rubiaceae,Tricalysia acocantheroides,K.Schum.,no,NE,yes
Rubiaceae,Tricalysia allocalyx,Robbr.,yes,NE,no
Rubiaceae,Tricalysia anomala,E.A.Bruce,no,VU,yes
Rubiaceae,Tricalysia bagshawei,S.Moore,no,VU,yes
Rubiaceae,Tricalysia bridsoniana,Robbr.,no,VU,yes
Rubiaceae,Tricalysia longituba,De Wild.,no,LC,yes
Rubiaceae,Tricalysia niamniamensis,Schweinf. ex Hiern,no,NE,yes
Rubiaceae,Tricalysia pallens,Hiern,no,LC,yes
Rubiaceae,Tricalysia pedicellata,Robbr.,yes,VU,yes
Rubiaceae,Tricalysia schliebenii,Robbr.,yes,VU,yes
Rubiaceae,Tricalysia verdcourtiana,Robbr.,no,LC,yes
Rubiaceae,Vangueria apiculata,K.Schum.,no,LC,yes
Rubiaceae,Vangueria bicolor,K.Schum.,yes,VU,yes
Rubiaceae,Vangueria burnettii,(Tennant) Lantz,no,LC,yes
Rubiaceae,Vangueria burttii,(Verdc.) Lantz,yes,NE,no
Rubiaceae,Vangueria induta,(Bullock) Lantz,no,VU,yes
Rubiaceae,Vangueria infausta,Burch.,no,LC,yes
Rubiaceae,Vangueria loranthifolia,K.Schum.,no,NE,no
Rubiaceae,Vangueria madagascariensis,J.F.Gmel.,no,LC,yes
Rubiaceae,Vangueria obtusifolia,K.Schum.,yes,NE,yes
Rubiaceae,Vangueria pallidiflora,(Bullock) Lantz,no,VU,yes
Rubiaceae,Vangueria praecox,Verdc.,yes,NE,no
Rubiaceae,Vangueria randii,S.Moore,no,LC,yes
Rubiaceae,Vangueria rufescens,(E.A.Bruce) Lantz,yes,VU,yes
Rubiaceae,Vangueria schliebenii,(Verdc.) Lantz,yes,EN,yes
Rubiaceae,Vangueria schumanniana,(Robyns) Lantz,no,NE,no
Rubiaceae,Vangueria solitariiflora,(Verdc.) Lantz,yes,EN,yes
Rubiaceae,Vangueria volkensii,K.Schum.,no,CR,yes
Rubiaceae,Vangueriopsis lanciflora,(Hiern) Robyns,no,NE,no
Rubiaceae,Vangueriopsis longiflora,Verdc.,yes,VU,yes
Rutaceae,Calodendrum capense,(L.f.) Thunb.,no,LC,yes
Rutaceae,Calodendrum eichii,Engl.,yes,CR,yes
Rutaceae,Citropsis articulata,(Willd. ex Spreng.) Swingle & M.Kellerm.,no,NE,yes
Rutaceae,Citropsis daweana,Swingle & M.Kellerm.,no,LC,yes
Rutaceae,Clausena anisata,(Willd.) Hook.f. ex Benth.,no,LC,yes
Rutaceae,Fagaropsis angolensis,(Engl.) H.M.Gardner,no,NE,yes
Rutaceae,Ptaeroxylon obliquum,(Thunb.) Radlk.,no,LC,yes
Rutaceae,Vepris amaniensis,(Engl.) Mziray,no,VU,yes
Rutaceae,Vepris arushensis,Kokwaro,yes,VU,yes
Rutaceae,Vepris eggelingii,(Kokwaro) Mziray,no,EN,yes
Rutaceae,Vepris eugeniifolia,(Engl.) I.Verd.,no,NE,no
Rutaceae,Vepris glomerata,(F.Hoffm.) Engl.,no,NE,yes
Rutaceae,Vepris grandifolia,(Engl.) Mziray,no,NE,yes
Rutaceae,Vepris hanangensis,(Kokwaro) Mziray,no,NT,yes
Rutaceae,Vepris lanceolata,G. Don,no,NE,yes
Rutaceae,Vepris morogorensis,(Kokwaro) Mziray,yes,NT,yes
Rutaceae,Vepris nobilis,(Delile) Mziray,no,LC,yes
Rutaceae,Vepris sansibarensis,(Engl.) Mziray,no,VU,yes
Rutaceae,Vepris simplicifolia,(Engl.) Mziray,no,LC,yes
Rutaceae,Vepris stolzii,I.Verd.,no,NE,yes
Rutaceae,Vepris trichocarpa,(Engl.) Mziray,no,NE,yes
Rutaceae,Zanthoxylum chalybeum,Engl.,no,LC,yes
Rutaceae,Zanthoxylum deremense,(Engl.) Kokwaro,no,VU,yes
Rutaceae,Zanthoxylum gilletii,(De Wild.) P.G.Waterman,no,LC,yes
Rutaceae,Zanthoxylum holtzianum,(Engl.) P.G.Waterman,yes,VU,yes
Rutaceae,Zanthoxylum leprieurii,Guill. & Perr.,no,NE,yes
Rutaceae,Zanthoxylum lindense,(Engl.) Kokwaro,yes,VU,yes
Rutaceae,Zanthoxylum paracanthum,Kokwaro,no,VU,yes
Rutaceae,Zanthoxylum rubescens,Planch. ex Hook.,no,LC,yes
Rutaceae,Zanthoxylum tenuipedicellatum,(Kokwaro) Vollesen,no,EN,yes
Rutaceae,Zanthoxylum trijugum,(Dunkley) P.G.Waterman,no,VU,yes
Rutaceae,Zanthoxylum usambarense,(Engl.) Kokwaro,no,NE,no
Salicaceae,Casearia battiscombei,R.E.Fr.,no,NE,yes
Salicaceae,Casearia engleri,Gilg,yes,VU,yes
Salicaceae,Casearia gladiiformis,Mast.,no,LC,yes
Salicaceae,Casearia runssorica,Gilg,no,NE,yes
Salicaceae,Dovyalis abyssinica,(A.Rich.) Warb.,no,LC,yes
Salicaceae,Dovyalis hispidula,Wild,no,LC,yes
Salicaceae,Dovyalis macrocalyx,(Oliv.) Warb.,no,LC,yes
Salicaceae,Dovyalis macrocarpa,Bamps,no,LC,yes
Salicaceae,Dovyalis spinosissima,Gilg,no,NE,yes
Salicaceae,Dovyalis xanthocarpa,Bullock,yes,VU,yes
Salicaceae,Flacourtia indica,(Burm.f.) Merr.,no,LC,yes
Salicaceae,Homalium abdessammadii,Asch. & Schweinf.,no,LC,yes
Salicaceae,Homalium gracilipes,Sleumer,yes,VU,yes
Salicaceae,Homalium longistylum,Mast.,no,LC,yes
Salicaceae,Ludia mauritiana,J.F.Gmel.,no,LC,yes
Salicaceae,Oncoba routledgei,Sprague,no,NE,yes
Salicaceae,Oncoba spinosa,Forssk.,no,LC,yes
Salicaceae,Populus ilicifolia,(Engl.) Rouleau,no,VU,yes
Salicaceae,Salix mucronata,Thunb.,no,NE,yes
Salicaceae,Scolopia rhamniphylla,Gilg,no,NE,yes
Salicaceae,Scolopia stolzii,Gilg ex Engl.,no,NE,yes
Salicaceae,Scolopia theifolia,Gilg,no,NE,yes
Salicaceae,Scolopia zeyheri,(Nees) Szyszyl.,no,LC,yes
Salicaceae,Trimeria grandifolia,(Hochst.) Warb.,no,LC,yes
Salvadoraceae,Azima tetracantha,Lam.,no,LC,yes
Salvadoraceae,Dobera loranthifolia,(Warb.) Harms,no,NE,no
Salvadoraceae,Salvadora persica,L.,no,LC,yes
Sapindaceae,Allophylus abyssinicus,(Hochst.) Radlk.,no,NE,yes
Sapindaceae,Allophylus africanus,P.Beauv.,no,LC,yes
Sapindaceae,Allophylus chaunostachys,Gilg,no,LC,yes
Sapindaceae,Allophylus congolanus,Gilg,no,NE,no
Sapindaceae,Allophylus elongatus,Radlk.,yes,NE,no
Sapindaceae,Allophylus ferrugineus,Taub.,no,LC,yes
Sapindaceae,Allophylus grotei,F.G.Davies & Verdc.,yes,NE,no
Sapindaceae,Allophylus melliodorus,Gilg ex Radlk.,yes,NE,no
Sapindaceae,Allophylus pervillei,Blume,no,NE,yes
Sapindaceae,Allophylus pseudopaniculatus,Baker f.,no,NE,yes
Sapindaceae,Allophylus rubifolius,(Hochst. ex A.Rich.) Engl.,no,LC,yes
Sapindaceae,Allophylus tanzaniensis,F.G.Davies,yes,NE,no
Sapindaceae,Allophylus vestitus,F.G.Davies,yes,NE,no
Sapindaceae,Aporrhiza paniculata,Radlk.,no,NE,no
Sapindaceae,Blighia unijugata,Baker,no,LC,yes
Sapindaceae,Camptolepis ramiflora,(Taub.) Radlk.,no,VU,yes
Sapindaceae,Chytranthus longibracteatus,F.G.Davies,yes,NE,no
Sapindaceae,Chytranthus obliquinervis,Radlk. ex Engl.,no,VU,yes
Sapindaceae,Deinbollia borbonica,Scheff.,no,LC,yes
Sapindaceae,Deinbollia fulvotomentella,Baker f.,no,NE,yes
Sapindaceae,Deinbollia kilimandscharica,Taub.,no,LC,yes
Sapindaceae,Dodonaea viscosa,(L.) Jacq.,no,LC,yes
Sapindaceae,Filicium decipiens,(Wight & Arn.) Thwaites,no,LC,yes
Sapindaceae,Glenniea africana,(Radlk.) Leenh.,no,NE,yes
Sapindaceae,Haplocoelopsis africana,F.G.Davies,no,LC,yes
Sapindaceae,Haplocoelum foliolosum,(Hiern) Bullock,no,LC,yes
Sapindaceae,Haplocoelum inoploeum,Radlk.,no,LC,yes
Sapindaceae,Haplocoelum intermedium,Hauman,no,NE,no
Sapindaceae,Lecaniodiscus fraxinifolius,Baker,no,NE,yes
Sapindaceae,Lepisanthes senegalensis,(Poir.) Leenh.,no,LC,yes
Sapindaceae,Lychnodiscus cerospermus,Radlk.,no,EN,yes
Sapindaceae,Macphersonia gracilis,O. Hoffm.,no,LC,yes
Sapindaceae,Majidea forsteri,(Sprague) Radlk.,no,NE,yes
Sapindaceae,Majidea zanguebarica,Kirk,no,NE,no
Sapindaceae,Pancovia golungensis,(Hiern) Exell & Mendonça,no,NE,yes
Sapindaceae,Pancovia holtzii,Gilg ex Radlk.,no,LC,yes
Sapindaceae,Pancovia turbinata,Radlk.,no,LC,yes
Sapindaceae,Pappea capensis,Eckl. & Zeyh.,no,LC,yes
Sapindaceae,Placodiscus amaniensis,Radlk.,yes,NE,no
Sapindaceae,Placodiscus pedicellatus,F.G. Davies,yes,NE,no
Sapindaceae,Stadtmannia oppositifolia,Lam.,no,LC,yes
Sapindaceae,Zanha africana,(Radlk.) Exell,no,NE,no
Sapindaceae,Zanha golungensis,Hiern,no,LC,yes
Sapotaceae,Chrysophyllum zimmermannii,Engl.,yes,NE,no
Sapotaceae,Donella bangweolensis,(R.E.Fr. & Pellegr.) Mackinder,no,LC,yes
Sapotaceae,Englerophytum magalismontanum,(Sond.) T.D.Penn.,no,LC,yes
Sapotaceae,Englerophytum natalense,(Sond.) T.D.Penn.,no,LC,yes
Sapotaceae,Gambeya albida,(G.Don) Aubrév. & Pellegr.,no,NT,yes
Sapotaceae,Gambeya gorungosana,(Engl.) Liben,no,NE,yes
Sapotaceae,Gambeya perpulchra,(Mildbr. ex Hutch. & Dalziel) Aubrév. & Pellegr.,no,LC,yes
Sapotaceae,Inhambanella henriquezii,(Engl. & Warb.) Dubard,no,NE,yes
Sapotaceae,Manilkara butugi,Chiov.,no,NE,yes
Sapotaceae,Manilkara dawei,(Stapf) Chiov.,no,NE,yes
Sapotaceae,Manilkara discolor,(Sond.) J.H.Hemsl.,no,LC,yes
Sapotaceae,Manilkara fischeri,(Engl.) H.J.Lam,yes,DD,yes
Sapotaceae,Manilkara mochisia,(Baker) Dubard,no,LC,yes
Sapotaceae,Manilkara obovata,(Sabine & G.Don) J.H.Hemsl.,no,LC,yes
Sapotaceae,Manilkara sansibarensis,(Engl.) Dubard,no,NE,no
Sapotaceae,Manilkara sulcata,(Engl.) Dubard,no,LC,yes
Sapotaceae,Mimusops acutifolia,Mildbr.,yes,VU,yes
Sapotaceae,Mimusops aedificatoria,Mildbr.,no,NE,no
Sapotaceae,Mimusops bagshawei,S.Moore,no,VU,yes
Sapotaceae,Mimusops kummel,Bruce ex A.DC.,no,LC,yes
Sapotaceae,Mimusops obtusifolia,Lam.,no,NE,yes
Sapotaceae,Mimusops penduliflora,Engl.,yes,EN,yes
Sapotaceae,Mimusops riparia,Engl.,no,VU,yes
Sapotaceae,Mimusops somalensis,Chiov.,no,NE,no
Sapotaceae,Mimusops zeyheri,Sond.,no,LC,yes
Sapotaceae,Neohemsleya usambarensis,T.D.Penn.,yes,VU,yes
Sapotaceae,Omphalocarpum strombocarpum,Y.B.Harv. & Lovett,yes,EN,yes
Sapotaceae,Pouteria adolfi-friedericii,(Engl.) A.Meeuse,no,LC,yes
Sapotaceae,Pouteria alnifolia,(Baker) Roberty,no,LC,yes
Sapotaceae,Pouteria altissima,(A.Chev.) Baehni,no,NT,yes
Sapotaceae,Pouteria pseudoracemosa,(J.H.Hemsl.) L.Gaut.,yes,VU,yes
Sapotaceae,Sideroxylon inerme,L.,no,VU,yes
Sapotaceae,Synsepalum brevipes,(Baker) T.D.Penn.,no,LC,yes
Sapotaceae,Synsepalum cerasiferum,(Welw.) T.D.Penn.,no,LC,yes
Sapotaceae,Synsepalum kassneri,(Engl.) T.D.Penn.,no,VU,yes
Sapotaceae,Synsepalum msolo,(Engl.) T.D.Penn.,no,LC,yes
Sapotaceae,Synsepalum passargei,(Engl.) T.D.Penn.,no,LC,yes
Sapotaceae,Synsepalum ulugurense,(Engl.) Engl.,yes,NE,no
Sapotaceae,Vitellariopsis cuneata,(Engl.) Aubrév.,yes,VU,yes
Sapotaceae,Vitellariopsis kirkii,(Baker) Dubard,no,VU,yes
Scrophulariaceae,Buddleja polystachya,Fresen.,no,NE,yes
Scrophulariaceae,Buddleja salviifolia,(L.) Lam.,no,LC,yes
Simaroubaceae,Brucea antidysenterica,J.F.Mill.,no,LC,yes
Simaroubaceae,Harrisonia abyssinica,Oliv.,no,LC,yes
Simaroubaceae,Quassia indica,(Gaertn.) Noot.,no,LC,yes
Sladeniaceae,Ficalhoa laurifolia,Hiern,no,LC,yes
Solanaceae,Discopodium eremanthum,Chiov.,no,NE,yes
Solanaceae,Discopodium penninervium,Hochst.,no,LC,yes
Solanaceae,Solanum aculeastrum,Dunal,no,LC,yes
Solanaceae,Solanum arundo,Mattei,no,NE,no
Solanaceae,Solanum dennekense,Dammer,no,LC,yes
Solanaceae,Solanum giganteum,Jacq.,no,LC,yes
Solanaceae,Solanum phoxocarpum,Voronts.,no,LC,yes
Solanaceae,Solanum schliebenii,Werderm.,yes,EN,yes
Stilbaceae,Halleria lucida,L.,no,LC,yes
Stilbaceae,Nuxia congesta,R.Br. ex Fresen.,no,LC,yes
Stilbaceae,Nuxia floribunda,Benth.,no,LC,yes
Stilbaceae,Nuxia oppositifolia,(Hochst.) Benth.,no,LC,yes
Surianaceae,Suriana maritima,L.,no,LC,yes
Tamaricaceae,Tamarix nilotica,(Ehrenb.) Bunge,no,LC,yes
Thymelaeaceae,Dais cotinifolia,L.,no,LC,yes
Thymelaeaceae,Dicranolepis usambarica,Gilg,no,NE,yes
Thymelaeaceae,Gnidia lamprantha,Gilg,no,NE,yes
Thymelaeaceae,Lasiosiphon glaucus,Fresen.,no,LC,yes
Thymelaeaceae,Peddiea fischeri,Engl.,no,LC,yes
Thymelaeaceae,Peddiea polyantha,Gilg,no,NE,no
Thymelaeaceae,Peddiea puberula,Domke,yes,NE,no
Thymelaeaceae,Peddiea subcordata,Domke,yes,NE,no
Thymelaeaceae,Peddiea thulinii,Temu,yes,NE,no
Ulmaceae,Chaetachme aristata,Planch.,no,LC,yes
Urticaceae,Myrianthus arboreus,P.Beauv.,no,LC,yes
Urticaceae,Myrianthus holstii,Engl.,no,LC,yes
Urticaceae,Obetia radula,(Baker) Baker ex B.D.Jacks.,no,LC,yes
Urticaceae,Pouzolzia mixta,Solms,no,LC,yes
Velloziaceae,Xerophyta spekei,Baker,no,NE,no
Verbenaceae,Lippia abyssinica,(Otto & A.Dietr.) Cufod.,no,NE,no
Violaceae,Rinorea angustifolia,(Thouars) Baill.,no,LC,yes
Violaceae,Rinorea arborea,(Thouars) Baill.       ,no,LC,yes
Violaceae,Rinorea brachypetala,(Turcz.) Kuntze,no,NE,yes
Violaceae,Rinorea dentata,(P.Beauv.) Kuntze,no,NE,yes
Violaceae,Rinorea elliptica,(Oliv.) Kuntze,no,NE,yes
Violaceae,Rinorea ferruginea,Engl.,no,NE,yes
Violaceae,Rinorea ilicifolia,(Welw. ex Oliv.) Kuntze,no,LC,yes
Violaceae,Rinorea oblongifolia,(C.H.Wright) C.Marquand ex Chipp,no,NE,yes
Violaceae,Rinorea scheffleri,Engl.,yes,NE,no
Violaceae,Rinorea squamosa,(Boivin ex Tul.) Baill.,no,LC,yes
Violaceae,Rinorea welwitschii,(Oliv.) Kuntze,no,LC,yes
Vitaceae,Rhoicissus revoilii,Planch.,no,LC,yes
Vitaceae,Rhoicissus tridentata,(L.f.) Wild & R.B.Drumm.,no,LC,yes
Zamiaceae,Encephalartos hildebrandtii,A.Braun & C.D.Bouché,no,NT,yes
Zamiaceae,Encephalartos kanga,Pócs & Q.Luke,yes,CR,yes
Zamiaceae,Encephalartos kisambo,Faden & Beentje,no,EN,yes
Zamiaceae,Encephalartos sclavoi,"De Luca, D.W.Stev. & A.Moretti",yes,CR,yes
Zygophyllaceae,Balanites aegyptiaca,(L.) Delile,no,LC,yes
Zygophyllaceae,Balanites glabra,Mildbr. & Schltr.,no,LC,yes
Zygophyllaceae,Balanites maughamii,Sprague,no,LC,yes
Zygophyllaceae,Balanites pedicellaris,Mildbr. & Schltr.,no,LC,yes
