"biogeographic_region","Year","Reporter Name","Dollars"
"Amazonia",1989,"Australia",800362.699411255
"Arabia.Sahara",1989,"Australia",1097048.87974428
"C.America",1989,"Australia",205420.02877209
"Carribbean",1989,"Australia",29704.0228226308
"Eurasian.Palearctic",1989,"Australia",24375425.9455948
"Iberia.N.Africa",1989,"Australia",577618.594694852
"Middle.East",1989,"Australia",463685.883030333
"N.Pacific",1989,"Australia",21938023.062726
"S.Cone.Pacific",1989,"Australia",7631406.94680312
"SE.Asia",1989,"Australia",3716840.08450833
"Subsaharan.Africa",1989,"Australia",305063.984918551
"North America",1989,"Australia",23842812.3377738
"Amazonia",1990,"Australia",588707.014087328
"Arabia.Sahara",1990,"Australia",1299714.67603402
"C.America",1990,"Australia",179676.175914507
"Carribbean",1990,"Australia",40254.8187203722
"Eurasian.Palearctic",1990,"Australia",22737105.3938147
"Iberia.N.Africa",1990,"Australia",498518.349425643
"Middle.East",1990,"Australia",445733.193194781
"N.Pacific",1990,"Australia",18580234.0076029
"S.Cone.Pacific",1990,"Australia",7504837.79937434
"SE.Asia",1990,"Australia",3734199.23241519
"Subsaharan.Africa",1990,"Australia",287105.510967582
"North America",1990,"Australia",22896389.4931489
"Amazonia",1991,"Australia",612334.643698621
"Arabia.Sahara",1991,"Australia",1379515.32820044
"C.America",1991,"Australia",153318.303300381
"Carribbean",1991,"Australia",27234.1745417542
"Eurasian.Palearctic",1991,"Australia",20277161.8059237
"Iberia.N.Africa",1991,"Australia",415252.553737519
"Middle.East",1991,"Australia",439013.796303988
"N.Pacific",1991,"Australia",16888012.5601297
"S.Cone.Pacific",1991,"Australia",8973944.93647768
"SE.Asia",1991,"Australia",4398394.80357209
"Subsaharan.Africa",1991,"Australia",235579.981737689
"North America",1991,"Australia",21734566.1562712
"Amazonia",1992,"Australia",537422.452712377
"Arabia.Sahara",1992,"Australia",966089.830807191
"C.America",1992,"Australia",161609.096256004
"Carribbean",1992,"Australia",38369.3316643324
"Eurasian.Palearctic",1992,"Australia",20320398.7360751
"Iberia.N.Africa",1992,"Australia",437055.349293447
"Middle.East",1992,"Australia",455049.436631689
"N.Pacific",1992,"Australia",17970686.3459641
"S.Cone.Pacific",1992,"Australia",10054449.8814666
"SE.Asia",1992,"Australia",5265880.22060026
"Subsaharan.Africa",1992,"Australia",281996.748283434
"North America",1992,"Australia",20660655.8632667
"Amazonia",1993,"Australia",556610.402872099
"Arabia.Sahara",1993,"Australia",989822.271884386
"C.America",1993,"Australia",147133.375187138
"Carribbean",1993,"Australia",25564.2997045939
"Eurasian.Palearctic",1993,"Australia",19840502.2673136
"Iberia.N.Africa",1993,"Australia",439372.803046992
"Middle.East",1993,"Australia",515538.276149309
"N.Pacific",1993,"Australia",19346373.6171314
"S.Cone.Pacific",1993,"Australia",10276166.0851781
"SE.Asia",1993,"Australia",5755418.95389956
"Subsaharan.Africa",1993,"Australia",401516.371775848
"North America",1993,"Australia",20132030.2796762
"Amazonia",1994,"Australia",641891.603149347
"Arabia.Sahara",1994,"Australia",823501.379732089
"C.America",1994,"Australia",179601.986983178
"Carribbean",1994,"Australia",31063.1478154694
"Eurasian.Palearctic",1994,"Australia",24011261.790869
"Iberia.N.Africa",1994,"Australia",713970.763400344
"Middle.East",1994,"Australia",629246.440307652
"N.Pacific",1994,"Australia",20487789.7799906
"S.Cone.Pacific",1994,"Australia",11027015.1482695
"SE.Asia",1994,"Australia",6994486.55403501
"Subsaharan.Africa",1994,"Australia",501171.412602161
"North America",1994,"Australia",23801332.6622036
"Amazonia",1995,"Australia",761398.870587044
"Arabia.Sahara",1995,"Australia",1187238.94034114
"C.America",1995,"Australia",247799.724344
"Carribbean",1995,"Australia",37852.0085585621
"Eurasian.Palearctic",1995,"Australia",28409734.6713737
"Iberia.N.Africa",1995,"Australia",882288.551440411
"Middle.East",1995,"Australia",680563.545016354
"N.Pacific",1995,"Australia",20548112.4200133
"S.Cone.Pacific",1995,"Australia",12348763.6111066
"SE.Asia",1995,"Australia",7879051.20677496
"Subsaharan.Africa",1995,"Australia",648810.219440995
"North America",1995,"Australia",26541318.9349027
"Amazonia",1996,"Australia",644052.190059861
"Arabia.Sahara",1996,"Australia",1156171.18746396
"C.America",1996,"Australia",264087.150448329
"Carribbean",1996,"Australia",30509.1310274337
"Eurasian.Palearctic",1996,"Australia",29093005.8369735
"Iberia.N.Africa",1996,"Australia",941103.471198448
"Middle.East",1996,"Australia",722556.750722879
"N.Pacific",1996,"Australia",18642380.0191092
"S.Cone.Pacific",1996,"Australia",13848883.0379499
"SE.Asia",1996,"Australia",8618560.53920795
"Subsaharan.Africa",1996,"Australia",883635.553058888
"North America",1996,"Australia",29349921.8721386
"Amazonia",1997,"Australia",576133.726796487
"Arabia.Sahara",1997,"Australia",1177532.90310852
"C.America",1997,"Australia",284496.351890891
"Carribbean",1997,"Australia",24795.3266848212
"Eurasian.Palearctic",1997,"Australia",27947392.7371163
"Iberia.N.Africa",1997,"Australia",920101.866086849
"Middle.East",1997,"Australia",810567.092599831
"N.Pacific",1997,"Australia",19791502.1193074
"S.Cone.Pacific",1997,"Australia",13992386.1506282
"SE.Asia",1997,"Australia",9237061.06775737
"Subsaharan.Africa",1997,"Australia",903803.147975579
"North America",1997,"Australia",26921900.0889267
"Amazonia",1998,"Australia",417073.989587884
"Arabia.Sahara",1998,"Australia",545954.761899431
"C.America",1998,"Australia",424424.367690532
"Carribbean",1998,"Australia",18320.0120444862
"Eurasian.Palearctic",1998,"Australia",26686561.7433202
"Iberia.N.Africa",1998,"Australia",983570.550522195
"Middle.East",1998,"Australia",790829.71039844
"N.Pacific",1998,"Australia",20095849.2766395
"S.Cone.Pacific",1998,"Australia",13747579.0851643
"SE.Asia",1998,"Australia",9379821.34722138
"Subsaharan.Africa",1998,"Australia",751093.230227969
"North America",1998,"Australia",26473452.6849293
"Amazonia",1999,"Australia",453950.916143743
"Arabia.Sahara",1999,"Australia",828800.940970211
"C.America",1999,"Australia",485949.696654769
"Carribbean",1999,"Australia",22911.4814230032
"Eurasian.Palearctic",1999,"Australia",27891657.8647047
"Iberia.N.Africa",1999,"Australia",967430.005983339
"Middle.East",1999,"Australia",889788.145398563
"N.Pacific",1999,"Australia",20242438.5860154
"S.Cone.Pacific",1999,"Australia",14395045.3426749
"SE.Asia",1999,"Australia",11042589.6110361
"Subsaharan.Africa",1999,"Australia",926446.350621903
"North America",1999,"Australia",26322479.4873082
"Amazonia",2000,"Australia",812418.226645598
"Arabia.Sahara",2000,"Australia",1838767.28778844
"C.America",2000,"Australia",527791.709784748
"Carribbean",2000,"Australia",21431.7952889541
"Eurasian.Palearctic",2000,"Australia",28366478.4252368
"Iberia.N.Africa",2000,"Australia",963365.456175328
"Middle.East",2000,"Australia",840666.301053243
"N.Pacific",2000,"Australia",21751289.4008341
"S.Cone.Pacific",2000,"Australia",15275401.696604
"SE.Asia",2000,"Australia",13669419.1211284
"Subsaharan.Africa",2000,"Australia",1060329.92406646
"North America",2000,"Australia",27161528.8626062
"Amazonia",2001,"Australia",584573.187952129
"Arabia.Sahara",2001,"Australia",1333000.82353439
"C.America",2001,"Australia",602357.4828733
"Carribbean",2001,"Australia",20193.142474693
"Eurasian.Palearctic",2001,"Australia",25624365.7131668
"Iberia.N.Africa",2001,"Australia",928556.285854477
"Middle.East",2001,"Australia",631949.148510912
"N.Pacific",2001,"Australia",18594863.3328666
"S.Cone.Pacific",2001,"Australia",14122951.9819593
"SE.Asia",2001,"Australia",12936575.1853665
"Subsaharan.Africa",2001,"Australia",914981.946877548
"North America",2001,"Australia",21732087.2974116
"Amazonia",2002,"Australia",585589.895314381
"Arabia.Sahara",2002,"Australia",1238720.71618692
"C.America",2002,"Australia",525508.677497151
"Carribbean",2002,"Australia",24625.4222313051
"Eurasian.Palearctic",2002,"Australia",29300200.1439148
"Iberia.N.Africa",2002,"Australia",1211172.79157115
"Middle.East",2002,"Australia",814062.16856843
"N.Pacific",2002,"Australia",19900958.1201045
"S.Cone.Pacific",2002,"Australia",15240868.709729
"SE.Asia",2002,"Australia",16350032.5461741
"Subsaharan.Africa",2002,"Australia",1141557.08032553
"North America",2002,"Australia",24231000.1268337
"Amazonia",2003,"Australia",712012.63444067
"Arabia.Sahara",2003,"Australia",1123492.52747334
"C.America",2003,"Australia",706357.875481874
"Carribbean",2003,"Australia",19842.2084992766
"Eurasian.Palearctic",2003,"Australia",35655787.4333078
"Iberia.N.Africa",2003,"Australia",1464602.02812191
"Middle.East",2003,"Australia",810939.608990907
"N.Pacific",2003,"Australia",23707172.8468245
"S.Cone.Pacific",2003,"Australia",18760459.8669719
"SE.Asia",2003,"Australia",21441575.5202394
"Subsaharan.Africa",2003,"Australia",1459123.5279613
"North America",2003,"Australia",25491024.2036162
"Amazonia",2004,"Australia",855414.27914948
"Arabia.Sahara",2004,"Australia",1423980.00981927
"C.America",2004,"Australia",911661.287374372
"Carribbean",2004,"Australia",22397.476337964
"Eurasian.Palearctic",2004,"Australia",42169739.5386557
"Iberia.N.Africa",2004,"Australia",1858245.07571893
"Middle.East",2004,"Australia",921616.964931662
"N.Pacific",2004,"Australia",26826878.984338
"S.Cone.Pacific",2004,"Australia",21882157.4368633
"SE.Asia",2004,"Australia",28770562.0495997
"Subsaharan.Africa",2004,"Australia",1722040.61356838
"North America",2004,"Australia",28219006.824856
"Amazonia",2005,"Australia",1094806.76217029
"Arabia.Sahara",2005,"Australia",1851972.91256733
"C.America",2005,"Australia",1123706.67481101
"Carribbean",2005,"Australia",33375.8764549706
"Eurasian.Palearctic",2005,"Australia",45687447.2344498
"Iberia.N.Africa",2005,"Australia",1916459.71243091
"Middle.East",2005,"Australia",991107.663303349
"N.Pacific",2005,"Australia",27835542.6601206
"S.Cone.Pacific",2005,"Australia",23349510.0366907
"SE.Asia",2005,"Australia",34508594.3597561
"Subsaharan.Africa",2005,"Australia",2256505.50388343
"North America",2005,"Australia",29487826.6783801
"Amazonia",2006,"Australia",1198664.92656391
"Arabia.Sahara",2006,"Australia",1592625.21460888
"C.America",2006,"Australia",1356370.12339493
"Carribbean",2006,"Australia",47831.9220140916
"Eurasian.Palearctic",2006,"Australia",44355203.0203657
"Iberia.N.Africa",2006,"Australia",1950340.13423724
"Middle.East",2006,"Australia",1082006.02464641
"N.Pacific",2006,"Australia",28802167.3628162
"S.Cone.Pacific",2006,"Australia",24425967.980192
"SE.Asia",2006,"Australia",39516097.6574993
"Subsaharan.Africa",2006,"Australia",2054791.56892473
"North America",2006,"Australia",32227899.1349368
"Amazonia",2007,"Australia",1477852.33142476
"Arabia.Sahara",2007,"Australia",1371485.78668598
"C.America",2007,"Australia",1585289.23336966
"Carribbean",2007,"Australia",55088.9895753257
"Eurasian.Palearctic",2007,"Australia",53639903.6783074
"Iberia.N.Africa",2007,"Australia",2867800.88109085
"Middle.East",2007,"Australia",1103266.01645857
"N.Pacific",2007,"Australia",30875439.98478
"S.Cone.Pacific",2007,"Australia",29366478.1863144
"SE.Asia",2007,"Australia",49841444.4294824
"Subsaharan.Africa",2007,"Australia",2011772.71619758
"North America",2007,"Australia",33753814.5003448
"Amazonia",2008,"Australia",1847512.16752596
"Arabia.Sahara",2008,"Australia",1219971.93891112
"C.America",2008,"Australia",1916462.54393304
"Carribbean",2008,"Australia",76877.6025843223
"Eurasian.Palearctic",2008,"Australia",61012743.0643622
"Iberia.N.Africa",2008,"Australia",3487051.94930944
"Middle.East",2008,"Australia",1570837.46557567
"N.Pacific",2008,"Australia",33538564.4618781
"S.Cone.Pacific",2008,"Australia",33647950.0015087
"SE.Asia",2008,"Australia",59532188.7293419
"Subsaharan.Africa",2008,"Australia",2142527.42549387
"North America",2008,"Australia",37562136.1514539
"Amazonia",2009,"Australia",1002262.16772765
"Arabia.Sahara",2009,"Australia",833522.629558115
"C.America",2009,"Australia",1571291.9761884
"Carribbean",2009,"Australia",55282.5890926699
"Eurasian.Palearctic",2009,"Australia",47975328.1682555
"Iberia.N.Africa",2009,"Australia",2235042.56290034
"Middle.East",2009,"Australia",931796.081223718
"N.Pacific",2009,"Australia",26571878.5681025
"S.Cone.Pacific",2009,"Australia",26832953.54957
"SE.Asia",2009,"Australia",56938761.1067429
"Subsaharan.Africa",2009,"Australia",1492659.45307131
"North America",2009,"Australia",28669081.5125172
"Amazonia",2010,"Australia",1409833.98329003
"Arabia.Sahara",2010,"Australia",1139714.35394131
"C.America",2010,"Australia",2105751.38426518
"Carribbean",2010,"Australia",50017.3282313157
"Eurasian.Palearctic",2010,"Australia",53416232.2499437
"Iberia.N.Africa",2010,"Australia",2684331.10900764
"Middle.East",2010,"Australia",1340312.1593042
"N.Pacific",2010,"Australia",33915713.3214501
"S.Cone.Pacific",2010,"Australia",35630420.4958025
"SE.Asia",2010,"Australia",70098473.7963702
"Subsaharan.Africa",2010,"Australia",3584178.40259028
"North America",2010,"Australia",33735286.7875699
"Amazonia",2011,"Australia",1402037.12734125
"Arabia.Sahara",2011,"Australia",978369.066384261
"C.America",2011,"Australia",2730736.09139965
"Carribbean",2011,"Australia",54465.9977148777
"Eurasian.Palearctic",2011,"Australia",60509078.5293024
"Iberia.N.Africa",2011,"Australia",3255016.86884124
"Middle.East",2011,"Australia",1269522.63509072
"N.Pacific",2011,"Australia",34963190.9202921
"S.Cone.Pacific",2011,"Australia",39654326.3805043
"SE.Asia",2011,"Australia",73482081.9252529
"Subsaharan.Africa",2011,"Australia",6391417.19004749
"North America",2011,"Australia",38580851.6906758
"Amazonia",2012,"Australia",1117614.61788612
"Arabia.Sahara",2012,"Australia",2294849.26267867
"C.America",2012,"Australia",2982249.56966561
"Carribbean",2012,"Australia",59918.7149638257
"Eurasian.Palearctic",2012,"Australia",60483075.3795797
"Iberia.N.Africa",2012,"Australia",4227808.62186789
"Middle.East",2012,"Australia",1269425.56558278
"N.Pacific",2012,"Australia",39467820.2447995
"S.Cone.Pacific",2012,"Australia",40852269.08937
"SE.Asia",2012,"Australia",78184625.5961636
"Subsaharan.Africa",2012,"Australia",7657711.28247873
"North America",2012,"Australia",41895013.7972789
"Amazonia",2013,"Australia",1004009.86185136
"Arabia.Sahara",2013,"Australia",1349434.05014901
"C.America",2013,"Australia",2882756.40256086
"Carribbean",2013,"Australia",69181.0026913401
"Eurasian.Palearctic",2013,"Australia",56144367.6448709
"Iberia.N.Africa",2013,"Australia",3466368.18906939
"Middle.East",2013,"Australia",1188696.41593052
"N.Pacific",2013,"Australia",35589060.5657683
"S.Cone.Pacific",2013,"Australia",36286843.6370921
"SE.Asia",2013,"Australia",75316089.8030937
"Subsaharan.Africa",2013,"Australia",6080153.46702809
"North America",2013,"Australia",33473127.8380706
"Amazonia",2014,"Australia",995411.143292913
"Arabia.Sahara",2014,"Australia",587582.684137208
"C.America",2014,"Australia",2572392.04690495
"Carribbean",2014,"Australia",67320.9378036145
"Eurasian.Palearctic",2014,"Australia",54020440.4100632
"Iberia.N.Africa",2014,"Australia",3856322.37321485
"Middle.East",2014,"Australia",1211906.40236052
"N.Pacific",2014,"Australia",33457315.9251074
"S.Cone.Pacific",2014,"Australia",38036436.7047007
"SE.Asia",2014,"Australia",76425477.1279367
"Subsaharan.Africa",2014,"Australia",5725193.08852639
"North America",2014,"Australia",33318465.4719954
"Amazonia",2015,"Australia",887796.200043288
"Arabia.Sahara",2015,"Australia",529325.667314279
"C.America",2015,"Australia",2590153.09517268
"Carribbean",2015,"Australia",87044.8301818049
"Eurasian.Palearctic",2015,"Australia",46528360.7384252
"Iberia.N.Africa",2015,"Australia",2222039.10199755
"Middle.East",2015,"Australia",1139147.08219811
"N.Pacific",2015,"Australia",32824755.139042
"S.Cone.Pacific",2015,"Australia",28790142.1413959
"SE.Asia",2015,"Australia",76964862.5221074
"Subsaharan.Africa",2015,"Australia",2049436.70341198
"North America",2015,"Australia",30959903.1863843
"Amazonia",2016,"Australia",1157409.63321277
"Arabia.Sahara",2016,"Australia",489524.84486731
"C.America",2016,"Australia",2546683.55821998
"Carribbean",2016,"Australia",97238.6241652127
"Eurasian.Palearctic",2016,"Australia",48478698.8147022
"Iberia.N.Africa",2016,"Australia",2563108.33276298
"Middle.East",2016,"Australia",1234450.32192775
"N.Pacific",2016,"Australia",28698163.8046141
"S.Cone.Pacific",2016,"Australia",27059619.201723
"SE.Asia",2016,"Australia",74051337.2700844
"Subsaharan.Africa",2016,"Australia",2008680.79736628
"North America",2016,"Australia",29423615.4918188
"Amazonia",2017,"Australia",1245897.36710165
"Arabia.Sahara",2017,"Australia",518174.496300748
"C.America",2017,"Australia",2965606.90277026
"Carribbean",2017,"Australia",108490.540468048
"Eurasian.Palearctic",2017,"Australia",50836771.4765064
"Iberia.N.Africa",2017,"Australia",2901288.7669356
"Middle.East",2017,"Australia",1202938.34818912
"N.Pacific",2017,"Australia",40165199.5402321
"S.Cone.Pacific",2017,"Australia",28610464.8463614
"SE.Asia",2017,"Australia",80825138.1195556
"Subsaharan.Africa",2017,"Australia",2720506.37416534
"North America",2017,"Australia",31387193.3617824
"Amazonia",2018,"Australia",1240895.85819485
"Arabia.Sahara",2018,"Australia",1308235.69290346
"C.America",2018,"Australia",3165960.15738584
"Carribbean",2018,"Australia",87831.8104599373
"Eurasian.Palearctic",2018,"Australia",53874987.8420748
"Iberia.N.Africa",2018,"Australia",3437266.12978829
"Middle.East",2018,"Australia",1188494.90204028
"N.Pacific",2018,"Australia",32735939.0718197
"S.Cone.Pacific",2018,"Australia",30190776.435859
"SE.Asia",2018,"Australia",87787137.7084953
"Subsaharan.Africa",2018,"Australia",2787761.29209222
"North America",2018,"Australia",31596806.1953857
"Amazonia",2019,"Australia",1026755.95712173
"Arabia.Sahara",2019,"Australia",1046863.26406711
"C.America",2019,"Australia",2840736.58578122
"Carribbean",2019,"Australia",69410.3546952023
"Eurasian.Palearctic",2019,"Australia",49947360.8937802
"Iberia.N.Africa",2019,"Australia",3016085.04187109
"Middle.East",2019,"Australia",1152081.70947138
"N.Pacific",2019,"Australia",28186108.8885657
"S.Cone.Pacific",2019,"Australia",26632369.4793935
"SE.Asia",2019,"Australia",83637053.5677367
"Subsaharan.Africa",2019,"Australia",1625669.84536136
"North America",2019,"Australia",33281605.3880418
"Amazonia",2020,"Australia",1059793.7153409
"Arabia.Sahara",2020,"Australia",962964.01007265
"C.America",2020,"Australia",2690619.09318645
"Carribbean",2020,"Australia",69355.2321276141
"Eurasian.Palearctic",2020,"Australia",47167918.9070864
"Iberia.N.Africa",2020,"Australia",2240836.89341839
"Middle.East",2020,"Australia",1050150.4379833
"N.Pacific",2020,"Australia",22124871.2904178
"S.Cone.Pacific",2020,"Australia",23423876.8704494
"SE.Asia",2020,"Australia",87092231.4536166
"Subsaharan.Africa",2020,"Australia",2152369.04824707
"North America",2020,"Australia",31134328.7603183
"Amazonia",2021,"Australia",1162397.61403762
"Arabia.Sahara",2021,"Australia",1340829.28783719
"C.America",2021,"Australia",3318589.20230266
"Carribbean",2021,"Australia",80740.586587122
"Eurasian.Palearctic",2021,"Australia",54268273.1924035
"Iberia.N.Africa",2021,"Australia",3323891.87385488
"Middle.East",2021,"Australia",1249320.90579946
"N.Pacific",2021,"Australia",28247496.0225796
"S.Cone.Pacific",2021,"Australia",27024216.7719788
"SE.Asia",2021,"Australia",101933210.835611
"Subsaharan.Africa",2021,"Australia",2506658.30969907
"North America",2021,"Australia",31908650.5789685
"Amazonia",1989,"Europe & Central Asia",19566691.2212348
"Arabia.Sahara",1989,"Europe & Central Asia",17341868.9920971
"C.America",1989,"Europe & Central Asia",7248598.82557513
"Carribbean",1989,"Europe & Central Asia",1634433.61001793
"Eurasian.Palearctic",1989,"Europe & Central Asia",788201019.910294
"Iberia.N.Africa",1989,"Europe & Central Asia",44204286.6792206
"Middle.East",1989,"Europe & Central Asia",21254606.3227655
"N.Pacific",1989,"Europe & Central Asia",78906706.5440523
"S.Cone.Pacific",1989,"Europe & Central Asia",24250293.0901451
"SE.Asia",1989,"Europe & Central Asia",20872402.0600974
"Subsaharan.Africa",1989,"Europe & Central Asia",22894443.7699027
"North America",1989,"Europe & Central Asia",101162004.086842
"Amazonia",1990,"Europe & Central Asia",19835276.1938722
"Arabia.Sahara",1990,"Europe & Central Asia",24788793.1886039
"C.America",1990,"Europe & Central Asia",8429046.49509999
"Carribbean",1990,"Europe & Central Asia",1469665.81778418
"Eurasian.Palearctic",1990,"Europe & Central Asia",937064387.27612
"Iberia.N.Africa",1990,"Europe & Central Asia",57518012.519361
"Middle.East",1990,"Europe & Central Asia",20782125.3397129
"N.Pacific",1990,"Europe & Central Asia",88566561.9354105
"S.Cone.Pacific",1990,"Europe & Central Asia",27536345.6235523
"SE.Asia",1990,"Europe & Central Asia",27301204.1913816
"Subsaharan.Africa",1990,"Europe & Central Asia",25443779.1944956
"North America",1990,"Europe & Central Asia",108723489.418064
"Amazonia",1991,"Europe & Central Asia",19118606.4060327
"Arabia.Sahara",1991,"Europe & Central Asia",24797996.4877822
"C.America",1991,"Europe & Central Asia",7687844.20472515
"Carribbean",1991,"Europe & Central Asia",1068725.2907154
"Eurasian.Palearctic",1991,"Europe & Central Asia",925527358.232746
"Iberia.N.Africa",1991,"Europe & Central Asia",62474677.5656207
"Middle.East",1991,"Europe & Central Asia",13798218.0841374
"N.Pacific",1991,"Europe & Central Asia",92057901.5000255
"S.Cone.Pacific",1991,"Europe & Central Asia",28739595.6034649
"SE.Asia",1991,"Europe & Central Asia",34152768.8559657
"Subsaharan.Africa",1991,"Europe & Central Asia",22696721.9902253
"North America",1991,"Europe & Central Asia",108654610.095492
"Amazonia",1992,"Europe & Central Asia",24481538.6599143
"Arabia.Sahara",1992,"Europe & Central Asia",30977784.2377728
"C.America",1992,"Europe & Central Asia",8345134.73445114
"Carribbean",1992,"Europe & Central Asia",1779086.0528864
"Eurasian.Palearctic",1992,"Europe & Central Asia",1291223008.89084
"Iberia.N.Africa",1992,"Europe & Central Asia",80905072.9042678
"Middle.East",1992,"Europe & Central Asia",21606978.3337948
"N.Pacific",1992,"Europe & Central Asia",116514650.276156
"S.Cone.Pacific",1992,"Europe & Central Asia",39383161.00732
"SE.Asia",1992,"Europe & Central Asia",45186263.9886797
"Subsaharan.Africa",1992,"Europe & Central Asia",25721603.5490298
"North America",1992,"Europe & Central Asia",151683919.750234
"Amazonia",1993,"Europe & Central Asia",25900327.7300338
"Arabia.Sahara",1993,"Europe & Central Asia",29163921.8051355
"C.America",1993,"Europe & Central Asia",8083658.77147488
"Carribbean",1993,"Europe & Central Asia",2612388.94628033
"Eurasian.Palearctic",1993,"Europe & Central Asia",1325027664.41925
"Iberia.N.Africa",1993,"Europe & Central Asia",80523672.1416989
"Middle.East",1993,"Europe & Central Asia",28277525.4138525
"N.Pacific",1993,"Europe & Central Asia",135873299.843562
"S.Cone.Pacific",1993,"Europe & Central Asia",52006783.1003102
"SE.Asia",1993,"Europe & Central Asia",59616032.0747243
"Subsaharan.Africa",1993,"Europe & Central Asia",24559630.0500342
"North America",1993,"Europe & Central Asia",192582379.108946
"Amazonia",1994,"Europe & Central Asia",42492768.6675624
"Arabia.Sahara",1994,"Europe & Central Asia",48297179.1999895
"C.America",1994,"Europe & Central Asia",12026895.4462743
"Carribbean",1994,"Europe & Central Asia",4221581.60832671
"Eurasian.Palearctic",1994,"Europe & Central Asia",2093386969.40314
"Iberia.N.Africa",1994,"Europe & Central Asia",161547115.147192
"Middle.East",1994,"Europe & Central Asia",40326643.4371
"N.Pacific",1994,"Europe & Central Asia",171291751.775829
"S.Cone.Pacific",1994,"Europe & Central Asia",77442521.0150758
"SE.Asia",1994,"Europe & Central Asia",92654605.2839466
"Subsaharan.Africa",1994,"Europe & Central Asia",43310785.9518291
"North America",1994,"Europe & Central Asia",278497098.521235
"Amazonia",1995,"Europe & Central Asia",45803584.509114
"Arabia.Sahara",1995,"Europe & Central Asia",49219464.3524215
"C.America",1995,"Europe & Central Asia",14920373.5658026
"Carribbean",1995,"Europe & Central Asia",4664238.65443207
"Eurasian.Palearctic",1995,"Europe & Central Asia",2524329785.00843
"Iberia.N.Africa",1995,"Europe & Central Asia",200670707.067963
"Middle.East",1995,"Europe & Central Asia",45186644.2792051
"N.Pacific",1995,"Europe & Central Asia",192482678.428396
"S.Cone.Pacific",1995,"Europe & Central Asia",91409872.8758899
"SE.Asia",1995,"Europe & Central Asia",106650432.293165
"Subsaharan.Africa",1995,"Europe & Central Asia",41355200.7323262
"North America",1995,"Europe & Central Asia",321407913.540458
"Amazonia",1996,"Europe & Central Asia",45110011.668313
"Arabia.Sahara",1996,"Europe & Central Asia",54415499.8858276
"C.America",1996,"Europe & Central Asia",14638036.132748
"Carribbean",1996,"Europe & Central Asia",5843796.30404811
"Eurasian.Palearctic",1996,"Europe & Central Asia",2639212196.38432
"Iberia.N.Africa",1996,"Europe & Central Asia",213398966.06709
"Middle.East",1996,"Europe & Central Asia",59247707.3273606
"N.Pacific",1996,"Europe & Central Asia",184777848.812873
"S.Cone.Pacific",1996,"Europe & Central Asia",98933775.9775474
"SE.Asia",1996,"Europe & Central Asia",118421343.215742
"Subsaharan.Africa",1996,"Europe & Central Asia",52007154.4727654
"North America",1996,"Europe & Central Asia",335906184.473687
"Amazonia",1997,"Europe & Central Asia",46945505.3395351
"Arabia.Sahara",1997,"Europe & Central Asia",51994727.0795266
"C.America",1997,"Europe & Central Asia",14483089.2228277
"Carribbean",1997,"Europe & Central Asia",5953431.77141326
"Eurasian.Palearctic",1997,"Europe & Central Asia",2566753329.71469
"Iberia.N.Africa",1997,"Europe & Central Asia",212698302.55093
"Middle.East",1997,"Europe & Central Asia",58647857.3172529
"N.Pacific",1997,"Europe & Central Asia",188327661.772694
"S.Cone.Pacific",1997,"Europe & Central Asia",100406155.20842
"SE.Asia",1997,"Europe & Central Asia",125015530.608171
"Subsaharan.Africa",1997,"Europe & Central Asia",49367816.7463201
"North America",1997,"Europe & Central Asia",361254477.014667
"Amazonia",1998,"Europe & Central Asia",45463930.9141306
"Arabia.Sahara",1998,"Europe & Central Asia",37979833.0789275
"C.America",1998,"Europe & Central Asia",15414017.3943841
"Carribbean",1998,"Europe & Central Asia",5325000.72094412
"Eurasian.Palearctic",1998,"Europe & Central Asia",2662773325.24344
"Iberia.N.Africa",1998,"Europe & Central Asia",219211247.604967
"Middle.East",1998,"Europe & Central Asia",51488822.7280791
"N.Pacific",1998,"Europe & Central Asia",203106103.269904
"S.Cone.Pacific",1998,"Europe & Central Asia",101806581.375655
"SE.Asia",1998,"Europe & Central Asia",133212961.749198
"Subsaharan.Africa",1998,"Europe & Central Asia",45578393.03755
"North America",1998,"Europe & Central Asia",372989808.250061
"Amazonia",1999,"Europe & Central Asia",45507350.2020044
"Arabia.Sahara",1999,"Europe & Central Asia",37551897.5481438
"C.America",1999,"Europe & Central Asia",16790508.9492796
"Carribbean",1999,"Europe & Central Asia",5246887.29458058
"Eurasian.Palearctic",1999,"Europe & Central Asia",3008888825.0183
"Iberia.N.Africa",1999,"Europe & Central Asia",224311972.384665
"Middle.East",1999,"Europe & Central Asia",59483559.3324522
"N.Pacific",1999,"Europe & Central Asia",213568138.966306
"S.Cone.Pacific",1999,"Europe & Central Asia",103082411.244388
"SE.Asia",1999,"Europe & Central Asia",150688349.691923
"Subsaharan.Africa",1999,"Europe & Central Asia",49957847.887809
"North America",1999,"Europe & Central Asia",377692420.277534
"Amazonia",2000,"Europe & Central Asia",51031877.0427046
"Arabia.Sahara",2000,"Europe & Central Asia",57203952.6177075
"C.America",2000,"Europe & Central Asia",20051137.4447704
"Carribbean",2000,"Europe & Central Asia",5556616.03393457
"Eurasian.Palearctic",2000,"Europe & Central Asia",3116801928.98858
"Iberia.N.Africa",2000,"Europe & Central Asia",231057700.962444
"Middle.East",2000,"Europe & Central Asia",79293082.9950225
"N.Pacific",2000,"Europe & Central Asia",236397353.107287
"S.Cone.Pacific",2000,"Europe & Central Asia",123064607.019653
"SE.Asia",2000,"Europe & Central Asia",190746645.554275
"Subsaharan.Africa",2000,"Europe & Central Asia",64167314.6174663
"North America",2000,"Europe & Central Asia",430164792.797198
"Amazonia",2001,"Europe & Central Asia",51678280.1683301
"Arabia.Sahara",2001,"Europe & Central Asia",48098142.4515377
"C.America",2001,"Europe & Central Asia",18511267.3433027
"Carribbean",2001,"Europe & Central Asia",5499880.77891223
"Eurasian.Palearctic",2001,"Europe & Central Asia",3006429876.46004
"Iberia.N.Africa",2001,"Europe & Central Asia",220842340.905401
"Middle.East",2001,"Europe & Central Asia",70182007.3106592
"N.Pacific",2001,"Europe & Central Asia",196335542.18663
"S.Cone.Pacific",2001,"Europe & Central Asia",115190902.024347
"SE.Asia",2001,"Europe & Central Asia",196125460.384392
"Subsaharan.Africa",2001,"Europe & Central Asia",68806965.5542639
"North America",2001,"Europe & Central Asia",395439138.948693
"Amazonia",2002,"Europe & Central Asia",52512419.5898144
"Arabia.Sahara",2002,"Europe & Central Asia",41961273.2076606
"C.America",2002,"Europe & Central Asia",18199340.3713026
"Carribbean",2002,"Europe & Central Asia",5457675.80773745
"Eurasian.Palearctic",2002,"Europe & Central Asia",3172023554.7094
"Iberia.N.Africa",2002,"Europe & Central Asia",238183631.437548
"Middle.East",2002,"Europe & Central Asia",68760020.9939768
"N.Pacific",2002,"Europe & Central Asia",192842427.851537
"S.Cone.Pacific",2002,"Europe & Central Asia",117823323.528961
"SE.Asia",2002,"Europe & Central Asia",220263695.950823
"Subsaharan.Africa",2002,"Europe & Central Asia",65547097.9145761
"North America",2002,"Europe & Central Asia",368602831.192976
"Amazonia",2003,"Europe & Central Asia",61022764.2176636
"Arabia.Sahara",2003,"Europe & Central Asia",53649395.6199808
"C.America",2003,"Europe & Central Asia",22391014.7025764
"Carribbean",2003,"Europe & Central Asia",6244286.67837301
"Eurasian.Palearctic",2003,"Europe & Central Asia",3803981516.57862
"Iberia.N.Africa",2003,"Europe & Central Asia",286741847.581611
"Middle.East",2003,"Europe & Central Asia",75401181.4591416
"N.Pacific",2003,"Europe & Central Asia",232109355.633557
"S.Cone.Pacific",2003,"Europe & Central Asia",136984184.587391
"SE.Asia",2003,"Europe & Central Asia",288602533.768404
"Subsaharan.Africa",2003,"Europe & Central Asia",73709900.3535617
"North America",2003,"Europe & Central Asia",381500777.889439
"Amazonia",2004,"Europe & Central Asia",72974286.6089793
"Arabia.Sahara",2004,"Europe & Central Asia",72584788.8899035
"C.America",2004,"Europe & Central Asia",25591026.010203
"Carribbean",2004,"Europe & Central Asia",7615383.01493731
"Eurasian.Palearctic",2004,"Europe & Central Asia",4497228194.0026
"Iberia.N.Africa",2004,"Europe & Central Asia",327572240.751931
"Middle.East",2004,"Europe & Central Asia",95095260.7774107
"N.Pacific",2004,"Europe & Central Asia",279385147.473041
"S.Cone.Pacific",2004,"Europe & Central Asia",154066459.024392
"SE.Asia",2004,"Europe & Central Asia",378847538.774724
"Subsaharan.Africa",2004,"Europe & Central Asia",83243203.6797066
"North America",2004,"Europe & Central Asia",420666959.831885
"Amazonia",2005,"Europe & Central Asia",84991560.2849304
"Arabia.Sahara",2005,"Europe & Central Asia",94508723.6821327
"C.America",2005,"Europe & Central Asia",31038021.8729185
"Carribbean",2005,"Europe & Central Asia",8927112.30544628
"Eurasian.Palearctic",2005,"Europe & Central Asia",4737982261.97232
"Iberia.N.Africa",2005,"Europe & Central Asia",340325012.455589
"Middle.East",2005,"Europe & Central Asia",113343053.943245
"N.Pacific",2005,"Europe & Central Asia",289550692.475272
"S.Cone.Pacific",2005,"Europe & Central Asia",156769997.487702
"SE.Asia",2005,"Europe & Central Asia",456550612.555987
"Subsaharan.Africa",2005,"Europe & Central Asia",96665004.8586049
"North America",2005,"Europe & Central Asia",429796721.98589
"Amazonia",2006,"Europe & Central Asia",102366711.66975
"Arabia.Sahara",2006,"Europe & Central Asia",115503099.360378
"C.America",2006,"Europe & Central Asia",34169936.6742762
"Carribbean",2006,"Europe & Central Asia",12459433.815688
"Eurasian.Palearctic",2006,"Europe & Central Asia",5307222823.02919
"Iberia.N.Africa",2006,"Europe & Central Asia",383053851.038295
"Middle.East",2006,"Europe & Central Asia",141993662.420721
"N.Pacific",2006,"Europe & Central Asia",311515125.158461
"S.Cone.Pacific",2006,"Europe & Central Asia",186115484.31962
"SE.Asia",2006,"Europe & Central Asia",548375475.868386
"Subsaharan.Africa",2006,"Europe & Central Asia",108047964.796849
"North America",2006,"Europe & Central Asia",486083590.19562
"Amazonia",2007,"Europe & Central Asia",125633059.938638
"Arabia.Sahara",2007,"Europe & Central Asia",115761802.82858
"C.America",2007,"Europe & Central Asia",40521518.5128926
"Carribbean",2007,"Europe & Central Asia",9070897.90891486
"Eurasian.Palearctic",2007,"Europe & Central Asia",6204035486.20481
"Iberia.N.Africa",2007,"Europe & Central Asia",424280551.182876
"Middle.East",2007,"Europe & Central Asia",159698336.223942
"N.Pacific",2007,"Europe & Central Asia",344919992.125017
"S.Cone.Pacific",2007,"Europe & Central Asia",210349488.159608
"SE.Asia",2007,"Europe & Central Asia",710839261.056292
"Subsaharan.Africa",2007,"Europe & Central Asia",118756343.94209
"North America",2007,"Europe & Central Asia",556354736.929322
"Amazonia",2008,"Europe & Central Asia",144249723.034135
"Arabia.Sahara",2008,"Europe & Central Asia",149313830.648813
"C.America",2008,"Europe & Central Asia",48411521.2862599
"Carribbean",2008,"Europe & Central Asia",13807099.0947609
"Eurasian.Palearctic",2008,"Europe & Central Asia",6645209614.51409
"Iberia.N.Africa",2008,"Europe & Central Asia",459776038.25646
"Middle.East",2008,"Europe & Central Asia",200498196.712514
"N.Pacific",2008,"Europe & Central Asia",366742798.600467
"S.Cone.Pacific",2008,"Europe & Central Asia",226534875.581288
"SE.Asia",2008,"Europe & Central Asia",812247923.901752
"Subsaharan.Africa",2008,"Europe & Central Asia",152240171.108223
"North America",2008,"Europe & Central Asia",615378290.923715
"Amazonia",2009,"Europe & Central Asia",107276411.5539
"Arabia.Sahara",2009,"Europe & Central Asia",86317817.4334096
"C.America",2009,"Europe & Central Asia",35682531.4621707
"Carribbean",2009,"Europe & Central Asia",8453932.01892864
"Eurasian.Palearctic",2009,"Europe & Central Asia",4954041564.24864
"Iberia.N.Africa",2009,"Europe & Central Asia",346150094.581991
"Middle.East",2009,"Europe & Central Asia",124025651.551482
"N.Pacific",2009,"Europe & Central Asia",259110636.321647
"S.Cone.Pacific",2009,"Europe & Central Asia",174371112.690799
"SE.Asia",2009,"Europe & Central Asia",664106202.944129
"Subsaharan.Africa",2009,"Europe & Central Asia",108705452.715676
"North America",2009,"Europe & Central Asia",496378246.114739
"Amazonia",2010,"Europe & Central Asia",114370253.958099
"Arabia.Sahara",2010,"Europe & Central Asia",105171068.052892
"C.America",2010,"Europe & Central Asia",39979628.6659875
"Carribbean",2010,"Europe & Central Asia",8661235.87650922
"Eurasian.Palearctic",2010,"Europe & Central Asia",5268479486.17709
"Iberia.N.Africa",2010,"Europe & Central Asia",375388737.478179
"Middle.East",2010,"Europe & Central Asia",144087492.641376
"N.Pacific",2010,"Europe & Central Asia",284281654.439983
"S.Cone.Pacific",2010,"Europe & Central Asia",191781377.428742
"SE.Asia",2010,"Europe & Central Asia",806294432.264425
"Subsaharan.Africa",2010,"Europe & Central Asia",110570893.145499
"North America",2010,"Europe & Central Asia",484582321.474413
"Amazonia",2011,"Europe & Central Asia",137993689.932419
"Arabia.Sahara",2011,"Europe & Central Asia",101220843.389852
"C.America",2011,"Europe & Central Asia",48096600.8443833
"Carribbean",2011,"Europe & Central Asia",9637286.47225824
"Eurasian.Palearctic",2011,"Europe & Central Asia",6104833833.43402
"Iberia.N.Africa",2011,"Europe & Central Asia",427051728.586596
"Middle.East",2011,"Europe & Central Asia",190552830.042272
"N.Pacific",2011,"Europe & Central Asia",306016646.764801
"S.Cone.Pacific",2011,"Europe & Central Asia",225996537.426226
"SE.Asia",2011,"Europe & Central Asia",883407796.481733
"Subsaharan.Africa",2011,"Europe & Central Asia",157733919.226681
"North America",2011,"Europe & Central Asia",537005449.913665
"Amazonia",2012,"Europe & Central Asia",134587316.35289
"Arabia.Sahara",2012,"Europe & Central Asia",138045933.435978
"C.America",2012,"Europe & Central Asia",51869350.5537313
"Carribbean",2012,"Europe & Central Asia",7603997.10411122
"Eurasian.Palearctic",2012,"Europe & Central Asia",5631573679.30206
"Iberia.N.Africa",2012,"Europe & Central Asia",396097137.734343
"Middle.East",2012,"Europe & Central Asia",160263777.777543
"N.Pacific",2012,"Europe & Central Asia",270575724.616315
"S.Cone.Pacific",2012,"Europe & Central Asia",199321533.681207
"SE.Asia",2012,"Europe & Central Asia",810923495.434172
"Subsaharan.Africa",2012,"Europe & Central Asia",157880298.983528
"North America",2012,"Europe & Central Asia",535823464.411358
"Amazonia",2013,"Europe & Central Asia",118660005.196457
"Arabia.Sahara",2013,"Europe & Central Asia",118059427.460422
"C.America",2013,"Europe & Central Asia",51302719.5339712
"Carribbean",2013,"Europe & Central Asia",9021681.27737726
"Eurasian.Palearctic",2013,"Europe & Central Asia",5761607228.01082
"Iberia.N.Africa",2013,"Europe & Central Asia",411035436.548517
"Middle.East",2013,"Europe & Central Asia",143219308.473315
"N.Pacific",2013,"Europe & Central Asia",248879800.379233
"S.Cone.Pacific",2013,"Europe & Central Asia",190710215.937443
"SE.Asia",2013,"Europe & Central Asia",812804330.155027
"Subsaharan.Africa",2013,"Europe & Central Asia",149753988.525358
"North America",2013,"Europe & Central Asia",517294326.853023
"Amazonia",2014,"Europe & Central Asia",113435172.223077
"Arabia.Sahara",2014,"Europe & Central Asia",94388031.0508073
"C.America",2014,"Europe & Central Asia",48818633.8327949
"Carribbean",2014,"Europe & Central Asia",7665153.26941106
"Eurasian.Palearctic",2014,"Europe & Central Asia",5669593242.83927
"Iberia.N.Africa",2014,"Europe & Central Asia",408986223.519637
"Middle.East",2014,"Europe & Central Asia",140799559.33819
"N.Pacific",2014,"Europe & Central Asia",243650124.40943
"S.Cone.Pacific",2014,"Europe & Central Asia",191556094.707185
"SE.Asia",2014,"Europe & Central Asia",850939429.125998
"Subsaharan.Africa",2014,"Europe & Central Asia",141232817.986635
"North America",2014,"Europe & Central Asia",514396139.098588
"Amazonia",2015,"Europe & Central Asia",91355183.2648262
"Arabia.Sahara",2015,"Europe & Central Asia",57976800.2749305
"C.America",2015,"Europe & Central Asia",42042087.2285893
"Carribbean",2015,"Europe & Central Asia",6594842.00320137
"Eurasian.Palearctic",2015,"Europe & Central Asia",4733948595.04768
"Iberia.N.Africa",2015,"Europe & Central Asia",348954833.930795
"Middle.East",2015,"Europe & Central Asia",101965845.821825
"N.Pacific",2015,"Europe & Central Asia",207472275.648752
"S.Cone.Pacific",2015,"Europe & Central Asia",173932827.354365
"SE.Asia",2015,"Europe & Central Asia",773862070.344187
"Subsaharan.Africa",2015,"Europe & Central Asia",104977321.7595
"North America",2015,"Europe & Central Asia",473883961.215153
"Amazonia",2016,"Europe & Central Asia",87321126.7689099
"Arabia.Sahara",2016,"Europe & Central Asia",48479017.7055166
"C.America",2016,"Europe & Central Asia",42977700.8822787
"Carribbean",2016,"Europe & Central Asia",5800933.95553997
"Eurasian.Palearctic",2016,"Europe & Central Asia",4701478051.29089
"Iberia.N.Africa",2016,"Europe & Central Asia",349738057.6436
"Middle.East",2016,"Europe & Central Asia",98818690.2130879
"N.Pacific",2016,"Europe & Central Asia",217785286.651744
"S.Cone.Pacific",2016,"Europe & Central Asia",182461461.847867
"SE.Asia",2016,"Europe & Central Asia",783686282.491578
"Subsaharan.Africa",2016,"Europe & Central Asia",92542769.8472831
"North America",2016,"Europe & Central Asia",481716822.65835
"Amazonia",2017,"Europe & Central Asia",90530127.9662666
"Arabia.Sahara",2017,"Europe & Central Asia",65955692.944313
"C.America",2017,"Europe & Central Asia",49605247.9752329
"Carribbean",2017,"Europe & Central Asia",6073805.73396884
"Eurasian.Palearctic",2017,"Europe & Central Asia",5058459653.39831
"Iberia.N.Africa",2017,"Europe & Central Asia",375469467.684717
"Middle.East",2017,"Europe & Central Asia",126634990.543486
"N.Pacific",2017,"Europe & Central Asia",246945889.069181
"S.Cone.Pacific",2017,"Europe & Central Asia",200200040.779394
"SE.Asia",2017,"Europe & Central Asia",840638091.181757
"Subsaharan.Africa",2017,"Europe & Central Asia",95808981.2614274
"North America",2017,"Europe & Central Asia",506904985.156854
"Amazonia",2018,"Europe & Central Asia",94626286.5225584
"Arabia.Sahara",2018,"Europe & Central Asia",87536949.4258821
"C.America",2018,"Europe & Central Asia",51446952.7606003
"Carribbean",2018,"Europe & Central Asia",6937820.46776795
"Eurasian.Palearctic",2018,"Europe & Central Asia",5468931086.77733
"Iberia.N.Africa",2018,"Europe & Central Asia",406403274.502195
"Middle.East",2018,"Europe & Central Asia",135393739.171376
"N.Pacific",2018,"Europe & Central Asia",246835719.477382
"S.Cone.Pacific",2018,"Europe & Central Asia",200724650.993724
"SE.Asia",2018,"Europe & Central Asia",889445527.094209
"Subsaharan.Africa",2018,"Europe & Central Asia",114443331.195349
"North America",2018,"Europe & Central Asia",530015011.310964
"Amazonia",2019,"Europe & Central Asia",83405831.2629061
"Arabia.Sahara",2019,"Europe & Central Asia",79441565.2447253
"C.America",2019,"Europe & Central Asia",51376058.95571
"Carribbean",2019,"Europe & Central Asia",8792344.6204944
"Eurasian.Palearctic",2019,"Europe & Central Asia",5145096178.32382
"Iberia.N.Africa",2019,"Europe & Central Asia",386172051.020821
"Middle.East",2019,"Europe & Central Asia",117282594.083155
"N.Pacific",2019,"Europe & Central Asia",236676719.0783
"S.Cone.Pacific",2019,"Europe & Central Asia",198899612.425309
"SE.Asia",2019,"Europe & Central Asia",888823386.987249
"Subsaharan.Africa",2019,"Europe & Central Asia",112267970.293067
"North America",2019,"Europe & Central Asia",536856446.656529
"Amazonia",2020,"Europe & Central Asia",76408220.5930738
"Arabia.Sahara",2020,"Europe & Central Asia",46034292.8519984
"C.America",2020,"Europe & Central Asia",46877065.2868487
"Carribbean",2020,"Europe & Central Asia",7760800.29478333
"Eurasian.Palearctic",2020,"Europe & Central Asia",4760735412.18174
"Iberia.N.Africa",2020,"Europe & Central Asia",359242742.13948
"Middle.East",2020,"Europe & Central Asia",98548442.9526558
"N.Pacific",2020,"Europe & Central Asia",208917978.563612
"S.Cone.Pacific",2020,"Europe & Central Asia",183993950.775291
"SE.Asia",2020,"Europe & Central Asia",896840662.668765
"Subsaharan.Africa",2020,"Europe & Central Asia",95677031.0046744
"North America",2020,"Europe & Central Asia",475917286.102863
"Amazonia",2021,"Europe & Central Asia",94921037.6555303
"Arabia.Sahara",2021,"Europe & Central Asia",85376967.9393653
"C.America",2021,"Europe & Central Asia",55061962.8850992
"Carribbean",2021,"Europe & Central Asia",8577309.02966125
"Eurasian.Palearctic",2021,"Europe & Central Asia",5690860680.74062
"Iberia.N.Africa",2021,"Europe & Central Asia",430888838.817979
"Middle.East",2021,"Europe & Central Asia",128737421.500502
"N.Pacific",2021,"Europe & Central Asia",243808042.515484
"S.Cone.Pacific",2021,"Europe & Central Asia",208068346.570256
"SE.Asia",2021,"Europe & Central Asia",1084231369.29636
"Subsaharan.Africa",2021,"Europe & Central Asia",115842904.27186
"North America",2021,"Europe & Central Asia",528952889.356935
"Amazonia",2008,"Hawaii",90270.59973976
"Arabia.Sahara",2008,"Hawaii",670928.010531254
"C.America",2008,"Hawaii",36847.816871569
"Carribbean",2008,"Hawaii",13277.496246926
"Eurasian.Palearctic",2008,"Hawaii",416390.822375105
"Iberia.N.Africa",2008,"Hawaii",8551.12739576
"Middle.East",2008,"Hawaii",2670.77399146
"N.Pacific",2008,"Hawaii",645780.01025
"S.Cone.Pacific",2008,"Hawaii",778608.065676377
"SE.Asia",2008,"Hawaii",798705.86641109
"Subsaharan.Africa",2008,"Hawaii",399.608021717
"North America",2008,"Hawaii",100095.1199
"Amazonia",2009,"Hawaii",4106.38630511
"Arabia.Sahara",2009,"Hawaii",419935.5572287
"C.America",2009,"Hawaii",24217.2775105585
"Carribbean",2009,"Hawaii",23182.030986534
"Eurasian.Palearctic",2009,"Hawaii",421669.705693161
"Iberia.N.Africa",2009,"Hawaii",59467.933382
"Middle.East",2009,"Hawaii",1710.872772181
"N.Pacific",2009,"Hawaii",277990.31648
"S.Cone.Pacific",2009,"Hawaii",514675.705350821
"SE.Asia",2009,"Hawaii",506914.802791659
"Subsaharan.Africa",2009,"Hawaii",355.3733697
"North America",2009,"Hawaii",74218.43426
"Amazonia",2010,"Hawaii",8272.600776226
"Arabia.Sahara",2010,"Hawaii",284949.28288752
"C.America",2010,"Hawaii",13274.4944956751
"Carribbean",2010,"Hawaii",5619.0311977422
"Eurasian.Palearctic",2010,"Hawaii",916167.669774328
"Iberia.N.Africa",2010,"Hawaii",46403.12601461
"Middle.East",2010,"Hawaii",1286.48066602
"N.Pacific",2010,"Hawaii",304511.10544
"S.Cone.Pacific",2010,"Hawaii",956734.650424544
"SE.Asia",2010,"Hawaii",461272.7549362
"Subsaharan.Africa",2010,"Hawaii",1055.174551424
"North America",2010,"Hawaii",95964.53571
"Amazonia",2011,"Hawaii",19421.718519317
"Arabia.Sahara",2011,"Hawaii",813541.00224141
"C.America",2011,"Hawaii",15040.7042837481
"Carribbean",2011,"Hawaii",13133.12271935
"Eurasian.Palearctic",2011,"Hawaii",916772.065746775
"Iberia.N.Africa",2011,"Hawaii",6890.41094858
"Middle.East",2011,"Hawaii",1896.357407545
"N.Pacific",2011,"Hawaii",279882.6579
"S.Cone.Pacific",2011,"Hawaii",873443.620701572
"SE.Asia",2011,"Hawaii",695172.7252613
"Subsaharan.Africa",2011,"Hawaii",352311.644657365
"North America",2011,"Hawaii",103314.215
"Amazonia",2012,"Hawaii",68136.273089434
"Arabia.Sahara",2012,"Hawaii",1060814.7611288
"C.America",2012,"Hawaii",12280.850655058
"Carribbean",2012,"Hawaii",10296.9999272095
"Eurasian.Palearctic",2012,"Hawaii",1187823.77416168
"Iberia.N.Africa",2012,"Hawaii",2384.84575236
"Middle.East",2012,"Hawaii",1828.5538693
"N.Pacific",2012,"Hawaii",318799.88297
"S.Cone.Pacific",2012,"Hawaii",717444.706148505
"SE.Asia",2012,"Hawaii",875035.5558068
"Subsaharan.Africa",2012,"Hawaii",290316.725206458
"North America",2012,"Hawaii",106773.9497
"Amazonia",2013,"Hawaii",51538.43271887
"Arabia.Sahara",2013,"Hawaii",333143.75486923
"C.America",2013,"Hawaii",9673.346042063
"Carribbean",2013,"Hawaii",32833.078617543
"Eurasian.Palearctic",2013,"Hawaii",1078153.48381204
"Iberia.N.Africa",2013,"Hawaii",192948.59947848
"Middle.East",2013,"Hawaii",1638.68535293
"N.Pacific",2013,"Hawaii",783442.96993
"S.Cone.Pacific",2013,"Hawaii",969664.448695087
"SE.Asia",2013,"Hawaii",515959.8922388
"Subsaharan.Africa",2013,"Hawaii",182262.878535356
"North America",2013,"Hawaii",107366.5964
"Amazonia",2014,"Hawaii",78423.514302
"Arabia.Sahara",2014,"Hawaii",114.765684827
"C.America",2014,"Hawaii",78311.3105606
"Carribbean",2014,"Hawaii",14179.20770404
"Eurasian.Palearctic",2014,"Hawaii",658064.151596005
"Iberia.N.Africa",2014,"Hawaii",10733.54341266
"Middle.East",2014,"Hawaii",1558.03799202
"N.Pacific",2014,"Hawaii",434323.99437
"S.Cone.Pacific",2014,"Hawaii",1111377.40730689
"SE.Asia",2014,"Hawaii",435906.15581158
"Subsaharan.Africa",2014,"Hawaii",228399.144469521
"North America",2014,"Hawaii",199100.0062
"Amazonia",2015,"Hawaii",54758.034777
"Arabia.Sahara",2015,"Hawaii",13225.54773867
"C.America",2015,"Hawaii",17357.248170876
"Carribbean",2015,"Hawaii",4298.392955564
"Eurasian.Palearctic",2015,"Hawaii",805002.482189286
"Iberia.N.Africa",2015,"Hawaii",9304.53573794
"Middle.East",2015,"Hawaii",2882.6045209182
"N.Pacific",2015,"Hawaii",450460.08148
"S.Cone.Pacific",2015,"Hawaii",837172.10726349
"SE.Asia",2015,"Hawaii",255322.619181095
"Subsaharan.Africa",2015,"Hawaii",89008.6398139113
"North America",2015,"Hawaii",207690.6052
"Amazonia",2016,"Hawaii",11158.740563
"Arabia.Sahara",2016,"Hawaii",113867.482336406
"C.America",2016,"Hawaii",13433.0819021388
"Carribbean",2016,"Hawaii",3620.0534433917
"Eurasian.Palearctic",2016,"Hawaii",366934.038191859
"Iberia.N.Africa",2016,"Hawaii",11845.79313906
"Middle.East",2016,"Hawaii",2015.231934822
"N.Pacific",2016,"Hawaii",463777.26777
"S.Cone.Pacific",2016,"Hawaii",731091.821727432
"SE.Asia",2016,"Hawaii",227665.3911662
"Subsaharan.Africa",2016,"Hawaii",11080.148420296
"North America",2016,"Hawaii",181276.8076
"Amazonia",2017,"Hawaii",63559.981345
"Arabia.Sahara",2017,"Hawaii",323461.470839253
"C.America",2017,"Hawaii",10786.550112343
"Carribbean",2017,"Hawaii",13546.74705287
"Eurasian.Palearctic",2017,"Hawaii",491216.284336575
"Iberia.N.Africa",2017,"Hawaii",2489.0649951
"Middle.East",2017,"Hawaii",5725.5159625004
"N.Pacific",2017,"Hawaii",485400.30687
"S.Cone.Pacific",2017,"Hawaii",751462.725626947
"SE.Asia",2017,"Hawaii",395438.0157708
"Subsaharan.Africa",2017,"Hawaii",51931.031895355
"North America",2017,"Hawaii",107145.0727
"Amazonia",2018,"Hawaii",49852.33537
"Arabia.Sahara",2018,"Hawaii",374416.56868533
"C.America",2018,"Hawaii",32373.30336867
"Carribbean",2018,"Hawaii",12478.631592386
"Eurasian.Palearctic",2018,"Hawaii",851977.082548995
"Iberia.N.Africa",2018,"Hawaii",6496.3491574
"Middle.East",2018,"Hawaii",8974.806508248
"N.Pacific",2018,"Hawaii",574506.88721
"S.Cone.Pacific",2018,"Hawaii",1042664.07544265
"SE.Asia",2018,"Hawaii",377142.79042008
"Subsaharan.Africa",2018,"Hawaii",73608.5715365735
"North America",2018,"Hawaii",102699.9962
"Amazonia",2019,"Hawaii",38973.213488
"Arabia.Sahara",2019,"Hawaii",767116.85937526
"C.America",2019,"Hawaii",16011.6676389945
"Carribbean",2019,"Hawaii",9998.9413326537
"Eurasian.Palearctic",2019,"Hawaii",808851.876378349
"Iberia.N.Africa",2019,"Hawaii",9626.5917408
"Middle.East",2019,"Hawaii",3352.277663267
"N.Pacific",2019,"Hawaii",1003688.9992
"S.Cone.Pacific",2019,"Hawaii",174111.42841194
"SE.Asia",2019,"Hawaii",206729.504590813
"Subsaharan.Africa",2019,"Hawaii",10773.1098931102
"North America",2019,"Hawaii",85701.77531
"Amazonia",2020,"Hawaii",44536.164416
"Arabia.Sahara",2020,"Hawaii",97731.574234154
"C.America",2020,"Hawaii",11516.333116911
"Carribbean",2020,"Hawaii",5962.819044942
"Eurasian.Palearctic",2020,"Hawaii",279942.898767056
"Iberia.N.Africa",2020,"Hawaii",3361.63195167
"Middle.East",2020,"Hawaii",3110.635880892
"N.Pacific",2020,"Hawaii",491084.83945
"S.Cone.Pacific",2020,"Hawaii",158485.268684838
"SE.Asia",2020,"Hawaii",167750.0425711
"Subsaharan.Africa",2020,"Hawaii",186021.602785438
"North America",2020,"Hawaii",105019.1806
"Amazonia",2021,"Hawaii",12719.53605683
"Arabia.Sahara",2021,"Hawaii",583165.39914552
"C.America",2021,"Hawaii",20306.015901
"Carribbean",2021,"Hawaii",19134.2108818274
"Eurasian.Palearctic",2021,"Hawaii",293502.283111329
"Iberia.N.Africa",2021,"Hawaii",7864.87910719
"Middle.East",2021,"Hawaii",1170.372799439
"N.Pacific",2021,"Hawaii",711393.19395
"S.Cone.Pacific",2021,"Hawaii",232904.828031044
"SE.Asia",2021,"Hawaii",225982.1120267
"Subsaharan.Africa",2021,"Hawaii",17853.6355931643
"North America",2021,"Hawaii",91398.72565
"Amazonia",1989,"North America",4366604.03652671
"Arabia.Sahara",1989,"North America",570454.682269159
"C.America",1989,"North America",4046661.23753018
"Carribbean",1989,"North America",743306.188485674
"Eurasian.Palearctic",1989,"North America",35907126.008668
"Iberia.N.Africa",1989,"North America",1655082.62484179
"Middle.East",1989,"North America",952161.86771063
"N.Pacific",1989,"North America",24840929.0199849
"S.Cone.Pacific",1989,"North America",4177597.89212572
"SE.Asia",1989,"North America",3789653.56055177
"Subsaharan.Africa",1989,"North America",2113376.46883286
"North America",1989,"North America",182853758.678089
"Amazonia",1990,"North America",3610125.1578387
"Arabia.Sahara",1990,"North America",1321599.64992265
"C.America",1990,"North America",3838216.72605918
"Carribbean",1990,"North America",844284.092649738
"Eurasian.Palearctic",1990,"North America",37723499.3244357
"Iberia.N.Africa",1990,"North America",1531656.56113531
"Middle.East",1990,"North America",714612.707984727
"N.Pacific",1990,"North America",23338986.9490856
"S.Cone.Pacific",1990,"North America",4410776.71020804
"SE.Asia",1990,"North America",4022091.5435841
"Subsaharan.Africa",1990,"North America",1890640.33434794
"North America",1990,"North America",174125791.126115
"Amazonia",1991,"North America",51309749.4133437
"Arabia.Sahara",1991,"North America",29350875.9918424
"C.America",1991,"North America",84315318.0959865
"Carribbean",1991,"North America",10996594.9627726
"Eurasian.Palearctic",1991,"North America",256282939.141227
"Iberia.N.Africa",1991,"North America",15408199.2289368
"Middle.East",1991,"North America",10971271.6605699
"N.Pacific",1991,"North America",277091016.275564
"S.Cone.Pacific",1991,"North America",57355286.5637466
"SE.Asia",1991,"North America",72508356.6205483
"Subsaharan.Africa",1991,"North America",27979678.3245378
"North America",1991,"North America",376587155.074167
"Amazonia",1992,"North America",51182712.3603138
"Arabia.Sahara",1992,"North America",27183253.5271444
"C.America",1992,"North America",92533275.2162542
"Carribbean",1992,"North America",11754313.9594012
"Eurasian.Palearctic",1992,"North America",263871112.920366
"Iberia.N.Africa",1992,"North America",14040553.8848637
"Middle.East",1992,"North America",11486343.2064096
"N.Pacific",1992,"North America",277409659.007852
"S.Cone.Pacific",1992,"North America",66960214.5424943
"SE.Asia",1992,"North America",91608388.0681697
"Subsaharan.Africa",1992,"North America",27954529.4853245
"North America",1992,"North America",391950588.334213
"Amazonia",1993,"North America",50517386.1609633
"Arabia.Sahara",1993,"North America",21097850.2772733
"C.America",1993,"North America",102342365.861673
"Carribbean",1993,"North America",12207218.4558693
"Eurasian.Palearctic",1993,"North America",266788083.967838
"Iberia.N.Africa",1993,"North America",14184674.1419465
"Middle.East",1993,"North America",13210389.5702689
"N.Pacific",1993,"North America",290579156.994735
"S.Cone.Pacific",1993,"North America",73903909.3289978
"SE.Asia",1993,"North America",107181463.52015
"Subsaharan.Africa",1993,"North America",28242120.3231072
"North America",1993,"North America",423982443.058746
"Amazonia",1994,"North America",54296340.4046409
"Arabia.Sahara",1994,"North America",20560288.3069081
"C.America",1994,"North America",121474389.959993
"Carribbean",1994,"North America",13062181.1060493
"Eurasian.Palearctic",1994,"North America",297482024.239686
"Iberia.N.Africa",1994,"North America",15366011.1309707
"Middle.East",1994,"North America",14571592.4947878
"N.Pacific",1994,"North America",312799774.300978
"S.Cone.Pacific",1994,"North America",86579479.8408228
"SE.Asia",1994,"North America",126459852.975709
"Subsaharan.Africa",1994,"North America",26318708.967523
"North America",1994,"North America",474602452.519048
"Amazonia",1995,"North America",58553576.970604
"Arabia.Sahara",1995,"North America",20561623.6892012
"C.America",1995,"North America",146387687.394423
"Carribbean",1995,"North America",13327186.8036622
"Eurasian.Palearctic",1995,"North America",327010548.914628
"Iberia.N.Africa",1995,"North America",16697950.7600119
"Middle.East",1995,"North America",15764333.302025
"N.Pacific",1995,"North America",324705058.165875
"S.Cone.Pacific",1995,"North America",98257126.7668711
"SE.Asia",1995,"North America",141590397.76115
"Subsaharan.Africa",1995,"North America",27444411.912806
"North America",1995,"North America",513385471.447129
"Amazonia",1996,"North America",64814474.608541
"Arabia.Sahara",1996,"North America",21644603.3808065
"C.America",1996,"North America",167640076.320633
"Carribbean",1996,"North America",13959643.9684612
"Eurasian.Palearctic",1996,"North America",340436106.304735
"Iberia.N.Africa",1996,"North America",18382388.2399445
"Middle.East",1996,"North America",17199624.9270105
"N.Pacific",1996,"North America",292308837.897547
"S.Cone.Pacific",1996,"North America",103744911.527967
"SE.Asia",1996,"North America",150717868.451185
"Subsaharan.Africa",1996,"North America",31394684.2865976
"North America",1996,"North America",531134216.121519
"Amazonia",1997,"North America",68709152.5522344
"Arabia.Sahara",1997,"North America",22045487.3066212
"C.America",1997,"North America",192311027.948889
"Carribbean",1997,"North America",15192360.0428628
"Eurasian.Palearctic",1997,"North America",366945954.695028
"Iberia.N.Africa",1997,"North America",19531584.8422039
"Middle.East",1997,"North America",19812551.5343618
"N.Pacific",1997,"North America",300396225.500948
"S.Cone.Pacific",1997,"North America",111522865.330111
"SE.Asia",1997,"North America",175369461.913577
"Subsaharan.Africa",1997,"North America",33182879.2585466
"North America",1997,"North America",574522674.127922
"Amazonia",1998,"North America",60206204.1713145
"Arabia.Sahara",1998,"North America",15686462.1074145
"C.America",1998,"North America",207744327.570331
"Carribbean",1998,"North America",14666450.1227024
"Eurasian.Palearctic",1998,"North America",398885540.310862
"Iberia.N.Africa",1998,"North America",18230326.0210319
"Middle.East",1998,"North America",24192698.1551281
"N.Pacific",1998,"North America",300288618.962993
"S.Cone.Pacific",1998,"North America",117940442.904826
"SE.Asia",1998,"North America",195320858.990997
"Subsaharan.Africa",1998,"North America",26145965.3067553
"North America",1998,"North America",585868186.320446
"Amazonia",1999,"North America",67797740.9331215
"Arabia.Sahara",1999,"North America",18467421.5455939
"C.America",1999,"North America",236517873.389939
"Carribbean",1999,"North America",15025469.0064411
"Eurasian.Palearctic",1999,"North America",452786935.31014
"Iberia.N.Africa",1999,"North America",19132186.3699897
"Middle.East",1999,"North America",32120781.8749714
"N.Pacific",1999,"North America",327690105.71274
"S.Cone.Pacific",1999,"North America",123571309.253423
"SE.Asia",1999,"North America",221046233.125808
"Subsaharan.Africa",1999,"North America",27056128.3024284
"North America",1999,"North America",630078714.411793
"Amazonia",2000,"North America",82246508.2700118
"Arabia.Sahara",2000,"North America",28915677.2038799
"C.America",2000,"North America",275843993.162598
"Carribbean",2000,"North America",17453118.9939157
"Eurasian.Palearctic",2000,"North America",488073119.610853
"Iberia.N.Africa",2000,"North America",21579546.1461972
"Middle.East",2000,"North America",41215469.5620173
"N.Pacific",2000,"North America",354685201.92823
"S.Cone.Pacific",2000,"North America",133135068.536246
"SE.Asia",2000,"North America",243368369.233077
"Subsaharan.Africa",2000,"North America",41091891.3394121
"North America",2000,"North America",686452451.523191
"Amazonia",2001,"North America",72382689.4701556
"Arabia.Sahara",2001,"North America",26245915.0841147
"C.America",2001,"North America",258459997.831158
"Carribbean",2001,"North America",15930433.7972025
"Eurasian.Palearctic",2001,"North America",469097620.417462
"Iberia.N.Africa",2001,"North America",19789584.6869293
"Middle.East",2001,"North America",38377184.8003726
"N.Pacific",2001,"North America",297970875.462951
"S.Cone.Pacific",2001,"North America",118364307.942669
"SE.Asia",2001,"North America",237033808.794737
"Subsaharan.Africa",2001,"North America",35499209.848966
"North America",2001,"North America",619323457.882126
"Amazonia",2002,"North America",77772455.5987535
"Arabia.Sahara",2002,"North America",27893735.9526945
"C.America",2002,"North America",265720725.744108
"Carribbean",2002,"North America",16033428.7277716
"Eurasian.Palearctic",2002,"North America",485907437.279855
"Iberia.N.Africa",2002,"North America",21799805.1734187
"Middle.East",2002,"North America",36463242.5562713
"N.Pacific",2002,"North America",294414330.922403
"S.Cone.Pacific",2002,"North America",124757528.128597
"SE.Asia",2002,"North America",296354705.195669
"Subsaharan.Africa",2002,"North America",30652614.4735729
"North America",2002,"North America",599474914.718306
"Amazonia",2003,"North America",86760719.6513918
"Arabia.Sahara",2003,"North America",36843259.0958388
"C.America",2003,"North America",268066019.927218
"Carribbean",2003,"North America",20377884.007645
"Eurasian.Palearctic",2003,"North America",520174117.149952
"Iberia.N.Africa",2003,"North America",29116532.4661057
"Middle.East",2003,"North America",39934540.5025876
"N.Pacific",2003,"North America",286136138.278742
"S.Cone.Pacific",2003,"North America",124693518.850458
"SE.Asia",2003,"North America",347746507.754449
"Subsaharan.Africa",2003,"North America",43619431.5702341
"North America",2003,"North America",616702337.987973
"Amazonia",2004,"North America",112124751.795988
"Arabia.Sahara",2004,"North America",41818822.9647263
"C.America",2004,"North America",294227554.442713
"Carribbean",2004,"North America",24408050.6459339
"Eurasian.Palearctic",2004,"North America",575233693.682322
"Iberia.N.Africa",2004,"North America",36196805.9983776
"Middle.East",2004,"North America",50347875.3073059
"N.Pacific",2004,"North America",315387507.53248
"S.Cone.Pacific",2004,"North America",136030527.916301
"SE.Asia",2004,"North America",431948014.06784
"Subsaharan.Africa",2004,"North America",59017316.5227273
"North America",2004,"North America",681125752.115429
"Amazonia",2005,"North America",138613279.613189
"Arabia.Sahara",2005,"North America",55104630.3190721
"C.America",2005,"North America",310143390.038895
"Carribbean",2005,"North America",29408694.6663649
"Eurasian.Palearctic",2005,"North America",617857795.590281
"Iberia.N.Africa",2005,"North America",43596638.2412801
"Middle.East",2005,"North America",55912928.4064807
"N.Pacific",2005,"North America",316828308.841045
"S.Cone.Pacific",2005,"North America",148787391.820495
"SE.Asia",2005,"North America",512943401.537744
"Subsaharan.Africa",2005,"North America",80533362.4465868
"North America",2005,"North America",737484852.733335
"Amazonia",2006,"North America",146678654.956913
"Arabia.Sahara",2006,"North America",62618527.4378811
"C.America",2006,"North America",346674487.427526
"Carribbean",2006,"North America",29170102.6367934
"Eurasian.Palearctic",2006,"North America",646093730.528802
"Iberia.N.Africa",2006,"North America",55351687.5391834
"Middle.East",2006,"North America",62463537.8362169
"N.Pacific",2006,"North America",328176055.471972
"S.Cone.Pacific",2006,"North America",157588476.471603
"SE.Asia",2006,"North America",584544715.598182
"Subsaharan.Africa",2006,"North America",93027648.7351725
"North America",2006,"North America",755330795.982475
"Amazonia",2007,"North America",144188073.091702
"Arabia.Sahara",2007,"North America",68107709.7908448
"C.America",2007,"North America",358694875.232689
"Carribbean",2007,"North America",30078897.1754929
"Eurasian.Palearctic",2007,"North America",665841557.526363
"Iberia.N.Africa",2007,"North America",58886400.4987542
"Middle.East",2007,"North America",63078635.564192
"N.Pacific",2007,"North America",318648826.097078
"S.Cone.Pacific",2007,"North America",149803952.49391
"SE.Asia",2007,"North America",630481659.812463
"Subsaharan.Africa",2007,"North America",103396793.729141
"North America",2007,"North America",770175758.192698
"Amazonia",2008,"North America",173151324.985506
"Arabia.Sahara",2008,"North America",94642331.4929644
"C.America",2008,"North America",356222477.572129
"Carribbean",2008,"North America",28952481.5727225
"Eurasian.Palearctic",2008,"North America",692085922.039369
"Iberia.N.Africa",2008,"North America",63765942.0820857
"Middle.East",2008,"North America",80871261.7238254
"N.Pacific",2008,"North America",300664156.517889
"S.Cone.Pacific",2008,"North America",146722365.205957
"SE.Asia",2008,"North America",642014508.224865
"Subsaharan.Africa",2008,"North America",128734293.641471
"North America",2008,"North America",784829472.106747
"Amazonia",2009,"North America",112967872.847825
"Arabia.Sahara",2009,"North America",42528727.4540433
"C.America",2009,"North America",297724886.38882
"Carribbean",2009,"North America",18964942.2972465
"Eurasian.Palearctic",2009,"North America",527375127.332015
"Iberia.N.Africa",2009,"North America",37865489.8710643
"Middle.East",2009,"North America",55442118.5504727
"N.Pacific",2009,"North America",219413812.784684
"S.Cone.Pacific",2009,"North America",115430040.853679
"SE.Asia",2009,"North America",555431240.315898
"Subsaharan.Africa",2009,"North America",70270283.8253971
"North America",2009,"North America",558723665.047557
"Amazonia",2010,"North America",136806489.378247
"Arabia.Sahara",2010,"North America",56485415.1037182
"C.America",2010,"North America",384205962.251358
"Carribbean",2010,"North America",19503727.4399496
"Eurasian.Palearctic",2010,"North America",597880949.965938
"Iberia.N.Africa",2010,"North America",45312864.5180405
"Middle.East",2010,"North America",64984591.8026049
"N.Pacific",2010,"North America",268564458.489748
"S.Cone.Pacific",2010,"North America",130581211.974776
"SE.Asia",2010,"North America",677355447.038224
"Subsaharan.Africa",2010,"North America",97149317.6337553
"North America",2010,"North America",669087742.855879
"Amazonia",2011,"North America",175384173.620485
"Arabia.Sahara",2011,"North America",78844878.9263955
"C.America",2011,"North America",427979944.807758
"Carribbean",2011,"North America",26848630.0785922
"Eurasian.Palearctic",2011,"North America",678174100.710375
"Iberia.N.Africa",2011,"North America",51654839.8052794
"Middle.East",2011,"North America",73964948.6148992
"N.Pacific",2011,"North America",284469459.45159
"S.Cone.Pacific",2011,"North America",142004089.838496
"SE.Asia",2011,"North America",725079309.693625
"Subsaharan.Africa",2011,"North America",108575240.269605
"North America",2011,"North America",734748460.218624
"Amazonia",2012,"North America",162890994.892329
"Arabia.Sahara",2012,"North America",87836470.0807669
"C.America",2012,"North America",438044708.145687
"Carribbean",2012,"North America",21852648.9561732
"Eurasian.Palearctic",2012,"North America",657093829.922564
"Iberia.N.Africa",2012,"North America",45230433.5935292
"Middle.East",2012,"North America",74800629.1153457
"N.Pacific",2012,"North America",299078354.387784
"S.Cone.Pacific",2012,"North America",133445420.749
"SE.Asia",2012,"North America",727800485.762703
"Subsaharan.Africa",2012,"North America",70433542.0640916
"North America",2012,"North America",739281104.215051
"Amazonia",2013,"North America",145014409.035424
"Arabia.Sahara",2013,"North America",79005316.742825
"C.America",2013,"North America",435158674.503258
"Carribbean",2013,"North America",19284857.4463171
"Eurasian.Palearctic",2013,"North America",653939162.848642
"Iberia.N.Africa",2013,"North America",34846788.6116704
"Middle.East",2013,"North America",64631650.5751689
"N.Pacific",2013,"North America",287994751.786974
"S.Cone.Pacific",2013,"North America",135428885.680836
"SE.Asia",2013,"North America",739336983.167468
"Subsaharan.Africa",2013,"North America",53331168.4437293
"North America",2013,"North America",747719139.212669
"Amazonia",2014,"North America",140548174.711677
"Arabia.Sahara",2014,"North America",69659722.6145341
"C.America",2014,"North America",448697396.332477
"Carribbean",2014,"North America",20112932.3056102
"Eurasian.Palearctic",2014,"North America",689821959.789765
"Iberia.N.Africa",2014,"North America",36685129.8161691
"Middle.East",2014,"North America",61725919.5669189
"N.Pacific",2014,"North America",292152347.759118
"S.Cone.Pacific",2014,"North America",144899274.100358
"SE.Asia",2014,"North America",799799919.135313
"Subsaharan.Africa",2014,"North America",35956338.7823906
"North America",2014,"North America",781286977.969354
"Amazonia",2015,"North America",103849592.039105
"Arabia.Sahara",2015,"North America",36175808.9399495
"C.America",2015,"North America",441486552.706922
"Carribbean",2015,"North America",16686508.1714312
"Eurasian.Palearctic",2015,"North America",684430555.272882
"Iberia.N.Africa",2015,"North America",34112536.6993215
"Middle.East",2015,"North America",48293410.953086
"N.Pacific",2015,"North America",290156916.505414
"S.Cone.Pacific",2015,"North America",149759230.587094
"SE.Asia",2015,"North America",819628411.563833
"Subsaharan.Africa",2015,"North America",25176956.0969871
"North America",2015,"North America",674929189.647054
"Amazonia",2016,"North America",93213156.3964435
"Arabia.Sahara",2016,"North America",29368624.8967174
"C.America",2016,"North America",433521235.119435
"Carribbean",2016,"North America",14083145.9935277
"Eurasian.Palearctic",2016,"North America",661980572.265599
"Iberia.N.Africa",2016,"North America",33088540.2472652
"Middle.East",2016,"North America",47025593.3000155
"N.Pacific",2016,"North America",286911805.850402
"S.Cone.Pacific",2016,"North America",148381274.015897
"SE.Asia",2016,"North America",781201772.478197
"Subsaharan.Africa",2016,"North America",26173031.2876552
"North America",2016,"North America",626952261.108396
"Amazonia",2017,"North America",98463806.1074557
"Arabia.Sahara",2017,"North America",33305726.9436072
"C.America",2017,"North America",452465072.926095
"Carribbean",2017,"North America",14788835.8887974
"Eurasian.Palearctic",2017,"North America",685021470.244529
"Iberia.N.Africa",2017,"North America",36357139.5969575
"Middle.East",2017,"North America",52118611.082556
"N.Pacific",2017,"North America",289044828.660294
"S.Cone.Pacific",2017,"North America",154223980.834997
"SE.Asia",2017,"North America",834700304.392662
"Subsaharan.Africa",2017,"North America",30802135.4857831
"North America",2017,"North America",658349866.948733
"Amazonia",2018,"North America",100557621.429516
"Arabia.Sahara",2018,"North America",40827388.4461185
"C.America",2018,"North America",483249901.74851
"Carribbean",2018,"North America",15725005.9998304
"Eurasian.Palearctic",2018,"North America",752312089.895195
"Iberia.N.Africa",2018,"North America",39024856.8543689
"Middle.East",2018,"North America",52807736.4651892
"N.Pacific",2018,"North America",292465113.781352
"S.Cone.Pacific",2018,"North America",156651538.797185
"SE.Asia",2018,"North America",872944274.455945
"Subsaharan.Africa",2018,"North America",29116629.9799054
"North America",2018,"North America",676647820.482961
"Amazonia",2019,"North America",84931767.9484301
"Arabia.Sahara",2019,"North America",27926551.5673418
"C.America",2019,"North America",489781583.63361
"Carribbean",2019,"North America",15019215.9974293
"Eurasian.Palearctic",2019,"North America",779059279.577138
"Iberia.N.Africa",2019,"North America",35484360.1380457
"Middle.East",2019,"North America",43825572.5363875
"N.Pacific",2019,"North America",292626932.453751
"S.Cone.Pacific",2019,"North America",155048193.469064
"SE.Asia",2019,"North America",757919809.14074
"Subsaharan.Africa",2019,"North America",24278713.2078831
"North America",2019,"North America",664941315.851213
"Amazonia",2020,"North America",68557990.5879586
"Arabia.Sahara",2020,"North America",18747748.2009494
"C.America",2020,"North America",436969060.187882
"Carribbean",2020,"North America",12738814.7148178
"Eurasian.Palearctic",2020,"North America",728614335.441616
"Iberia.N.Africa",2020,"North America",29703952.3979559
"Middle.East",2020,"North America",32883632.422506
"N.Pacific",2020,"North America",255525157.777492
"S.Cone.Pacific",2020,"North America",156120040.649923
"SE.Asia",2020,"North America",729839220.688355
"Subsaharan.Africa",2020,"North America",23194814.4291767
"North America",2020,"North America",559136396.470852
"Amazonia",2021,"North America",85789726.2272682
"Arabia.Sahara",2021,"North America",28174688.6343488
"C.America",2021,"North America",494980413.370864
"Carribbean",2021,"North America",16068476.6958545
"Eurasian.Palearctic",2021,"North America",808458791.067368
"Iberia.N.Africa",2021,"North America",36848831.5283149
"Middle.East",2021,"North America",40593811.9599781
"N.Pacific",2021,"North America",289505185.765234
"S.Cone.Pacific",2021,"North America",186221171.354173
"SE.Asia",2021,"North America",847480617.046801
"Subsaharan.Africa",2021,"North America",33190633.4815637
"North America",2021,"North America",678580218.532793
