Reporter Name,Partner Name,Trade Flow,Product Group,Indicator,1994,1995,1996,1997,1998,1999,2000,2001,2002,2003,2004,2005,2006,2007,2008,2009,2010,2011,2012,2013,2014,2015,2016,2017,2018
Greenland,Afghanistan,Import,  All Products,Import (US$ Thousand),9.276,0.831,,,,,,,,,,,19.979,,,1.03991,,,,4.57667,6.96871,0.50243,5.72344,6.57888,10.83472
Greenland,Albania,Import,  All Products,Import (US$ Thousand),,,,,5.251,1.228,,,,,,,,,2.773,3.44886,2.70267,3.82105,12.9742,3.11373,,,,,21.5192
Greenland,Algeria,Import,  All Products,Import (US$ Thousand),,,,5.017,,,,,,0.129,,,14.045,6.564,458.209,51.01236,36.72985,35.51686,7.07332,42.72736,21.34728,54.21225,25.73512,1.95156,82.36034
Greenland,American Samoa,Import,  All Products,Import (US$ Thousand),,,,,,,,,,0.594,,,,,0.229,,,,,,,,,,
Greenland,Andorra,Import,  All Products,Import (US$ Thousand),1.42,,,,,,,,,,,,,,,0.11673,,19.90711,,,,,,123.07831,27.65742
Greenland,Angola,Import,  All Products,Import (US$ Thousand),,,,,,0.633,,,,,,,,,,,,0.5355,,,,,,,
Greenland,Anguila,Import,  All Products,Import (US$ Thousand),,,,,,,,,,,,,,,,,0.33088,,,,,,,,
Greenland,Antarctica,Import,  All Products,Import (US$ Thousand),,,,,,,,,,,,,,,,1.25575,0.72164,,,,,,,,2.85091
Greenland,Antigua and Barbuda,Import,  All Products,Import (US$ Thousand),,,,,,,,,,,,,0.169,,,,67.49036,0.77585,,,47.10759,49.76285,,0.23951,0.34958
Greenland,Argentina,Import,  All Products,Import (US$ Thousand),22.569,58.36,83.49,28.31,23.56,121.723,,,,65.618,,,212.61,60.308,177.093,242.03055,265.99357,198.5939,488.13106,171.11274,109.80289,169.56271,94.50841,87.72018,275.66053
Greenland,Armenia,Import,  All Products,Import (US$ Thousand),,,,,,,,,,,,,,,,,,,,,,,,,2.80179
Greenland,Australia,Import,  All Products,Import (US$ Thousand),106.671,364.822,54.79,33.443,252.711,301.703,,,3.109,203.064,0.008,0.243,355.075,38.266,737.06,422.60537,399.28325,505.07553,409.71083,304.28448,11561.39866,262.19447,310.91842,389.40506,547.60854
Greenland,Austria,Import,  All Products,Import (US$ Thousand),347.196,211.654,420.07,261.227,291.164,2340.516,0.211,6.426,8.788,358.269,6.378,12.583,433.899,270.245,614.018,2453.44082,830.05052,1101.81973,667.72501,581.22514,591.33263,546.98477,8869.97825,739.41199,1113.37626
Greenland,Azerbaijan,Import,  All Products,Import (US$ Thousand),,,,,,,,,,,,,,,,,,,,,,,0.3616,3.13219,1.79305
Greenland,"Bahamas, The",Import,  All Products,Import (US$ Thousand),7.877,5.37,7.139,22.347,19.943,27.621,,,,32.91,,,126.011,,60.324,82.09093,49.49412,52.43103,44.89646,30.01566,26.73542,16.22678,24.80842,15.61275,22.40939
Greenland,Bahrain,Import,  All Products,Import (US$ Thousand),,,,,,,,,,,,,0.045,,316.806,,0.14542,,,,,,,0.96047,0.89811
Greenland,Bangladesh,Import,  All Products,Import (US$ Thousand),78.03,66.062,125.458,68.49,92.416,116.768,,,,253.707,,,330.54,118.983,349.43,390.31771,384.01061,637.39604,680.53796,898.57493,813.60444,870.78944,1058.03086,1239.43481,1288.64215
Greenland,Barbados,Import,  All Products,Import (US$ Thousand),,,,,,,,,,0.105,,,1.244,,1.191,1.35887,4.96958,3.3145,2.92395,3.05756,0.47233,0.12101,0.19639,0.48857,0.54629
Greenland,Belarus,Import,  All Products,Import (US$ Thousand),4.577,25.096,6.37,,4.182,1.559,,,,1.262,,,0.26,,,,0.14809,0.79879,2.35556,0.15807,,0.22602,,0.33498,0.71109
Greenland,Belgium,Import,  All Products,Import (US$ Thousand),,,,,,1103.734,4.609,,28.761,6154.916,133.856,0.063,3396.953,313.648,1976.724,2725.60207,3028.97008,3370.72612,1477.98052,1530.50878,1480.12036,1261.99547,1866.51818,1832.38615,3899.16513
Greenland,Belgium-Luxembourg,Import,  All Products,Import (US$ Thousand),1016.399,1012.374,1084.653,911.689,979.835,,,,,,,,,,,,,,,,,,,,
Greenland,Belize,Import,  All Products,Import (US$ Thousand),,,,,,,,,,2.371,,,,,,,,,,,,,,,
Greenland,Bermuda,Import,  All Products,Import (US$ Thousand),,,,,,,,,,,,,,,,,,,,,,,0.08657,,
Greenland,Bhutan,Import,  All Products,Import (US$ Thousand),,,,,,,,,,,,,,,,,,,,,,,0.09189,,
Greenland,Bolivia,Import,  All Products,Import (US$ Thousand),,,,,,0.948,,,,4.091,,,,,4.406,4.69133,4.15608,3.04019,3.79352,2.02715,2.70264,3.59453,8.4158,1.62602,5.99973
Greenland,Bosnia and Herzegovina,Import,  All Products,Import (US$ Thousand),,,,,,,,,,0.271,,,8.547,0.323,7.678,28.23029,25.18263,15.46293,12.99835,51.3733,6.53606,4.70193,1.25784,2.54186,31.17679
Greenland,Brazil,Import,  All Products,Import (US$ Thousand),101.868,122.618,125.316,36.992,31.427,68.406,,,,374.949,,,742.481,846.294,413.401,269.65726,316.87512,555.27066,547.65259,383.27363,446.62247,384.12455,478.46618,1131.88067,830.65845
Greenland,British Indian Ocean Ter.,Import,  All Products,Import (US$ Thousand),,,,,,,,,,,,,0.237,,0.163,2.52426,,,,0.05476,,,,,0.56771
Greenland,British Virgin Islands,Import,  All Products,Import (US$ Thousand),6.153,,,,,,,,,0.508,,,0.022,,0.938,3.72382,4.25432,5.41514,0.27575,0.13657,,,,,0.59806
Greenland,Brunei,Import,  All Products,Import (US$ Thousand),,1.905,,,,,,,,,,,,,,,,,,,,,,,
Greenland,Bulgaria,Import,  All Products,Import (US$ Thousand),29.413,16.346,21.935,106.786,238.724,72.176,,,,9.441,,,33.143,4.455,22.201,36.53571,46.51718,27.1846,29.09835,16.23744,47.59177,47.80069,113.75632,45.04772,229.44951
Greenland,Bunkers,Import,  All Products,Import (US$ Thousand),,,,,,,,,,,,,,,,,,,,2.33099,13.83145,7.81189,2.90563,,
Greenland,Burkina Faso,Import,  All Products,Import (US$ Thousand),,,,0.774,,,,,,,,,,,,1.55687,2.93812,1.09472,0.94769,0.22066,,0.06107,1.29367,1.36547,2.9433
Greenland,Cambodia,Import,  All Products,Import (US$ Thousand),4.707,8.406,5.481,3.142,11.364,27.991,,,,39.026,,,28.56,2.738,21.94,105.6967,25.25417,28.16563,45.18129,18.71717,39.61559,89.43555,249.52187,203.95926,244.60365
Greenland,Cameroon,Import,  All Products,Import (US$ Thousand),,,8.69,,,,,,,,,,20.923,,2.654,9.1909,1.50781,2.70748,8.9517,,8.89879,1.49727,1.00659,0.26289,0.46806
Greenland,Canada,Import,  All Products,Import (US$ Thousand),8511.591,4096.876,13415.272,5221.055,9724.456,4509.082,1270.905,2270.508,1514.591,11489.661,8496.76,9377.356,3508.434,6602.448,5449.078,6561.15628,12133.41301,19155.2004,10380.99265,17996.17768,14931.53056,31342.88921,18858.88784,10758.35342,11399.11708
Greenland,Cape Verde,Import,  All Products,Import (US$ Thousand),,,,,,,,,,,,,,,,0.05168,,,,,,,,,0.23919
Greenland,Central African Republic,Import,  All Products,Import (US$ Thousand),,,2.204,,,,,,,,,,,,,71.62499,,,,,,,,,1.86312
Greenland,Chile,Import,  All Products,Import (US$ Thousand),305.579,295.502,237.246,131.085,116.289,147.02,56.082,,,537.347,,,844.462,25.39,624.959,861.1233,740.07961,978.47278,808.71689,938.44196,990.67254,870.41874,866.76036,900.28467,1029.6928
Greenland,China,Import,  All Products,Import (US$ Thousand),1819.045,1798.119,2460.566,2215.495,2208.042,3970.07,,,12.549,8772.908,56.205,17.63,11584.309,2924.167,11481.185,17576.75287,15420.98762,23015.31729,24363.12745,22248.89199,17740.85359,15900.15703,16122.60602,16229.38788,20119.74261
Greenland,Christmas Island,Import,  All Products,Import (US$ Thousand),,,,,,,,,,,,,,,,,,,,,,,,,0.81167
Greenland,Cocos (Keeling) Islands,Import,  All Products,Import (US$ Thousand),,,,,,,,,,0.331,,,,,,0.60826,0.15347,,,,,,0.23135,0.17172,
Greenland,Colombia,Import,  All Products,Import (US$ Thousand),13.569,23.636,1.753,6.147,24.622,109.871,,,,281.747,0.862,0.04,307.526,,365.835,368.71104,67.86274,70.88201,135.18573,12.37696,16.12704,5.87102,6.91795,6.42681,37.31583
Greenland,Comoros,Import,  All Products,Import (US$ Thousand),,,,,,,,,,,,,0.78,,12.025,,,,0.37925,,,,,,1.0902
Greenland,"Congo, Dem. Rep.",Import,  All Products,Import (US$ Thousand),,,,,4.44,,,,,2.594,,,,,,2.65625,0.16783,,,,,1.13848,0.41678,,0.09195
Greenland,"Congo, Rep.",Import,  All Products,Import (US$ Thousand),,,,,,,,,,1.647,,,,,,,,,,,3.53687,,,,
Greenland,Cook Islands,Import,  All Products,Import (US$ Thousand),,,,,,,,,,,,,,,,,,8.18232,0.77014,,,,,,
Greenland,Costa Rica,Import,  All Products,Import (US$ Thousand),44.662,13.285,176.718,135.279,145.417,177.369,,,,69.211,,7.94,28.037,53.802,2.964,8.03044,12.98891,11.88166,11.08189,19.72002,26.70417,32.8111,59.93217,56.8383,100.12723
Greenland,Cote d'Ivoire,Import,  All Products,Import (US$ Thousand),,92.461,,18.946,3.601,1.591,,,,1.733,,,1.026,,13.842,3.89039,4.32958,17.94607,11.70036,10.08301,0.04449,0.42832,0.29872,0.33472,3.19079
Greenland,Croatia,Import,  All Products,Import (US$ Thousand),1.546,4.03,,,,,,,,22.34,,,43.49,0.161,33.47,27.79951,35.07481,39.36443,30.40322,2.1263,0.18185,1.68148,5.92066,8.78432,12.05263
Greenland,Cuba,Import,  All Products,Import (US$ Thousand),,,,,,,,,,1.357,,,1.181,0.447,6.126,8.9442,13.72753,6.68484,2.70623,2.22996,1.43162,1.38139,1.92207,0.72773,3.59579
Greenland,Curaçao,Import,  All Products,Import (US$ Thousand),,,,,,,,,,,,,,,,,,,4.14808,,,0.10279,,,
Greenland,Cyprus,Import,  All Products,Import (US$ Thousand),,,1.956,,0.827,9602.915,,,,4.861,,,11.096,6.91,,78.63339,115.6125,0.36335,31.65259,0.214,0.47037,7.06662,22.93879,1.68342,2.90267
Greenland,Czech Republic,Import,  All Products,Import (US$ Thousand),106.877,114.247,216.541,175.773,114.331,192.856,145.806,,2.808,618.952,42.11,,709.124,81.609,718.815,981.63873,2305.01282,2523.44455,578.9051,1444.30225,933.06631,808.18653,1364.29405,1340.31933,1296.56854
Greenland,Denmark,Import,  All Products,Import (US$ Thousand),299472.224,314884.192,309879.904,244940.096,280015.52,286969.527,266934.065,226552.262,285428.71,284784.955,488905.306,500327.775,382289.764,542975.757,535716.128,476613.1532,486843.3326,538507.9846,509111.0922,509244.1544,494324.9375,425030.2194,450424.4582,467911.1772,449478.5229
Greenland,Djibouti,Import,  All Products,Import (US$ Thousand),,0.989,,,,0.917,,,,1.281,,,16.516,,14.039,4.00899,7.8063,0.5024,0.32281,,2.08308,,2.51151,1.55898,16.34372
Greenland,Dominica,Import,  All Products,Import (US$ Thousand),0.824,,,,,,,,,,,,,,,,,,,,,,,,0.06545
Greenland,Dominican Republic,Import,  All Products,Import (US$ Thousand),0.704,2.967,3.021,3.822,5.601,1.518,,,,0.423,,,23.216,,0.461,0.18773,0.44881,5.33007,15.12412,0.34263,0.19034,0.20172,0.96805,1.14678,8.86971
Greenland,East Timor,Import,  All Products,Import (US$ Thousand),,,,,,,,,,,,,,,,,,,,,,,,,212.37254
Greenland,Ecuador,Import,  All Products,Import (US$ Thousand),367.422,373.489,293.733,217.801,254.215,254.102,,,,70.982,,,196.951,0.05,4.095,3.64852,13.34927,31.78847,2.75387,0.50722,0.87351,0.74963,4.46371,18.5754,26.73272
Greenland,"Egypt, Arab Rep.",Import,  All Products,Import (US$ Thousand),51.89,65.639,40.201,16.141,4.457,,,,,7.303,,,90.306,5.395,30.393,65.73934,53.94161,144.8494,31.86165,29.43079,14.78783,27.25569,40.236,44.33004,86.64982
Greenland,El Salvador,Import,  All Products,Import (US$ Thousand),,,,,,,,,,104.248,,,45.992,9.331,2.873,6.35125,6.0767,14.93689,4.98327,2.94137,3.78298,5.16618,4.19562,1.12872,1.57779
Greenland,Estonia,Import,  All Products,Import (US$ Thousand),7.478,2.019,5.037,1.516,4.408,5.916,,,,328.04,,,143.176,29.765,272.772,369.92306,221.35929,349.83712,275.43719,219.82317,273.14911,240.79073,552.45789,494.25999,600.82603
Greenland,Eswatini,Import,  All Products,Import (US$ Thousand),,,,,,,,,,0.289,,,,,,,,,,,,11.55307,,,
Greenland,Ethiopia(excludes Eritrea),Import,  All Products,Import (US$ Thousand),,,,,,,,,,,,,,,,,,,,,0.43535,0.81876,,,3.45672
Greenland,Faeroe Islands,Import,  All Products,Import (US$ Thousand),555.17,983.853,109.06,6.213,42.156,64.621,9.937,23.905,72.025,736.732,159.897,1732.973,1085.464,599.067,1591.289,202.55908,1183.33368,1452.88599,1557.49005,1250.71522,859.65571,1160.13029,431.78727,1096.83146,763.22029
Greenland,Falkland Island,Import,  All Products,Import (US$ Thousand),,,,,,,,,,5.109,,,7.737,,8.827,5.10237,3.27893,2.52557,,8.94842,1.2607,,0.41078,23.40364,34.21597
Greenland,Fiji,Import,  All Products,Import (US$ Thousand),,,,,,,,,,,,,,,0.247,0.09379,0.28144,0.38432,0.36148,0.11337,0.12149,0.28029,0.14059,0.38151,0.81812
Greenland,Finland,Import,  All Products,Import (US$ Thousand),1414.237,1284.039,1708.366,1109.594,1129.407,3278.829,290.385,188.071,73.392,3498.063,261.239,10.942,2868.637,1257.187,2485.946,1378.34266,1207.45697,1756.43107,909.35496,648.45641,1413.89634,1422.48683,1043.49285,1690.20576,2078.58472
Greenland,Fm Sudan,Import,  All Products,Import (US$ Thousand),,,,0.995,,,,,,,,,0.731,,,,,,,,,,,,
Greenland,Fr. So. Ant. Tr,Import,  All Products,Import (US$ Thousand),,,,,,,,,,,,,6.595,,0.718,,4.8218,0.03113,3.09915,,,,0.17175,,
Greenland,France,Import,  All Products,Import (US$ Thousand),2718.03,2649.85,7095.209,8709.709,17754.768,18921.646,7.466,84.223,26.874,4214.446,34.124,898.836,5202.371,583.581,6405.251,3158.18577,6446.99904,5792.5647,7136.4925,4560.11243,6036.92104,3015.85785,4473.34623,18148.19701,6278.69119
Greenland,Free Zones,Import,  All Products,Import (US$ Thousand),0.799,31.296,9.053,,,2.034,,,,,,,,,,,,,,,,,,,
Greenland,French Polynesia,Import,  All Products,Import (US$ Thousand),,,,,,,,,,,,,1.032,,,,,,,,,,,0.10679,
Greenland,Gabon,Import,  All Products,Import (US$ Thousand),,,,,,,,,,,,,,,,0.07322,,,,,,,,,
Greenland,"Gambia, The",Import,  All Products,Import (US$ Thousand),,,,,,,,,,,,,0.911,,,,,,,,,,,0.82093,0.1109
Greenland,Georgia,Import,  All Products,Import (US$ Thousand),,,,,0.889,,,,,100.096,,,7.454,0.155,2.053,4.18525,16.85051,8.16628,4.57841,36.45958,16.07446,7.51172,1.93232,1.12013,6.43848
Greenland,Germany,Import,  All Products,Import (US$ Thousand),8673.818,9872.66,10288.786,8787.883,8825.995,8286.549,91.924,289.445,243.339,16826.41,395.791,565.154,19238.886,4307.545,21001.786,19319.40995,11746.2283,18777.81711,17405.39348,16917.53891,15115.55955,13290.93961,13341.23285,16207.18264,21253.70463
Greenland,Ghana,Import,  All Products,Import (US$ Thousand),,,,,1.78,,,,,,,,,,,,,,,0.05829,0.79007,,,,4.29068
Greenland,Gibraltar,Import,  All Products,Import (US$ Thousand),,,2.378,,,,,,,,,,,,,,,,,,,,,,
Greenland,Greece,Import,  All Products,Import (US$ Thousand),53.618,150.736,188.813,198.235,128.12,124.121,,,0.224,237.809,,,282.452,2.78,136.841,160.78209,121.59293,134.7189,110.81906,112.51786,110.53428,97.91309,119.96623,89.8359,274.66743
Greenland,Grenada,Import,  All Products,Import (US$ Thousand),,,,,,,,,,,,,1.334,,1.246,,,0.76485,0.1167,0.11703,0.08421,0.06779,0.15584,0.00994,1.23572
Greenland,Guam,Import,  All Products,Import (US$ Thousand),,,,,,,,,,,,,,,,,,,,,,,2.5536,,
Greenland,Guatemala,Import,  All Products,Import (US$ Thousand),,0.504,130.02,118.99,38.081,2.734,,,,6.606,,,4.467,,0.453,0.9067,2.6548,1.22106,0.65933,0.39497,0.98726,0.97312,0.72679,2.71242,8.34777
Greenland,Guyana,Import,  All Products,Import (US$ Thousand),,,,,,,,,,,,,,,,0.04678,,,,,,,,0.02224,
Greenland,Haiti,Import,  All Products,Import (US$ Thousand),0.515,,,,,,,,,,,,,,0.053,,,,,,,,,1.26833,
Greenland,Holy See,Import,  All Products,Import (US$ Thousand),,,,,,,,,,,,,,,,,,,,,,,,,0.20493
Greenland,Honduras,Import,  All Products,Import (US$ Thousand),,0.752,3.818,3.242,1.09,,,,,,,,5.172,,2.894,9.16184,0.95043,0.92885,0.40821,1.96073,9.07763,1.97271,3.68881,3.11778,11.08123
Greenland,"Hong Kong, China",Import,  All Products,Import (US$ Thousand),800.273,810.46,995.549,678.211,962.517,794.338,3.617,,0.031,886.025,,,864.159,295.946,560.417,568.94263,694.55612,431.07563,398.83512,262.70301,171.72731,118.38542,107.55116,91.95261,151.42795
Greenland,Hungary,Import,  All Products,Import (US$ Thousand),65.578,26,178.307,310.179,261.662,445.905,,,,1041.727,,,1025.003,268.318,762.243,715.48777,866.02345,2835.25276,3076.22283,2401.49394,1132.54842,870.04694,1026.42669,819.58555,1449.67251
Greenland,Iceland,Import,  All Products,Import (US$ Thousand),1008.557,15931.944,780.327,1753.139,2046.389,975.847,2045.733,2779.123,2708.95,3724.956,5148.483,2695.223,2019.492,2767.978,3571.799,3315.3279,8337.5949,10002.68936,12066.41208,3909.25222,6363.30863,5298.71268,8649.14496,4570.91845,3460.7055
Greenland,India,Import,  All Products,Import (US$ Thousand),268.31,337.342,579.15,403.899,397.017,375.054,,0.824,,874.957,0.477,,719.746,372.899,908.214,1197.80893,1149.51523,1847.49184,1367.8714,4228.05179,973.47616,858.81064,1009.02658,976.84135,1338.85774
Greenland,Indonesia,Import,  All Products,Import (US$ Thousand),216.485,216.945,520.707,1314.181,821.909,889.021,,,,300.457,2.581,,328.917,36.909,142.926,202.64178,349.8571,454.58023,273.5632,267.83536,192.04142,202.26827,208.41262,169.91147,285.4372
Greenland,"Iran, Islamic Rep.",Import,  All Products,Import (US$ Thousand),27.525,36.702,27.625,28.338,47.353,54.054,,,,59.253,,,61.432,0.897,26.347,27.45056,15.98508,28.23571,24.83715,21.87664,15.65609,9.8805,30.11452,32.28799,289.24788
Greenland,Iraq,Import,  All Products,Import (US$ Thousand),,,,,,,,,,,,,,,,,,,0.15557,,,,,,
Greenland,Ireland,Import,  All Products,Import (US$ Thousand),430.08,361.767,414.959,908.453,820.031,699.108,6.48,4.044,1.916,610.148,79.54,,932.044,24.341,241.678,369.59105,369.29926,583.5114,979.67939,621.62182,559.89191,470.58179,430.37403,498.10469,212.77403
Greenland,Israel,Import,  All Products,Import (US$ Thousand),12.797,14.726,173.57,21.215,11.108,11.364,,,,28.083,,34.11,161.633,8.529,196.045,907.37366,141.63801,197.15847,124.14749,95.49872,44.39984,38.45469,79.19579,166.19828,177.47808
Greenland,Italy,Import,  All Products,Import (US$ Thousand),2526.153,2542.33,4601.426,2163.863,2414.4,2798.719,12.563,,1.891,4553.833,42.285,18.495,4262.826,482.756,3119.563,3288.6736,2879.48824,3279.2633,2736.71831,2792.32429,2794.91965,2252.6982,2788.82488,2560.22287,4599.01683
Greenland,Jamaica,Import,  All Products,Import (US$ Thousand),8.457,3.845,4.124,4.507,5.659,4.863,,,,1.544,,,14.187,1.015,1.296,9.41103,13.87785,33.36583,14.61777,9.4605,8.76817,4.0791,10.42784,7.18564,15.40597
Greenland,Japan,Import,  All Products,Import (US$ Thousand),12784.708,14064.468,11415.383,10894.531,12027.492,13473.928,263.648,183.945,113.64,10168.391,191.06,293.786,9447.014,5090.329,10647.208,7460.405,5851.62624,8200.00095,5740.22804,3930.59794,4093.93083,2826.45519,3435.22289,3033.09726,3716.59733
Greenland,Jordan,Import,  All Products,Import (US$ Thousand),,,,,,,,,,1.214,,,3.187,0.15,,3.18614,0.83523,0.95123,,0.26612,0.14298,0.10834,0.08008,0.07262,0.15445
Greenland,Kazakhstan,Import,  All Products,Import (US$ Thousand),,,,,,,,,,,,,,,,,,,,,0.05748,0.03448,0.0598,,
Greenland,Kenya,Import,  All Products,Import (US$ Thousand),,,2.46,1.891,,,,,,17.643,,,16.608,,1.55,1.58639,0.93352,15.50263,8.09291,8.11829,9.4016,7.73556,11.92424,16.1356,27.25052
Greenland,Kiribati,Import,  All Products,Import (US$ Thousand),,,,,,,,,,21.393,,,69.613,,0.123,1.38004,0.32293,0.26758,,,,,0.3989,,
Greenland,"Korea, Dem. Rep.",Import,  All Products,Import (US$ Thousand),1.327,16.757,6.591,3.322,7.735,0.845,,,,29.399,,,6.451,14.451,1.829,1.3671,,1.74079,0.64141,,52.43577,8.44594,0.55551,8.07736,3.21633
Greenland,"Korea, Rep.",Import,  All Products,Import (US$ Thousand),1746.722,1741.65,1604.793,1655.421,1354.227,1655.756,,1.875,,1979.718,,,963.358,820.984,1475.602,1184.81709,451.16062,385.31934,496.19016,844.31395,691.12836,494.17531,431.22755,159.57297,397.4913
Greenland,Kuwait,Import,  All Products,Import (US$ Thousand),,,1.205,,,,,,,,,,,,,,,2.86644,,5.29871,10.08864,18.15985,,,
Greenland,Kyrgyz Republic,Import,  All Products,Import (US$ Thousand),,0.825,,1.872,6.237,,,,,,,,,,,,,0.95708,6.40415,,,,,,
Greenland,Lao PDR,Import,  All Products,Import (US$ Thousand),2.724,,2.688,,3.959,5.768,,,,,,,,,0.505,0.4413,0.09702,0.06828,0.06105,2.32761,13.0871,27.92182,34.30494,6.33516,40.10986
Greenland,Latvia,Import,  All Products,Import (US$ Thousand),1.393,3.526,11.025,15.449,8.846,6.098,,,,128.166,,,88.046,22.308,76.033,277.41726,137.90105,111.4303,122.06005,94.11276,62.82017,79.47827,90.69715,246.85382,384.69823
Greenland,Lebanon,Import,  All Products,Import (US$ Thousand),,0.633,,,,,,,,0.545,,,1.349,,0.059,,0.59112,0.08826,,0.20437,0.10593,0.99295,,,
Greenland,Liberia,Import,  All Products,Import (US$ Thousand),,,,,,,,,,0.158,,,,,,,,,,,,,,,
Greenland,Libya,Import,  All Products,Import (US$ Thousand),,,,0.518,,,,,,,,,,,,,,,,,,,,,
Greenland,Lithuania,Import,  All Products,Import (US$ Thousand),7.234,0.584,12.818,28.756,31.983,91.664,,,0.119,297.11,,,512.947,25.017,372.146,562.50297,390.12025,496.51321,546.02716,525.65658,520.39251,429.50459,505.87454,586.86833,1069.47716
Greenland,Luxembourg,Import,  All Products,Import (US$ Thousand),,,,,,164.999,,,,1.333,,,19.653,,7.97,11.96832,10.13847,17.54835,81.05917,21.31692,63.43751,34.89284,202.19901,12.27344,24.88191
Greenland,Macao,Import,  All Products,Import (US$ Thousand),32.76,74.923,83.4,69.647,88.822,102.416,,,,176.832,,,54.255,41.847,55.601,4.17648,,0.80619,0.95554,2.51128,0.76244,,0.5984,0.41821,
Greenland,Madagascar,Import,  All Products,Import (US$ Thousand),,,,,2.336,2.124,,,,6.225,,,12.571,,5.627,7.12671,7.69948,27.32628,13.96697,3.89567,3.9597,3.81863,4.73392,2.92858,23.0279
Greenland,Malawi,Import,  All Products,Import (US$ Thousand),,19.95,6.699,,,,,,,,,,,,,0.15279,0.28231,0.9699,0.34387,0.24393,0.31451,0.1671,0.18188,0.21384,3.71814
Greenland,Malaysia,Import,  All Products,Import (US$ Thousand),209.775,257.683,314.527,483.742,300.674,440.937,,,,340.411,0.246,,417.885,17.888,523.572,338.92062,308.62168,338.56284,417.70547,340.66371,467.42829,246.22917,243.06436,299.2338,440.0908
Greenland,Maldives,Import,  All Products,Import (US$ Thousand),4.529,,0.837,,,,,,,,,,,,,,,,,,,,,,
Greenland,Mali,Import,  All Products,Import (US$ Thousand),,,,,,,,,,0.224,,,0.693,,,,3.31609,,0.09157,,,0.03541,0.04818,,
Greenland,Malta,Import,  All Products,Import (US$ Thousand),,21.212,1.73,5.722,1.413,0.903,,,,22.545,,,1.551,,0.088,0.27423,0.44481,1.52792,0.2967,4.947,0.53349,0.29503,,0.24817,7.56341
Greenland,Marshall Islands,Import,  All Products,Import (US$ Thousand),,,,,,,,,,0.168,,,,,,,,2.03082,1.63847,1.75526,1.39667,1.70939,3.01124,2.54597,1.97588
Greenland,Mauritania,Import,  All Products,Import (US$ Thousand),,,,4.425,,,,,,,,,,,,,,,,0.11228,,,,,
Greenland,Mauritius,Import,  All Products,Import (US$ Thousand),,,,1.755,,2.632,,,,3.283,,,2.991,,0.224,12.94304,3.72179,1.06302,0.37653,5.06291,30.68104,15.08908,19.16464,15.69266,10.43368
Greenland,Mayotte,Import,  All Products,Import (US$ Thousand),,,,,,,,,,,,,,,,,0.09651,,,,,,,,
Greenland,Mexico,Import,  All Products,Import (US$ Thousand),7.537,11.992,5.635,13.84,39.981,31.721,,,,40.348,0.261,,41.083,3.323,175.844,50.1914,64.71378,69.62809,96.21318,40.01691,171.24115,28.36499,74.44179,22.50124,61.28768
Greenland,Moldova,Import,  All Products,Import (US$ Thousand),,0.618,,,,0.637,,,,,,,5.586,,3.451,0.54271,,,,,,,0.13425,15.31756,11.10553
Greenland,Mongolia,Import,  All Products,Import (US$ Thousand),,,2.374,,,2.755,,,,,,,0.312,,0.667,,,,,,,,,,
Greenland,Montenegro,Import,  All Products,Import (US$ Thousand),,,,,,,,,,,,,,,,,,,0.48338,,,,,,
Greenland,Montserrat,Import,  All Products,Import (US$ Thousand),,,,,,,,,,,,,,,,,,,,,4.41315,,,,
Greenland,Morocco,Import,  All Products,Import (US$ Thousand),,3.03,10.956,13.728,7.765,0.968,0.053,0.077,,90.638,,,66.774,7.278,14.671,55.03248,94.15921,67.61941,57.80024,40.07523,29.39366,16.42529,2.12182,7.85768,42.7615
Greenland,Myanmar,Import,  All Products,Import (US$ Thousand),3.551,,1.635,,3.935,3.847,,,,186.651,,,84.783,0.232,,0.60351,1.13551,,,,,0.38173,19.28625,149.30381,229.97708
Greenland,Namibia,Import,  All Products,Import (US$ Thousand),,,,,,,,,,1.205,,,2.5,0.667,0.785,5.06954,6.41318,0.17975,0.41123,0.53388,0.18924,0.65102,1.94286,1.7783,15.39565
Greenland,Nauru,Import,  All Products,Import (US$ Thousand),,,,,,2.326,,,,,,,,,,,,,,,,,,,
Greenland,Nepal,Import,  All Products,Import (US$ Thousand),,1.535,,0.566,,,,,,,,,0.091,,1.208,1.23138,1.36232,0.2472,0.57177,0.8795,0.75161,1.66026,0.67279,0.84742,0.96169
Greenland,Netherlands,Import,  All Products,Import (US$ Thousand),3530.548,3199.251,4514.134,3388.487,3318.22,1867.895,849.629,15.513,33.519,5248.519,165.526,98.56,6428.384,3159.819,6571.593,7333.11087,7119.06525,9049.74529,7824.27339,7946.40114,7931.23393,10817.96822,9257.41064,11180.16121,16455.32394
Greenland,New Caledonia,Import,  All Products,Import (US$ Thousand),15.679,,,,,,,,,,,,,,,,,,,,,,,,
Greenland,New Zealand,Import,  All Products,Import (US$ Thousand),421.128,456.739,798.347,205.827,332.526,222.923,,,0.278,212.948,,,275.624,42.073,384.936,823.95874,861.58986,1062.51586,1379.56955,1765.94313,1844.69803,2430.29195,2016.74143,2253.13609,1878.98784
Greenland,Nicaragua,Import,  All Products,Import (US$ Thousand),1.908,0.979,2.863,1.131,,3.597,,,,,,,64.22,,,13.09486,,0.20463,,,,,0.29724,,
Greenland,Niger,Import,  All Products,Import (US$ Thousand),,,,,,,,,,24.774,,,,,173.495,,,,,,,,,,
Greenland,Nigeria,Import,  All Products,Import (US$ Thousand),,,,,,,,,,,,,59.427,,,,,,,,,,,,
Greenland,North Macedonia,Import,  All Products,Import (US$ Thousand),5.86,,0.822,,1.221,0.618,,,,,,,3.733,,10.356,9.54988,3.14059,21.46609,37.77044,49.6107,15.78625,26.74147,15.10672,10.45905,11.26738
Greenland,Norway,Import,  All Products,Import (US$ Thousand),11491.982,13043.151,53952.62,46394.412,22396.024,22841.172,30465.712,49711.387,34148.456,64991.867,9243.004,283.386,13002.645,11718.289,26661.345,16207.39872,17818.22838,24100.61518,32333.14758,79336.62929,1711.24821,1255.2485,16449.60498,1288.48026,1367.66511
Greenland,Occ.Pal.Terr,Import,  All Products,Import (US$ Thousand),,,,,,,,,,,,,0.321,,0.142,1.76106,0.51621,2.07167,0.33062,4.27661,,,1.262,,0.86362
Greenland,Oman,Import,  All Products,Import (US$ Thousand),,,,,,,,,,,,,,,,8.6025,6.924,,,100.71743,,,,0.08742,0.03138
Greenland,"Other Asia, nes",Import,  All Products,Import (US$ Thousand),762.444,1653.357,1382.853,1447.141,1531.329,1616.508,,,,839.774,2.061,,1017.417,241.492,922.488,1130.2101,1086.41859,967.56903,732.9646,333.7023,332.49523,298.93642,216.65193,204.09496,248.45945
Greenland,Pakistan,Import,  All Products,Import (US$ Thousand),112.977,82.109,50.397,70.266,107.689,71.302,,,,164.085,,,157.68,31.386,236.211,448.0068,453.09014,390.42668,277.27524,289.76229,234.04725,345.58908,441.2439,342.69985,505.83033
Greenland,Palau,Import,  All Products,Import (US$ Thousand),,,,,,,,,,,,,0.046,,,1.19088,,,,,,,,,
Greenland,Panama,Import,  All Products,Import (US$ Thousand),,6.297,3.191,16.946,2.354,28.977,,,,103.718,,,0.209,,0.465,5.32333,5.03979,13.89813,1.48559,31.78325,,0.22612,0.33375,0.61055,4.20858
Greenland,Papua New Guinea,Import,  All Products,Import (US$ Thousand),,5.139,0.912,,,3.747,,,,27.909,,,2.769,,,0.12643,,0.03384,7.35219,17.39538,3.13105,0.67532,,,0.61369
Greenland,Paraguay,Import,  All Products,Import (US$ Thousand),21.985,,0.669,,,,,,,,,,,,2.242,0.90035,2.198,1.63732,0.49931,1.59087,0.51784,0.11226,0.57384,0.30444,3.99446
Greenland,Peru,Import,  All Products,Import (US$ Thousand),2.385,,,,2.631,2.719,,,,12.483,,,11.188,,9.995,19.35754,7.99496,13.38609,19.20217,5.62277,14.49524,13.6955,37.81343,31.04863,138.05316
Greenland,Philippines,Import,  All Products,Import (US$ Thousand),45.614,29.846,55.151,43.206,57.156,73.368,,,,56.234,,,30.03,3.01,30.971,45.02146,18.61677,30.61133,28.13083,41.90284,25.28856,37.09401,24.44314,41.3647,15.97977
Greenland,Pitcairn,Import,  All Products,Import (US$ Thousand),,,,,,,,,,2.155,,,,,,,,,,,,,,,
Greenland,Poland,Import,  All Products,Import (US$ Thousand),122.897,151.186,311.098,106.321,742.846,916.577,0.014,,1.548,1701.351,0.805,,1963.206,337.089,1442.059,2182.80151,2051.02492,2553.74215,2105.40836,2125.57589,2196.60564,2272.92504,28752.4807,48199.6328,5080.21624
Greenland,Portugal,Import,  All Products,Import (US$ Thousand),1149.568,1103.416,1095.024,1011.424,1072.416,801.507,69.729,89.509,,1732.82,,,900.196,253.112,813.733,956.74156,572.23748,593.04403,714.1187,713.38514,753.86258,610.52441,480.73247,398.03913,627.77301
Greenland,Qatar,Import,  All Products,Import (US$ Thousand),,,,,,,,,,,,,,,0.233,,,,,,,,,3.37226,
Greenland,Romania,Import,  All Products,Import (US$ Thousand),44.712,54.086,57.939,38.102,53.933,49.355,,,,47.435,,,62.915,19.56,68.336,44.36723,43.32343,90.3837,89.77924,104.26799,95.18213,137.83868,94.26259,51.26202,63.50572
Greenland,Russian Federation,Import,  All Products,Import (US$ Thousand),1386.332,312.322,242.437,157.731,151.212,235.539,0.333,,,1078.303,,,372.96,158.938,745.511,78.20827,75.42669,253.87619,105.94919,28.41565,17.48869,10.55969,54.9675,13.9684,31.41141
Greenland,Saint Barthélemy,Import,  All Products,Import (US$ Thousand),,,,,,,,,,,,,,,,,,,,1.27347,,,,,
Greenland,Saint Helena,Import,  All Products,Import (US$ Thousand),,,,,,,,,,0.913,,,,,,,,,,,,,,,
Greenland,Saint Pierre and Miquelon,Import,  All Products,Import (US$ Thousand),9.43,,,,3.554,,,,,,,,0.012,,,,,,,,,,,,
Greenland,Samoa,Import,  All Products,Import (US$ Thousand),,,,,,,,,,3.91,,,0.562,,0.463,,,,,,,,0.24546,,
Greenland,Sao Tome and Principe,Import,  All Products,Import (US$ Thousand),,,,,,,,,,,,,,,,4.36767,,,,0.97258,,,3.56199,,
Greenland,Saudi Arabia,Import,  All Products,Import (US$ Thousand),,,,2.006,,1.843,,,,0.572,,,,,1.826,,4.6778,,7.40531,7.5665,0.23397,2.46356,,,
Greenland,Senegal,Import,  All Products,Import (US$ Thousand),,,,,,,,,,0.041,,,,,0.082,,2.23351,,,,24.47295,,,0.10165,0.03452
Greenland,"Serbia, FR(Serbia/Montenegro)",Import,  All Products,Import (US$ Thousand),,,,0.814,14.289,2.448,,,,,,,13.069,3.295,6.009,,0.06044,55.03929,5.27593,2.35098,15.04053,13.68814,11.09878,13.0449,71.44873
Greenland,Seychelles,Import,  All Products,Import (US$ Thousand),,,,,,,,,,5.426,,,,,,0.23219,0.0359,,2.00944,3.56316,0.56943,,,0.70806,9.0345
Greenland,Sierra Leone,Import,  All Products,Import (US$ Thousand),,,1.507,,,,,,,27.921,,,1.722,2.702,0.789,0.7319,0.57048,7.93879,3.44456,1.84965,2.79402,4.3336,15.51373,22.44182,37.92659
Greenland,Singapore,Import,  All Products,Import (US$ Thousand),114.333,184.96,195.991,236.464,38.093,55.291,,,,141.421,,,108.346,128.524,57.784,126.09291,47.48329,72.01088,109.17992,69.28522,65.8398,30.52958,54.68926,83.99948,37.63927
Greenland,Slovak Republic,Import,  All Products,Import (US$ Thousand),2.052,9.394,16.105,7.572,10.47,3.59,,,,577.901,,,260.143,75.452,217.995,469.48363,445.53643,190.69373,128.68952,173.31406,327.27752,276.22183,331.15065,202.61847,602.09556
Greenland,Slovenia,Import,  All Products,Import (US$ Thousand),263.083,173.089,163.032,134.318,129.602,152.881,,,,73.632,,,330.649,51.708,285.478,265.80522,70.30365,63.32281,84.91266,37.66013,73.30321,75.61031,59.57178,52.05861,65.06543
Greenland,South Africa,Import,  All Products,Import (US$ Thousand),29.6,55.596,160.951,97.735,84.737,120.357,0.146,,,237.992,43.666,,733.867,665.338,1310.503,1548.09082,726.06693,1186.75839,473.61004,431.71436,356.96228,533.36774,528.78788,733.54802,1387.74811
Greenland,Spain,Import,  All Products,Import (US$ Thousand),323.389,359.674,909.791,873.886,944.345,956.456,,30.434,0.624,1778.142,6.089,16.49,2666.788,340.345,1094.228,1460.63533,1686.66511,1991.01998,1788.21525,1926.19367,1547.0296,1275.29384,1420.96334,1592.98335,95391.17126
Greenland,Special Categories,Import,  All Products,Import (US$ Thousand),0.639,,,1.584,,,,,,,,,,,,,,,,,,,,,
Greenland,Sri Lanka,Import,  All Products,Import (US$ Thousand),14.061,16.601,34.34,90.32,41.286,41.793,,,,65.567,,,19.187,2.658,13.114,18.84818,37.54899,64.3905,48.93313,31.3247,29.03734,52.21966,32.9284,36.5036,56.07268
Greenland,St. Kitts and Nevis,Import,  All Products,Import (US$ Thousand),,,,,,,,,,11.872,,,,,,,,,5.51838,0.8284,,,0.00608,0.23958,0.27795
Greenland,St. Lucia,Import,  All Products,Import (US$ Thousand),,,,,,,,,,2.819,,,,,,,,,,,,,,,
Greenland,Suriname,Import,  All Products,Import (US$ Thousand),,,,,0.713,,,,,,,,,0.126,,,,0.59894,0.21548,,,0.01135,,,0.89818
Greenland,Sweden,Import,  All Products,Import (US$ Thousand),6010.624,7487.061,7729.088,6281.177,6466.659,7541.526,228.439,251.996,161.919,15071.564,69774.397,112667.52,144590.653,153490.668,224470.778,125227.8738,181443.2834,208150.2104,185750.8787,191286.758,153769.8782,104258.2408,62317.13753,116377.9324,141875.6488
Greenland,Switzerland,Import,  All Products,Import (US$ Thousand),634.784,693.252,384.331,795.919,600.826,487.842,0.297,2.83,3.236,929.727,6.416,,1028.091,44.767,732.744,4489.4239,1386.11486,1597.0251,1250.20367,474.99102,401.88375,424.60613,387.8618,295.10794,526.13285
Greenland,Syrian Arab Republic,Import,  All Products,Import (US$ Thousand),,,1.282,,1.073,3.888,,,,0.234,,,1.105,,,0.12437,0.21377,0.13678,,,,,,,
Greenland,Tajikistan,Import,  All Products,Import (US$ Thousand),,1.397,0.578,,,84.822,,,,0.831,,,,,,2.27825,11.7768,4.6248,,,,0.20172,,,
Greenland,Tanzania,Import,  All Products,Import (US$ Thousand),,,,,,,,,,,,,,,6.175,,,10.67782,,,0.20289,0.5968,0.28833,,
Greenland,Thailand,Import,  All Products,Import (US$ Thousand),204.715,286.335,234.121,334.549,367.518,445.003,,,2.647,1119.533,2.086,,986.425,562.596,1287.643,1511.17951,1399.41188,1793.78927,1495.46584,1220.00888,1183.54534,983.65319,1301.60879,1114.08175,1881.12188
Greenland,Togo,Import,  All Products,Import (US$ Thousand),,,,,,,,,,,,,,0.361,,,,,,,,,,,
Greenland,Tokelau,Import,  All Products,Import (US$ Thousand),,,,,,,,,,0.824,,,0.061,,,,0.02881,,,,,,,,
Greenland,Tonga,Import,  All Products,Import (US$ Thousand),,,,,,,,,,,,,,,,,,,,,,,0.77076,,
Greenland,Trinidad and Tobago,Import,  All Products,Import (US$ Thousand),13.353,10.056,18.729,20.168,16.345,5.063,,,,1.585,,,0.131,,,0.31502,,,,,,,,0.04981,0.41545
Greenland,Tunisia,Import,  All Products,Import (US$ Thousand),1.787,,,0.871,93.207,43.658,,,,13.223,,,19.329,,15.056,8.84158,34.30133,73.17852,50.76769,35.32147,23.8836,11.2898,4.99199,15.84849,38.10356
Greenland,Turkey,Import,  All Products,Import (US$ Thousand),105.864,130.878,140.28,160.552,277.778,273.965,,5.437,,1211.924,57.794,,1741.526,503.313,1334.095,1606.47062,1438.23944,1722.26219,1723.17387,2482.98802,2036.21652,1515.6067,57961.94574,1382.86119,1579.61206
Greenland,Turkmenistan,Import,  All Products,Import (US$ Thousand),12.217,4.101,9.049,11.184,2.869,2.76,,,,1.018,,,0.008,,,,,,,,,,2.45227,,0.45873
Greenland,Tuvalu,Import,  All Products,Import (US$ Thousand),,,,1.584,,,,,,0.097,,,,,,,,,,,,,3.73198,,
Greenland,Uganda,Import,  All Products,Import (US$ Thousand),,,,,,,,,,,,,8.867,,3.749,,,,0.16589,0.60507,0.56759,0.38482,0.84836,1.17401,0.91954
Greenland,Ukraine,Import,  All Products,Import (US$ Thousand),18.04,0.53,14.359,,5.057,12.055,,,,9.169,,,94.726,1.288,32.732,53.78307,53.59738,66.18971,130.91,196.96027,143.1511,122.30449,208.42736,198.71788,417.99626
Greenland,United Arab Emirates,Import,  All Products,Import (US$ Thousand),2.311,,,0.859,3.367,2.827,,,,12.585,,,45.792,52.184,24.735,53.35713,13.0536,20.11338,12.52758,51.84299,11.02887,46.71061,50.58591,63.91461,136.79274
Greenland,United Kingdom,Import,  All Products,Import (US$ Thousand),4640.264,5013.681,5663.962,4485.017,3667.778,3673.714,8.982,155.466,15.161,4391.584,393.125,179.281,4232.648,541.507,2711.757,2373.32767,3841.92573,4309.6685,2861.73083,3066.35161,3635.60236,4600.58103,4055.93805,5818.54336,6640.78672
Greenland,United States,Import,  All Products,Import (US$ Thousand),12842.204,10189.728,16751.632,11611.209,8401.809,8898.492,308.721,334.265,318.016,12142.787,2059.375,2472.461,15670.626,4329.01,13447.1,16913.82568,17439.07109,16485.94233,11661.31229,5878.2575,5678.4143,6735.34647,5741.17243,11881.38126,8354.18715
Greenland,United States Minor Outlying I,Import,  All Products,Import (US$ Thousand),,,,,,,,,,,,,,,,,,,,,,,0.08137,,
Greenland,Unspecified,Import,  All Products,Import (US$ Thousand),1196.149,1220.815,1491.382,1612.433,1775.049,2120.172,61419.369,60908.358,92509.793,43441.639,7294.056,67801.743,26126.53,24598.15,26048.376,35860.74202,38550.88688,75908.03982,731.76184,54357.20337,92400.96051,14968.39694,346.38704,635.36807,676.82053
Greenland,Uruguay,Import,  All Products,Import (US$ Thousand),1.321,,17.096,0.639,7.023,43.947,,,,186.48,,,120.647,130.18,314.632,248.77011,97.61613,111.46104,12.24564,53.64276,26.16925,76.6765,64.81856,18.57246,5.16135
Greenland,Uzbekistan,Import,  All Products,Import (US$ Thousand),0.64,8.814,29.179,11.964,1.693,6.979,,,,1.101,,,,,,,,,,,,,,,0.00034
Greenland,Venezuela,Import,  All Products,Import (US$ Thousand),,,,,,,,,,3.095,,,0.023,,,0.1129,0.12157,3.59797,2.84672,,0.09546,0.3777,1.03131,2.46947,3.9959
Greenland,Vietnam,Import,  All Products,Import (US$ Thousand),22.159,25.241,135.158,139.873,422.093,739.246,,,,739.37,,,575.486,83.637,252.161,393.81532,391.00978,651.40676,518.82448,447.09751,255.1594,356.20063,507.44199,396.99914,610.34559
Greenland,Yemen,Import,  All Products,Import (US$ Thousand),,,,,,,,,,,,,,,,,0.99579,,,,,,,,
Greenland,Zambia,Import,  All Products,Import (US$ Thousand),,,,,,,,,,,,,,,,0.01278,0.23028,1.59994,,,,,4.897,,
Greenland,Zimbabwe,Import,  All Products,Import (US$ Thousand),17.949,,,,,,,,,2.489,,,4.753,,1.102,0.21465,3.28614,1.65637,4.83644,4.16969,0.87689,1.60601,4.16519,2.47556,10.81687
